respondent_id,actor_category,VfV1,VfV2,VfV3,VfV4,VfV5,FCNC1,FCNC2,FCNC3,FCNC4,FCNC5,ID1,ID2,ID3,ID4,ID5,VfV_score,FCNC_score,ID_score,flag_straightline,total_score,flag_statistical_outlier,VfV_norm,FCNC_norm,ID_norm,MAS_actor,ECI_actor,GR_norm,NREI_actor,NREI_actor_cat5,NREI_actor_cat3
R0001,Investigator,3.0,3.0,4.0,3.0,3.0,3.0,3.0,2.0,3.0,2.0,2.0,,2.0,3.0,4.0,3.2,2.6,2.75,False,2.857142857142857,False,55.00000000000001,40.0,43.75,50.5,41.875,50.0,46.95,Moderate,Moderate
R0001,Judge,2.0,2.0,2.0,2.0,2.0,3.0,3.0,3.0,3.0,3.0,3.0,3.0,3.0,3.0,2.0,2.0,3.0,2.8,False,2.6,False,25.0,50.0,44.99999999999999,33.0,47.5,50.0,42.2,Moderate,Moderate
R0001,Advocate,3.0,3.0,3.0,4.0,2.0,3.0,3.0,4.0,4.0,4.0,3.0,4.0,4.0,3.0,4.0,3.0,3.6,3.6,False,3.4,False,50.0,65.0,65.0,56.0,65.0,50.0,58.400000000000006,Moderate,Moderate
R0001,CorrectionalOfficer,2.0,2.0,2.0,2.0,1.0,3.0,2.0,,2.0,2.0,3.0,3.0,3.0,3.0,3.0,1.8,2.25,3.0,False,2.357142857142857,False,20.0,31.25,50.0,32.0,40.625,50.0,39.05,Low,Low
R0002,Investigator,2.0,2.0,3.0,3.0,4.0,3.0,3.0,4.0,3.0,3.0,4.0,4.0,4.0,4.0,5.0,2.8,3.2,4.2,False,3.4,False,44.99999999999999,55.00000000000001,80.0,59.0,67.5,44.99999999999999,59.6,Moderate,Moderate
R0002,Prosecutor,4.0,,3.0,4.0,3.0,3.0,3.0,2.0,3.0,3.0,4.0,4.0,4.0,3.0,4.0,3.5,2.8,3.8,False,3.357142857142857,False,62.5,44.99999999999999,70.0,65.5,57.5,44.99999999999999,58.2,Moderate,Moderate
R0002,Judge,,3.0,3.0,3.0,4.0,2.0,3.0,,2.0,2.0,4.0,3.0,2.0,2.0,,3.25,2.25,2.75,False,2.75,False,56.25,31.25,43.75,51.25,37.5,44.99999999999999,44.5,Moderate,Moderate
R0002,Advocate,2.0,2.0,2.0,3.0,2.0,2.0,3.0,2.0,2.0,2.0,3.0,3.0,3.0,3.0,3.0,2.2,2.2,3.0,False,2.466666666666667,False,30.000000000000004,30.000000000000004,50.0,38.0,40.0,44.99999999999999,40.2,Moderate,Moderate
R0002,CorrectionalOfficer,1.0,2.0,3.0,2.0,2.0,3.0,4.0,3.0,2.0,2.0,2.0,2.0,3.0,3.0,3.0,2.0,2.8,2.6,False,2.466666666666667,False,25.0,44.99999999999999,40.0,31.0,42.5,44.99999999999999,38.4,Low,Low
R0003,Investigator,1.0,2.0,1.0,1.0,1.0,2.0,2.0,2.0,2.0,2.0,1.0,1.0,2.0,1.0,3.0,1.2,2.0,1.6,False,1.6,False,4.999999999999999,25.0,15.000000000000002,9.0,20.0,20.0,15.6,Very Low,Low
R0003,Prosecutor,4.0,3.0,2.0,3.0,3.0,3.0,1.0,3.0,2.0,3.0,3.0,2.0,2.0,2.0,3.0,3.0,2.4,2.4,False,2.6,False,50.0,35.0,35.0,44.0,35.0,20.0,35.6,Low,Low
R0003,Judge,1.0,2.0,2.0,2.0,2.0,3.0,2.0,3.0,3.0,2.0,3.0,2.0,2.0,1.0,2.0,1.8,2.6,2.0,False,2.1333333333333333,False,20.0,40.0,25.0,22.0,32.5,20.0,25.8,Low,Low
R0003,Advocate,4.0,4.0,3.0,4.0,4.0,2.0,3.0,2.0,2.0,2.0,3.0,4.0,4.0,3.0,3.0,3.8,2.2,3.4,False,3.1333333333333333,False,70.0,30.000000000000004,60.0,66.0,45.0,20.0,48.400000000000006,Moderate,Moderate
R0003,CorrectionalOfficer,2.0,1.0,2.0,2.0,1.0,3.0,2.0,2.0,2.0,2.0,,2.0,3.0,2.0,2.0,1.6,2.2,2.25,False,2.0,False,15.000000000000002,30.000000000000004,31.25,21.5,30.625,20.0,24.85,Low,Low
R0004,Investigator,3.0,3.0,3.0,3.0,3.0,4.0,3.0,3.0,4.0,2.0,3.0,3.0,2.0,3.0,3.0,3.0,3.2,2.8,False,3.0,False,50.0,55.00000000000001,44.99999999999999,48.0,50.0,60.0,51.2,Moderate,Moderate
R0004,Prosecutor,4.0,4.0,4.0,3.0,4.0,3.0,4.0,2.0,2.0,3.0,4.0,4.0,4.0,4.0,4.0,3.8,2.8,4.0,False,3.533333333333333,False,70.0,44.99999999999999,75.0,72.0,60.0,60.0,64.8,High,High
R0004,Judge,3.0,4.0,3.0,3.0,2.0,4.0,3.0,4.0,4.0,4.0,3.0,3.0,4.0,3.0,4.0,3.0,3.8,3.4,False,3.4,False,50.0,70.0,60.0,54.0,65.0,60.0,59.6,Moderate,Moderate
R0004,Advocate,3.0,2.0,3.0,2.0,2.0,4.0,4.0,4.0,4.0,4.0,3.0,3.0,4.0,4.0,3.0,2.4,4.0,3.4,False,3.2666666666666666,False,35.0,75.0,60.0,45.0,67.5,60.0,57.0,Moderate,Moderate
R0004,CorrectionalOfficer,4.0,4.0,4.0,4.0,4.0,3.0,2.0,2.0,2.0,3.0,4.0,4.0,4.0,4.0,5.0,4.0,2.4,4.2,False,3.533333333333333,False,75.0,35.0,80.0,77.0,57.5,60.0,65.8,High,High
R0005,Investigator,2.0,3.0,2.0,1.0,2.0,3.0,2.0,1.0,1.0,2.0,2.0,2.0,2.0,2.0,2.0,2.0,1.8,2.0,False,1.9333333333333331,False,25.0,20.0,25.0,25.0,22.5,20.0,23.0,Low,Low
R0005,Prosecutor,3.0,2.0,3.0,2.0,2.0,4.0,3.0,3.0,2.0,3.0,3.0,4.0,3.0,4.0,4.0,2.4,3.0,3.6,False,3.0,False,35.0,50.0,65.0,47.0,57.5,20.0,45.8,Moderate,Moderate
R0005,Judge,3.0,3.0,4.0,4.0,3.0,4.0,5.0,4.0,4.0,4.0,5.0,5.0,4.0,4.0,4.0,3.4,4.2,4.4,False,4.0,False,60.0,80.0,85.00000000000001,70.0,82.5,20.0,65.0,High,High
R0005,Advocate,2.0,,3.0,1.0,2.0,2.0,3.0,2.0,2.0,3.0,2.0,2.0,2.0,2.0,2.0,2.0,2.4,2.0,False,2.142857142857143,False,25.0,35.0,25.0,25.0,30.0,20.0,26.0,Low,Low
R0005,CorrectionalOfficer,3.0,3.0,2.0,3.0,3.0,3.0,3.0,4.0,3.0,3.0,3.0,3.0,3.0,4.0,4.0,2.8,3.2,3.4,False,3.1333333333333333,False,44.99999999999999,55.00000000000001,60.0,51.0,57.5,20.0,47.400000000000006,Moderate,Moderate
R0006,Investigator,2.0,1.0,1.0,2.0,1.0,2.0,1.0,2.0,1.0,2.0,2.0,1.0,2.0,2.0,1.0,1.4,1.6,1.6,False,1.5333333333333334,False,9.999999999999998,15.000000000000002,15.000000000000002,12.0,15.000000000000002,25.0,15.8,Very Low,Low
R0006,Prosecutor,3.0,3.0,3.0,4.0,3.0,3.0,3.0,2.0,2.0,3.0,3.0,3.0,3.0,3.0,3.0,3.2,2.6,3.0,False,2.933333333333333,False,55.00000000000001,40.0,50.0,53.0,45.0,25.0,44.2,Moderate,Moderate
R0006,Judge,1.0,1.0,1.0,1.0,1.0,1.0,1.0,1.0,1.0,2.0,1.0,,3.0,2.0,1.0,1.0,1.2,1.75,False,1.2857142857142858,False,0.0,4.999999999999999,18.75,7.5,11.875,25.0,12.75,Very Low,Low
R0006,Advocate,2.0,2.0,3.0,2.0,2.0,3.0,2.0,3.0,2.0,3.0,3.0,2.0,2.0,2.0,3.0,2.2,2.6,2.4,False,2.4,False,30.000000000000004,40.0,35.0,32.0,37.5,25.0,32.8,Low,Low
R0006,CorrectionalOfficer,3.0,3.0,3.0,2.0,3.0,2.0,3.0,3.0,3.0,2.0,3.0,3.0,2.0,3.0,3.0,2.8,2.6,2.8,False,2.7333333333333334,False,44.99999999999999,40.0,44.99999999999999,44.99999999999999,42.5,25.0,40.0,Low,Low
R0007,Investigator,3.0,2.0,3.0,3.0,3.0,4.0,1.0,1.0,2.0,2.0,2.0,2.0,3.0,2.0,1.0,2.8,2.0,2.0,False,2.2666666666666666,False,44.99999999999999,25.0,25.0,37.0,25.0,55.00000000000001,35.800000000000004,Low,Low
R0007,Prosecutor,3.0,3.0,3.0,4.0,4.0,3.0,2.0,3.0,2.0,3.0,4.0,3.0,4.0,4.0,4.0,3.4,2.6,3.8,False,3.2666666666666666,False,60.0,40.0,70.0,64.0,55.0,55.00000000000001,58.6,Moderate,Moderate
R0007,Judge,3.0,4.0,4.0,4.0,4.0,3.0,3.0,4.0,3.0,3.0,3.0,3.0,3.0,2.0,3.0,3.8,3.2,2.8,False,3.2666666666666666,False,70.0,55.00000000000001,44.99999999999999,60.0,50.0,55.00000000000001,55.0,Moderate,Moderate
R0007,Advocate,,2.0,2.0,2.0,2.0,1.0,1.0,1.0,1.0,1.0,2.0,1.0,1.0,1.0,1.0,2.0,1.0,1.2,False,1.3571428571428572,False,25.0,0.0,4.999999999999999,17.0,2.4999999999999996,55.00000000000001,18.800000000000004,Very Low,Low
R0007,CorrectionalOfficer,2.0,3.0,,3.0,3.0,4.0,4.0,3.0,2.0,3.0,3.0,3.0,2.0,3.0,3.0,2.75,3.2,2.8,False,2.9285714285714284,False,43.75,55.00000000000001,44.99999999999999,44.25,50.0,55.00000000000001,48.7,Moderate,Moderate
R0008,Investigator,3.0,4.0,4.0,3.0,3.0,5.0,3.0,3.0,4.0,4.0,3.0,3.0,3.0,3.0,2.0,3.4,3.8,2.8,False,3.333333333333333,False,60.0,70.0,44.99999999999999,54.0,57.5,43.75,53.35,Moderate,Moderate
R0008,Prosecutor,3.0,3.0,4.0,3.0,4.0,2.0,3.0,3.0,4.0,2.0,4.0,4.0,4.0,3.0,4.0,3.4,2.8,3.8,False,3.333333333333333,False,60.0,44.99999999999999,70.0,64.0,57.5,43.75,57.35,Moderate,Moderate
R0008,Judge,3.0,3.0,3.0,3.0,3.0,4.0,4.0,3.0,4.0,3.0,5.0,4.0,4.0,5.0,4.0,3.0,3.6,4.4,False,3.6666666666666665,False,50.0,65.0,85.00000000000001,64.0,75.0,43.75,64.35,High,High
R0008,Advocate,,3.0,3.0,3.0,4.0,4.0,2.0,3.0,3.0,2.0,3.0,3.0,3.0,3.0,3.0,3.25,2.8,3.0,False,3.0,False,56.25,44.99999999999999,50.0,53.75,47.5,43.75,49.25,Moderate,Moderate
R0008,CorrectionalOfficer,4.0,4.0,4.0,5.0,3.0,3.0,4.0,3.0,2.0,,2.0,3.0,2.0,3.0,2.0,4.0,3.0,2.4,False,3.142857142857143,False,75.0,50.0,35.0,59.0,42.5,43.75,49.35,Moderate,Moderate
R0009,Investigator,3.0,4.0,3.0,4.0,4.0,4.0,3.0,3.0,3.0,4.0,4.0,5.0,5.0,5.0,5.0,3.6,3.4,4.8,False,3.933333333333333,False,65.0,60.0,95.0,77.0,77.5,30.000000000000004,67.8,High,High
R0009,Prosecutor,4.0,3.0,5.0,4.0,5.0,4.0,3.0,4.0,4.0,3.0,4.0,4.0,4.0,4.0,4.0,4.2,3.6,4.0,False,3.933333333333333,False,80.0,65.0,75.0,78.0,70.0,30.000000000000004,65.2,High,High
R0009,Judge,3.0,3.0,3.0,4.0,3.0,3.0,3.0,3.0,3.0,3.0,3.0,1.0,3.0,2.0,3.0,3.2,3.0,2.4,False,2.8666666666666667,False,55.00000000000001,50.0,35.0,47.0,42.5,30.000000000000004,41.8,Moderate,Moderate
R0009,Advocate,4.0,5.0,4.0,4.0,5.0,,3.0,3.0,5.0,4.0,2.0,3.0,2.0,3.0,3.0,4.4,3.75,2.6,False,3.571428571428572,False,85.00000000000001,68.75,40.0,67.0,54.375,30.000000000000004,54.55,Moderate,Moderate
R0009,CorrectionalOfficer,2.0,2.0,2.0,2.0,3.0,3.0,2.0,3.0,4.0,3.0,4.0,3.0,3.0,3.0,3.0,2.2,3.0,3.2,False,2.8,False,30.000000000000004,50.0,55.00000000000001,40.0,52.5,30.000000000000004,43.0,Moderate,Moderate
R0010,Investigator,3.0,3.0,3.0,3.0,3.0,2.0,3.0,2.0,4.0,3.0,4.0,3.0,3.0,4.0,4.0,3.0,2.8,3.6,False,3.1333333333333333,False,50.0,44.99999999999999,65.0,56.0,55.0,25.0,49.400000000000006,Moderate,Moderate
R0010,Prosecutor,3.0,3.0,3.0,3.0,3.0,3.0,3.0,2.0,2.0,2.0,2.0,2.0,2.0,2.0,3.0,3.0,2.4,2.2,False,2.533333333333333,False,50.0,35.0,30.000000000000004,42.0,32.5,25.0,34.8,Low,Low
R0010,Judge,3.0,2.0,3.0,,3.0,3.0,3.0,3.0,3.0,3.0,3.0,1.0,3.0,2.0,3.0,2.75,3.0,2.4,False,2.7142857142857144,False,43.75,50.0,35.0,40.25,42.5,25.0,38.1,Low,Low
R0010,Advocate,4.0,2.0,3.0,3.0,3.0,4.0,3.0,3.0,4.0,4.0,3.0,3.0,2.0,,3.0,3.0,3.6,2.75,False,3.142857142857143,False,50.0,65.0,43.75,47.5,54.375,25.0,45.75,Moderate,Moderate
R0010,CorrectionalOfficer,3.0,2.0,2.0,3.0,3.0,4.0,5.0,4.0,4.0,4.0,3.0,4.0,4.0,4.0,4.0,2.6,4.2,3.8,False,3.533333333333333,False,40.0,80.0,70.0,52.0,75.0,25.0,55.8,Moderate,Moderate
R0011,Investigator,4.0,4.0,4.0,4.0,3.0,1.0,3.0,3.0,3.0,2.0,5.0,4.0,5.0,5.0,5.0,3.8,2.4,4.8,False,3.6666666666666665,False,70.0,35.0,95.0,80.0,65.0,87.5,75.5,High,High
R0011,Prosecutor,5.0,5.0,5.0,5.0,4.0,4.0,4.0,4.0,4.0,4.0,5.0,5.0,5.0,4.0,5.0,4.8,4.0,4.8,False,4.533333333333333,False,95.0,75.0,95.0,95.0,85.0,87.5,89.5,Very High,High
R0011,Judge,5.0,4.0,4.0,4.0,5.0,4.0,4.0,5.0,3.0,4.0,5.0,4.0,5.0,5.0,5.0,4.4,4.0,4.8,False,4.4,False,85.00000000000001,75.0,95.0,89.0,85.0,87.5,87.1,Very High,High
R0011,Advocate,5.0,,5.0,5.0,5.0,4.0,5.0,5.0,5.0,5.0,5.0,5.0,5.0,5.0,5.0,5.0,4.8,5.0,True,4.928571428571429,False,100.0,95.0,100.0,100.0,97.5,87.5,96.5,Very High,High
R0011,CorrectionalOfficer,3.0,4.0,3.0,3.0,3.0,3.0,3.0,4.0,2.0,4.0,2.0,3.0,3.0,3.0,4.0,3.2,3.2,3.0,False,3.1333333333333333,False,55.00000000000001,55.00000000000001,50.0,53.0,52.5,87.5,59.7,Moderate,Moderate
R0012,Investigator,1.0,3.0,2.0,,2.0,3.0,3.0,3.0,4.0,3.0,3.0,2.0,3.0,3.0,3.0,2.0,3.2,2.8,False,2.7142857142857144,False,25.0,55.00000000000001,44.99999999999999,33.0,50.0,25.0,38.2,Low,Low
R0012,Prosecutor,4.0,4.0,4.0,4.0,5.0,3.0,3.0,3.0,1.0,2.0,3.0,4.0,3.0,3.0,3.0,4.2,2.4,3.2,False,3.2666666666666666,False,80.0,35.0,55.00000000000001,70.0,45.0,25.0,51.0,Moderate,Moderate
R0012,Judge,3.0,3.0,3.0,3.0,2.0,2.0,3.0,2.0,3.0,3.0,2.0,2.0,2.0,2.0,2.0,2.8,2.6,2.0,False,2.466666666666667,False,44.99999999999999,40.0,25.0,37.0,32.5,25.0,32.8,Low,Low
R0012,Advocate,4.0,4.0,3.0,4.0,,3.0,3.0,3.0,4.0,3.0,3.0,2.0,3.0,4.0,3.0,3.75,3.2,3.0,False,3.2857142857142856,False,68.75,55.00000000000001,50.0,61.25,52.5,25.0,50.5,Moderate,Moderate
R0012,CorrectionalOfficer,3.0,2.0,2.0,2.0,1.0,3.0,2.0,2.0,3.0,2.0,2.0,2.0,2.0,1.0,1.0,2.0,2.4,1.6,False,2.0,False,25.0,35.0,15.000000000000002,21.0,25.0,25.0,23.4,Low,Low
R0013,Investigator,4.0,4.0,4.0,4.0,4.0,4.0,3.0,4.0,4.0,3.0,2.0,2.0,2.0,3.0,3.0,4.0,3.6,2.4,False,3.333333333333333,False,75.0,65.0,35.0,59.0,50.0,75.0,58.6,Moderate,Moderate
R0013,Prosecutor,2.0,2.0,3.0,2.0,3.0,2.0,,3.0,2.0,3.0,3.0,3.0,3.0,3.0,3.0,2.4,2.5,3.0,False,2.642857142857143,False,35.0,37.5,50.0,41.0,43.75,75.0,48.900000000000006,Moderate,Moderate
R0013,Judge,2.0,3.0,2.0,2.0,3.0,5.0,3.0,5.0,3.0,5.0,2.0,2.0,1.0,3.0,3.0,2.4,4.2,2.2,False,2.933333333333333,False,35.0,80.0,30.000000000000004,33.0,55.0,75.0,50.2,Moderate,Moderate
R0013,Advocate,4.0,4.0,4.0,4.0,3.0,2.0,4.0,3.0,3.0,3.0,1.0,1.0,2.0,2.0,2.0,3.8,3.0,1.6,False,2.8,False,70.0,50.0,15.000000000000002,48.0,32.5,75.0,47.2,Moderate,Moderate
R0013,CorrectionalOfficer,4.0,,2.0,4.0,3.0,3.0,3.0,3.0,3.0,4.0,3.0,3.0,3.0,3.0,2.0,3.25,3.2,2.8,False,3.071428571428572,False,56.25,55.00000000000001,44.99999999999999,51.75,50.0,75.0,55.7,Moderate,Moderate
R0014,Investigator,2.0,3.0,2.0,3.0,3.0,3.0,,4.0,2.0,4.0,2.0,2.0,1.0,2.0,2.0,2.6,3.25,1.8,False,2.5,False,40.0,56.25,20.0,32.0,38.125,44.99999999999999,37.05,Low,Low
R0014,Judge,4.0,3.0,3.0,4.0,3.0,3.0,3.0,3.0,3.0,3.0,2.0,3.0,3.0,4.0,3.0,3.4,3.0,3.0,False,3.1333333333333333,False,60.0,50.0,50.0,56.0,50.0,44.99999999999999,51.400000000000006,Moderate,Moderate
R0014,CorrectionalOfficer,4.0,4.0,3.0,3.0,4.0,2.0,4.0,3.0,4.0,3.0,2.0,2.0,3.0,3.0,3.0,3.6,3.2,2.6,False,3.1333333333333333,False,65.0,55.00000000000001,40.0,55.0,47.5,44.99999999999999,50.0,Moderate,Moderate
R0015,Investigator,2.0,3.0,2.0,3.0,3.0,2.0,2.0,2.0,2.0,2.0,3.0,3.0,2.0,2.0,3.0,2.6,2.0,2.6,False,2.4,False,40.0,25.0,40.0,40.0,32.5,85.00000000000001,46.0,Moderate,Moderate
R0015,Prosecutor,4.0,4.0,4.0,4.0,4.0,3.0,3.0,2.0,3.0,3.0,2.0,3.0,2.0,2.0,2.0,4.0,2.8,2.2,False,3.0,False,75.0,44.99999999999999,30.000000000000004,57.0,37.5,85.00000000000001,54.8,Moderate,Moderate
R0015,Judge,2.0,2.0,3.0,3.0,2.0,3.0,5.0,3.0,3.0,3.0,3.0,3.0,2.0,,3.0,2.4,3.4,2.75,False,2.857142857142857,False,35.0,60.0,43.75,38.5,51.875,85.00000000000001,53.150000000000006,Moderate,Moderate
R0015,CorrectionalOfficer,4.0,2.0,3.0,3.0,3.0,2.0,3.0,2.0,2.0,2.0,2.0,3.0,4.0,4.0,3.0,3.0,2.2,3.2,False,2.8,False,50.0,30.000000000000004,55.00000000000001,52.0,42.50000000000001,85.00000000000001,54.80000000000001,Moderate,Moderate
R0016,Investigator,5.0,5.0,5.0,5.0,5.0,5.0,5.0,5.0,5.0,5.0,5.0,5.0,5.0,5.0,5.0,5.0,5.0,5.0,True,5.0,False,100.0,100.0,100.0,100.0,100.0,65.0,93.0,Very High,High
R0016,Judge,4.0,4.0,4.0,4.0,4.0,4.0,4.0,5.0,4.0,5.0,5.0,4.0,5.0,5.0,,4.0,4.4,4.75,False,4.357142857142857,False,75.0,85.00000000000001,93.75,82.5,89.375,65.0,81.75,Very High,High
R0016,Advocate,5.0,4.0,5.0,5.0,5.0,4.0,5.0,4.0,5.0,5.0,5.0,4.0,5.0,4.0,5.0,4.8,4.6,4.6,False,4.666666666666667,False,95.0,89.99999999999999,89.99999999999999,93.0,89.99999999999999,65.0,86.19999999999999,Very High,High
R0016,CorrectionalOfficer,5.0,5.0,5.0,5.0,5.0,5.0,5.0,,5.0,5.0,5.0,5.0,5.0,5.0,5.0,5.0,5.0,5.0,True,5.0,False,100.0,100.0,100.0,100.0,100.0,65.0,93.0,Very High,High
R0017,Investigator,2.0,2.0,2.0,2.0,4.0,3.0,3.0,3.0,3.0,2.0,4.0,4.0,4.0,3.0,3.0,2.4,2.8,3.6,False,2.933333333333333,False,35.0,44.99999999999999,65.0,47.0,55.0,65.0,53.8,Moderate,Moderate
R0017,Prosecutor,3.0,3.0,3.0,3.0,3.0,4.0,3.0,3.0,4.0,3.0,3.0,3.0,3.0,2.0,3.0,3.0,3.4,2.8,False,3.066666666666667,False,50.0,60.0,44.99999999999999,48.0,52.5,65.0,53.2,Moderate,Moderate
R0017,Judge,2.0,2.0,,2.0,2.0,3.0,4.0,3.0,3.0,3.0,3.0,2.0,3.0,3.0,4.0,2.0,3.2,3.0,False,2.7857142857142856,False,25.0,55.00000000000001,50.0,35.0,52.5,65.0,48.0,Moderate,Moderate
R0017,Advocate,2.0,2.0,1.0,2.0,2.0,3.0,3.0,3.0,3.0,4.0,2.0,3.0,3.0,3.0,4.0,1.8,3.2,3.0,False,2.6666666666666665,False,20.0,55.00000000000001,50.0,32.0,52.5,65.0,46.8,Moderate,Moderate
R0017,CorrectionalOfficer,2.0,2.0,1.0,2.0,2.0,2.0,1.0,3.0,2.0,2.0,2.0,3.0,3.0,4.0,4.0,1.8,2.0,3.2,False,2.333333333333333,False,20.0,25.0,55.00000000000001,34.0,40.0,65.0,42.6,Moderate,Moderate
R0018,Investigator,4.0,4.0,4.0,4.0,4.0,5.0,5.0,5.0,5.0,5.0,3.0,4.0,4.0,4.0,4.0,4.0,5.0,3.8,False,4.266666666666667,False,75.0,100.0,70.0,73.0,85.0,25.0,68.2,High,High
R0018,Prosecutor,5.0,5.0,5.0,5.0,5.0,,4.0,4.0,5.0,,3.0,4.0,3.0,3.0,3.0,5.0,,3.2,False,4.153846153846154,False,100.0,,55.00000000000001,82.0,,25.0,,,
R0018,Judge,4.0,5.0,5.0,4.0,5.0,,4.0,3.0,3.0,3.0,5.0,5.0,5.0,5.0,4.0,4.6,3.25,4.8,False,4.285714285714286,False,89.99999999999999,56.25,95.0,92.0,75.625,25.0,72.05000000000001,High,High
R0018,CorrectionalOfficer,2.0,3.0,3.0,3.0,3.0,4.0,4.0,4.0,3.0,3.0,3.0,5.0,3.0,3.0,4.0,2.8,3.6,3.6,False,3.333333333333333,False,44.99999999999999,65.0,65.0,53.0,65.0,25.0,52.2,Moderate,Moderate
R0019,Investigator,4.0,4.0,3.0,4.0,3.0,5.0,3.0,3.0,4.0,4.0,3.0,4.0,4.0,3.0,3.0,3.6,3.8,3.4,False,3.6,False,65.0,70.0,60.0,63.0,65.0,68.75,64.95,High,High
R0019,Prosecutor,5.0,4.0,4.0,4.0,4.0,4.0,,4.0,4.0,5.0,5.0,,5.0,4.0,4.0,4.2,4.25,4.5,False,4.307692307692308,False,80.0,81.25,87.5,83.0,84.375,68.75,80.7,Very High,High
R0019,Judge,3.0,3.0,4.0,4.0,4.0,4.0,5.0,4.0,4.0,5.0,3.0,3.0,3.0,3.0,4.0,3.6,4.4,3.2,False,3.733333333333333,False,65.0,85.00000000000001,55.00000000000001,61.0,70.00000000000001,68.75,66.15,High,High
R0019,Advocate,3.0,4.0,3.0,5.0,3.0,4.0,4.0,5.0,4.0,4.0,5.0,5.0,5.0,4.0,5.0,3.6,4.2,4.8,False,4.2,False,65.0,80.0,95.0,77.0,87.5,68.75,79.55,High,High
R0019,CorrectionalOfficer,4.0,5.0,4.0,4.0,4.0,5.0,5.0,4.0,5.0,5.0,4.0,4.0,4.0,4.0,4.0,4.2,4.8,4.0,False,4.333333333333333,False,80.0,95.0,75.0,78.0,85.0,68.75,78.95,High,High
R0020,Investigator,4.0,3.0,2.0,3.0,3.0,2.0,3.0,3.0,3.0,3.0,4.0,3.0,3.0,3.0,3.0,3.0,2.8,3.2,False,3.0,False,50.0,44.99999999999999,55.00000000000001,52.0,50.0,60.0,52.8,Moderate,Moderate
R0020,Prosecutor,3.0,4.0,4.0,4.0,3.0,4.0,4.0,4.0,4.0,4.0,3.0,3.0,3.0,4.0,3.0,3.6,4.0,3.2,False,3.6,False,65.0,75.0,55.00000000000001,61.0,65.0,60.0,62.400000000000006,High,High
R0020,Judge,3.0,4.0,5.0,3.0,3.0,3.0,4.0,3.0,3.0,2.0,3.0,2.0,4.0,3.0,3.0,3.6,3.0,3.0,False,3.2,False,65.0,50.0,50.0,59.0,50.0,60.0,55.6,Moderate,Moderate
R0020,CorrectionalOfficer,5.0,3.0,4.0,,4.0,5.0,5.0,5.0,5.0,5.0,4.0,4.0,4.0,4.0,2.0,4.0,5.0,3.6,False,4.214285714285714,False,75.0,100.0,65.0,71.0,82.5,60.0,73.4,High,High
R0021,Investigator,3.0,2.0,3.0,2.0,2.0,2.0,2.0,2.0,2.0,3.0,3.0,2.0,3.0,3.0,3.0,2.4,2.2,2.8,False,2.466666666666667,False,35.0,30.000000000000004,44.99999999999999,39.0,37.5,89.99999999999999,48.599999999999994,Moderate,Moderate
R0021,Prosecutor,2.0,3.0,2.0,2.0,3.0,3.0,4.0,4.0,3.0,3.0,2.0,2.0,1.0,2.0,3.0,2.4,3.4,2.0,False,2.6,False,35.0,60.0,25.0,31.0,42.5,89.99999999999999,47.39999999999999,Moderate,Moderate
R0021,Judge,1.0,2.0,1.0,1.0,2.0,2.0,2.0,2.0,2.0,1.0,1.0,1.0,1.0,1.0,1.0,1.4,1.8,1.0,False,1.4,False,9.999999999999998,20.0,0.0,5.999999999999999,10.0,89.99999999999999,24.4,Low,Low
R0021,CorrectionalOfficer,,2.0,1.0,1.0,1.0,2.0,3.0,3.0,2.0,3.0,3.0,3.0,3.0,2.0,3.0,1.25,2.6,2.8,False,2.2857142857142856,False,6.25,40.0,44.99999999999999,21.749999999999996,42.5,89.99999999999999,43.699999999999996,Moderate,Moderate
R0022,Investigator,3.0,3.0,3.0,3.0,3.0,1.0,1.0,3.0,2.0,1.0,3.0,3.0,3.0,3.0,3.0,3.0,1.6,3.0,False,2.533333333333333,False,50.0,15.000000000000002,50.0,50.0,32.5,40.0,41.0,Moderate,Moderate
R0022,Prosecutor,3.0,3.0,3.0,3.0,3.0,2.0,2.0,3.0,3.0,3.0,2.0,1.0,2.0,1.0,1.0,3.0,2.6,1.4,False,2.333333333333333,False,50.0,40.0,9.999999999999998,34.0,25.0,40.0,31.6,Low,Low
R0022,Judge,2.0,2.0,1.0,2.0,1.0,2.0,1.0,1.0,2.0,1.0,3.0,3.0,2.0,3.0,3.0,1.6,1.4,2.8,False,1.9333333333333331,False,15.000000000000002,9.999999999999998,44.99999999999999,26.999999999999996,27.499999999999996,40.0,29.799999999999997,Low,Low
R0022,CorrectionalOfficer,2.0,1.0,1.0,,1.0,2.0,3.0,3.0,3.0,,3.0,3.0,3.0,4.0,4.0,1.25,2.75,3.4,False,2.5384615384615383,False,6.25,43.75,60.0,27.75,51.875,40.0,39.85,Low,Low
R0023,Investigator,3.0,3.0,4.0,3.0,4.0,3.0,2.0,2.0,2.0,2.0,3.0,2.0,2.0,2.0,3.0,3.4,2.2,2.4,False,2.6666666666666665,False,60.0,30.000000000000004,35.0,50.0,32.5,20.0,37.0,Low,Low
R0023,Prosecutor,2.0,3.0,3.0,3.0,1.0,1.0,2.0,2.0,2.0,1.0,3.0,3.0,3.0,3.0,3.0,2.4,1.6,3.0,False,2.333333333333333,False,35.0,15.000000000000002,50.0,41.0,32.5,20.0,33.400000000000006,Low,Low
R0023,Judge,4.0,4.0,3.0,5.0,4.0,4.0,3.0,,4.0,3.0,,3.0,2.0,3.0,2.0,4.0,3.5,2.5,False,3.3846153846153846,False,75.0,62.5,37.5,60.0,50.0,20.0,48.0,Moderate,Moderate
R0023,Advocate,5.0,4.0,4.0,5.0,5.0,5.0,4.0,5.0,4.0,4.0,5.0,4.0,4.0,4.0,4.0,4.6,4.4,4.2,False,4.4,False,89.99999999999999,85.00000000000001,80.0,86.0,82.5,20.0,71.4,High,High
R0023,CorrectionalOfficer,4.0,4.0,4.0,5.0,4.0,4.0,4.0,3.0,,4.0,4.0,3.0,4.0,4.0,4.0,4.2,3.75,3.8,False,3.928571428571429,False,80.0,68.75,70.0,76.0,69.375,20.0,62.150000000000006,High,High
R0024,Investigator,2.0,3.0,1.0,2.0,2.0,1.0,1.0,1.0,1.0,1.0,2.0,2.0,2.0,2.0,2.0,2.0,1.0,2.0,False,1.6666666666666667,False,25.0,0.0,25.0,25.0,12.5,35.0,22.0,Low,Low
R0024,Prosecutor,3.0,2.0,3.0,3.0,2.0,1.0,2.0,2.0,2.0,2.0,3.0,2.0,2.0,2.0,,2.6,1.8,2.25,False,2.2142857142857144,False,40.0,20.0,31.25,36.5,25.625,35.0,31.85,Low,Low
R0024,Judge,2.0,1.0,2.0,2.0,1.0,2.0,1.0,1.0,2.0,1.0,3.0,2.0,3.0,3.0,3.0,1.6,1.4,2.8,False,1.9333333333333331,False,15.000000000000002,9.999999999999998,44.99999999999999,26.999999999999996,27.499999999999996,35.0,28.799999999999997,Low,Low
R0024,CorrectionalOfficer,2.0,3.0,3.0,3.0,3.0,3.0,2.0,,3.0,3.0,3.0,3.0,3.0,3.0,4.0,2.8,2.75,3.2,False,2.9285714285714284,False,44.99999999999999,43.75,55.00000000000001,49.0,49.375,35.0,46.35,Moderate,Moderate
R0025,Investigator,4.0,2.0,2.0,3.0,4.0,3.0,4.0,4.0,3.0,4.0,2.0,2.0,2.0,2.0,3.0,3.0,3.6,2.2,False,2.933333333333333,False,50.0,65.0,30.000000000000004,42.0,47.5,56.25,47.05,Moderate,Moderate
R0025,Prosecutor,1.0,,2.0,1.0,1.0,3.0,3.0,2.0,2.0,3.0,2.0,2.0,1.0,2.0,1.0,1.25,2.6,1.6,False,1.8571428571428568,False,6.25,40.0,15.000000000000002,9.75,27.5,56.25,26.15,Low,Low
R0025,Judge,3.0,2.0,4.0,2.0,3.0,3.0,3.0,3.0,3.0,3.0,2.0,3.0,2.0,3.0,2.0,2.8,3.0,2.4,False,2.7333333333333334,False,44.99999999999999,50.0,35.0,41.0,42.5,56.25,44.650000000000006,Moderate,Moderate
R0025,Advocate,3.0,2.0,3.0,1.0,2.0,3.0,3.0,4.0,3.0,3.0,3.0,3.0,3.0,3.0,3.0,2.2,3.2,3.0,False,2.8,False,30.000000000000004,55.00000000000001,50.0,38.0,52.5,56.25,47.45,Moderate,Moderate
R0025,CorrectionalOfficer,,2.0,3.0,2.0,2.0,2.0,1.0,2.0,1.0,1.0,2.0,2.0,1.0,1.0,1.0,2.25,1.4,1.4,False,1.6428571428571428,False,31.25,9.999999999999998,9.999999999999998,22.75,9.999999999999998,56.25,24.35,Low,Low
R0026,Investigator,3.0,3.0,3.0,3.0,3.0,4.0,,3.0,2.0,2.0,3.0,3.0,3.0,3.0,3.0,3.0,2.75,3.0,False,2.9285714285714284,False,50.0,43.75,50.0,50.0,46.875,55.00000000000001,49.75,Moderate,Moderate
R0026,Judge,2.0,4.0,3.0,3.0,2.0,2.0,3.0,2.0,2.0,2.0,2.0,3.0,2.0,2.0,3.0,2.8,2.2,2.4,False,2.466666666666667,False,44.99999999999999,30.000000000000004,35.0,41.0,32.5,55.00000000000001,40.400000000000006,Moderate,Moderate
R0026,Advocate,2.0,4.0,3.0,2.0,5.0,4.0,,4.0,,4.0,4.0,2.0,3.0,2.0,3.0,3.2,,2.8,False,3.230769230769231,False,55.00000000000001,,44.99999999999999,51.0,,55.00000000000001,,,
R0026,CorrectionalOfficer,2.0,3.0,2.0,3.0,3.0,5.0,4.0,4.0,4.0,3.0,3.0,3.0,3.0,2.0,3.0,2.6,4.0,2.8,False,3.1333333333333333,False,40.0,75.0,44.99999999999999,42.0,60.0,55.00000000000001,51.8,Moderate,Moderate
R0027,Investigator,4.0,4.0,4.0,3.0,3.0,,5.0,5.0,5.0,5.0,3.0,3.0,4.0,3.0,3.0,3.6,5.0,3.2,False,3.857142857142857,False,65.0,100.0,55.00000000000001,61.0,77.5,85.00000000000001,72.4,High,High
R0027,Prosecutor,,3.0,4.0,3.0,3.0,4.0,4.0,4.0,3.0,4.0,4.0,4.0,3.0,4.0,4.0,3.25,3.8,3.8,False,3.642857142857143,False,56.25,70.0,70.0,61.75,70.0,85.00000000000001,69.7,High,High
R0027,Judge,5.0,5.0,4.0,4.0,3.0,4.0,4.0,4.0,4.0,2.0,4.0,4.0,3.0,4.0,3.0,4.2,3.6,3.6,False,3.8,False,80.0,65.0,65.0,74.0,65.0,85.00000000000001,72.60000000000001,High,High
R0027,Advocate,4.0,4.0,4.0,4.0,4.0,4.0,3.0,5.0,3.0,3.0,3.0,4.0,2.0,3.0,3.0,4.0,3.6,3.0,False,3.533333333333333,False,75.0,65.0,50.0,65.0,57.5,85.00000000000001,66.0,High,High
R0027,CorrectionalOfficer,2.0,4.0,3.0,4.0,4.0,3.0,3.0,3.0,4.0,3.0,3.0,3.0,3.0,4.0,4.0,3.4,3.2,3.4,False,3.333333333333333,False,60.0,55.00000000000001,60.0,60.0,57.5,85.00000000000001,64.0,High,High
R0028,Investigator,3.0,3.0,1.0,2.0,2.0,2.0,2.0,2.0,3.0,1.0,2.0,3.0,3.0,4.0,2.0,2.2,2.0,2.8,False,2.333333333333333,False,30.000000000000004,25.0,44.99999999999999,36.0,35.0,25.0,33.4,Low,Low
R0028,Prosecutor,2.0,2.0,1.0,1.0,2.0,3.0,2.0,3.0,3.0,2.0,1.0,2.0,2.0,3.0,2.0,1.6,2.6,2.0,False,2.066666666666667,False,15.000000000000002,40.0,25.0,19.0,32.5,25.0,25.6,Low,Low
R0028,Judge,2.0,2.0,1.0,2.0,,1.0,2.0,2.0,2.0,2.0,2.0,3.0,2.0,2.0,2.0,1.75,1.8,2.2,False,1.9285714285714288,False,18.75,20.0,30.000000000000004,23.25,25.0,25.0,24.3,Low,Low
R0028,Advocate,3.0,2.0,3.0,3.0,3.0,3.0,3.0,4.0,3.0,2.0,4.0,3.0,3.0,4.0,4.0,2.8,3.0,3.6,False,3.1333333333333333,False,44.99999999999999,50.0,65.0,53.0,57.5,25.0,49.2,Moderate,Moderate
R0028,CorrectionalOfficer,2.0,2.0,2.0,2.0,3.0,1.0,1.0,2.0,2.0,2.0,2.0,3.0,1.0,3.0,2.0,2.2,1.6,2.2,False,2.0,False,30.000000000000004,15.000000000000002,30.000000000000004,30.0,22.500000000000004,25.0,26.0,Low,Low
R0029,Investigator,3.0,3.0,2.0,3.0,2.0,1.0,1.0,1.0,2.0,2.0,2.0,2.0,3.0,3.0,2.0,2.6,1.4,2.4,False,2.1333333333333333,False,40.0,9.999999999999998,35.0,38.0,22.5,80.0,40.2,Moderate,Moderate
R0029,Prosecutor,4.0,3.0,3.0,4.0,4.0,2.0,3.0,3.0,2.0,2.0,3.0,3.0,3.0,3.0,3.0,3.6,2.4,3.0,False,3.0,False,65.0,35.0,50.0,59.0,42.5,80.0,56.6,Moderate,Moderate
R0029,Judge,4.0,3.0,3.0,4.0,3.0,4.0,4.0,4.0,5.0,4.0,4.0,3.0,3.0,5.0,4.0,3.4,4.2,3.8,False,3.8,False,60.0,80.0,70.0,64.0,75.0,80.0,71.6,High,High
R0029,Advocate,3.0,3.0,3.0,2.0,2.0,4.0,4.0,4.0,3.0,4.0,3.0,3.0,3.0,4.0,3.0,2.6,3.8,3.2,False,3.2,False,40.0,70.0,55.00000000000001,46.0,62.5,80.0,59.400000000000006,Moderate,Moderate
R0029,CorrectionalOfficer,2.0,2.0,2.0,2.0,2.0,3.0,2.0,3.0,3.0,3.0,3.0,4.0,3.0,3.0,3.0,2.0,2.8,3.2,False,2.6666666666666665,False,25.0,44.99999999999999,55.00000000000001,37.0,50.0,80.0,50.8,Moderate,Moderate
R0030,Investigator,2.0,1.0,1.0,1.0,1.0,2.0,3.0,1.0,2.0,2.0,4.0,3.0,3.0,2.0,2.0,1.2,2.0,2.8,False,2.0,False,4.999999999999999,25.0,44.99999999999999,20.999999999999996,35.0,70.0,36.4,Low,Low
R0030,Prosecutor,1.0,,1.0,1.0,1.0,3.0,2.0,2.0,2.0,2.0,1.0,2.0,1.0,1.0,1.0,1.0,2.2,1.2,False,1.5,False,0.0,30.000000000000004,4.999999999999999,1.9999999999999998,17.5,70.0,21.8,Low,Low
R0030,Judge,3.0,2.0,2.0,2.0,3.0,2.0,1.0,3.0,3.0,3.0,2.0,2.0,2.0,3.0,3.0,2.4,2.4,2.4,False,2.4,False,35.0,35.0,35.0,35.0,35.0,70.0,42.0,Moderate,Moderate
R0030,CorrectionalOfficer,2.0,2.0,1.0,2.0,1.0,2.0,3.0,3.0,2.0,3.0,1.0,1.0,2.0,1.0,1.0,1.6,2.6,1.2,False,1.8,False,15.000000000000002,40.0,4.999999999999999,11.0,22.5,70.0,27.4,Low,Low
R0031,Investigator,3.0,,4.0,4.0,4.0,3.0,4.0,4.0,4.0,4.0,3.0,3.0,2.0,,3.0,3.75,3.8,2.75,False,3.4615384615384617,False,68.75,70.0,43.75,58.75,56.875,31.25,52.5,Moderate,Moderate
R0031,Prosecutor,3.0,2.0,3.0,2.0,1.0,4.0,2.0,3.0,3.0,2.0,4.0,4.0,4.0,4.0,4.0,2.2,2.8,4.0,False,3.0,False,30.000000000000004,44.99999999999999,75.0,48.0,60.0,31.25,49.45,Moderate,Moderate
R0031,Advocate,3.0,3.0,4.0,3.0,4.0,3.0,3.0,3.0,3.0,3.0,3.0,4.0,3.0,4.0,4.0,3.4,3.0,3.6,False,3.333333333333333,False,60.0,50.0,65.0,62.0,57.5,31.25,54.05,Moderate,Moderate
R0031,CorrectionalOfficer,3.0,4.0,3.0,5.0,4.0,,3.0,3.0,2.0,3.0,3.0,4.0,4.0,3.0,3.0,3.8,2.75,3.4,False,3.357142857142857,False,70.0,43.75,60.0,66.0,51.875,31.25,53.400000000000006,Moderate,Moderate
R0032,Investigator,3.0,3.0,3.0,3.0,3.0,3.0,3.0,2.0,2.0,2.0,2.0,2.0,2.0,2.0,2.0,3.0,2.4,2.0,False,2.466666666666667,False,50.0,35.0,25.0,40.0,30.0,50.0,38.0,Low,Low
R0032,Prosecutor,4.0,4.0,4.0,5.0,4.0,4.0,3.0,4.0,4.0,4.0,5.0,3.0,4.0,4.0,2.0,4.2,3.8,3.6,False,3.8666666666666663,False,80.0,70.0,65.0,74.0,67.5,50.0,66.6,High,High
R0032,Judge,3.0,3.0,4.0,3.0,4.0,3.0,3.0,3.0,2.0,2.0,2.0,2.0,2.0,2.0,2.0,3.4,2.6,2.0,False,2.6666666666666665,False,60.0,40.0,25.0,46.0,32.5,50.0,41.400000000000006,Moderate,Moderate
R0032,Advocate,2.0,1.0,2.0,3.0,2.0,2.0,3.0,,3.0,3.0,3.0,4.0,3.0,4.0,3.0,2.0,2.75,3.4,False,2.7142857142857144,False,25.0,43.75,60.0,39.0,51.875,50.0,46.35,Moderate,Moderate
R0032,CorrectionalOfficer,3.0,4.0,3.0,4.0,3.0,3.0,3.0,4.0,4.0,,4.0,3.0,3.0,3.0,3.0,3.4,3.5,3.2,False,3.357142857142857,False,60.0,62.5,55.00000000000001,58.0,58.75,50.0,56.7,Moderate,Moderate
R0033,Investigator,3.0,4.0,4.0,4.0,3.0,3.0,4.0,3.0,3.0,4.0,4.0,4.0,4.0,5.0,4.0,3.6,3.4,4.2,False,3.733333333333333,False,65.0,60.0,80.0,71.0,70.0,40.0,64.4,High,High
R0033,Prosecutor,3.0,3.0,2.0,2.0,3.0,4.0,4.0,4.0,3.0,3.0,4.0,3.0,4.0,3.0,4.0,2.6,3.6,3.6,False,3.2666666666666666,False,40.0,65.0,65.0,50.0,65.0,40.0,54.0,Moderate,Moderate
R0033,Judge,3.0,4.0,4.0,4.0,5.0,4.0,4.0,4.0,4.0,4.0,5.0,5.0,4.0,5.0,4.0,4.0,4.0,4.6,False,4.2,False,75.0,75.0,89.99999999999999,81.0,82.5,40.0,73.4,High,High
R0033,CorrectionalOfficer,5.0,5.0,5.0,5.0,5.0,5.0,5.0,5.0,5.0,5.0,4.0,4.0,3.0,4.0,4.0,5.0,5.0,3.8,False,4.6,False,100.0,100.0,70.0,88.0,85.0,40.0,77.2,High,High
R0034,Investigator,3.0,3.0,4.0,3.0,3.0,2.0,1.0,1.0,2.0,1.0,2.0,1.0,2.0,1.0,2.0,3.2,1.4,1.6,False,2.066666666666667,False,55.00000000000001,9.999999999999998,15.000000000000002,39.0,12.5,40.0,28.6,Low,Low
R0034,Prosecutor,3.0,3.0,3.0,4.0,4.0,2.0,1.0,3.0,2.0,3.0,2.0,,3.0,2.0,3.0,3.4,2.2,2.5,False,2.7142857142857144,False,60.0,30.000000000000004,37.5,51.0,33.75,40.0,41.900000000000006,Moderate,Moderate
R0034,CorrectionalOfficer,3.0,3.0,2.0,3.0,4.0,2.0,3.0,3.0,3.0,2.0,2.0,3.0,2.0,1.0,2.0,3.0,2.6,2.0,False,2.533333333333333,False,50.0,40.0,25.0,40.0,32.5,40.0,37.0,Low,Low
R0035,Investigator,3.0,4.0,2.0,3.0,3.0,3.0,3.0,4.0,2.0,4.0,4.0,4.0,4.0,3.0,2.0,3.0,3.2,3.4,False,3.2,False,50.0,55.00000000000001,60.0,54.0,57.5,37.5,52.1,Moderate,Moderate
R0035,Prosecutor,3.0,3.0,3.0,3.0,4.0,4.0,5.0,5.0,4.0,5.0,4.0,4.0,4.0,4.0,3.0,3.2,4.6,3.8,False,3.8666666666666663,False,55.00000000000001,89.99999999999999,70.0,61.0,80.0,37.5,63.900000000000006,High,High
R0035,Judge,3.0,3.0,2.0,3.0,,4.0,3.0,4.0,4.0,4.0,3.0,4.0,3.0,3.0,2.0,2.75,3.8,3.0,False,3.2142857142857144,False,43.75,70.0,50.0,46.25,60.0,37.5,50.0,Moderate,Moderate
R0035,Advocate,2.0,3.0,3.0,3.0,4.0,3.0,3.0,3.0,3.0,3.0,4.0,4.0,3.0,3.0,4.0,3.0,3.0,3.6,False,3.2,False,50.0,50.0,65.0,56.0,57.5,37.5,52.900000000000006,Moderate,Moderate
R0035,CorrectionalOfficer,4.0,4.0,4.0,4.0,4.0,3.0,4.0,4.0,4.0,,4.0,4.0,3.0,3.0,3.0,4.0,3.75,3.4,False,3.7142857142857135,False,75.0,68.75,60.0,69.0,64.375,37.5,60.85,High,High
R0036,Investigator,5.0,4.0,4.0,4.0,4.0,2.0,3.0,2.0,3.0,2.0,4.0,4.0,4.0,5.0,3.0,4.2,2.4,4.0,False,3.533333333333333,False,80.0,35.0,75.0,78.0,55.0,50.0,63.2,High,High
R0036,Prosecutor,3.0,4.0,3.0,2.0,4.0,3.0,3.0,3.0,3.0,3.0,3.0,2.0,,3.0,2.0,3.2,3.0,2.5,False,2.9285714285714284,False,55.00000000000001,50.0,37.5,48.0,43.75,50.0,46.7,Moderate,Moderate
R0036,Judge,2.0,2.0,1.0,2.0,2.0,2.0,1.0,,1.0,2.0,2.0,2.0,2.0,2.0,2.0,1.8,1.5,2.0,False,1.7857142857142858,False,20.0,12.5,25.0,22.0,18.75,50.0,26.3,Low,Low
R0036,Advocate,3.0,3.0,3.0,2.0,2.0,3.0,3.0,3.0,4.0,3.0,,4.0,3.0,2.0,3.0,2.6,3.2,3.0,False,2.9285714285714284,False,40.0,55.00000000000001,50.0,44.0,52.5,50.0,48.6,Moderate,Moderate
R0036,CorrectionalOfficer,2.0,3.0,2.0,3.0,2.0,1.0,2.0,2.0,2.0,1.0,4.0,3.0,4.0,5.0,3.0,2.4,1.6,3.8,False,2.6,False,35.0,15.000000000000002,70.0,49.0,42.5,50.0,46.6,Moderate,Moderate
R0037,Investigator,4.0,4.0,3.0,3.0,5.0,4.0,4.0,3.0,3.0,3.0,4.0,4.0,4.0,4.0,3.0,3.8,3.4,3.8,False,3.6666666666666665,False,70.0,60.0,70.0,70.0,65.0,50.0,64.0,High,High
R0037,Prosecutor,3.0,2.0,3.0,3.0,3.0,2.0,3.0,3.0,2.0,3.0,2.0,2.0,2.0,,2.0,2.8,2.6,2.0,False,2.5,False,44.99999999999999,40.0,25.0,37.0,32.5,50.0,37.8,Low,Low
R0037,Judge,2.0,3.0,3.0,4.0,3.0,3.0,3.0,3.0,3.0,3.0,3.0,3.0,3.0,2.0,3.0,3.0,3.0,2.8,False,2.933333333333333,False,50.0,50.0,44.99999999999999,48.0,47.5,50.0,48.2,Moderate,Moderate
R0037,Advocate,4.0,5.0,3.0,4.0,3.0,4.0,4.0,4.0,3.0,4.0,3.0,4.0,4.0,3.0,4.0,3.8,3.8,3.6,False,3.733333333333333,False,70.0,70.0,65.0,68.0,67.5,50.0,64.2,High,High
R0037,CorrectionalOfficer,3.0,3.0,3.0,4.0,3.0,2.0,4.0,2.0,3.0,3.0,5.0,3.0,3.0,4.0,4.0,3.2,2.8,3.8,False,3.2666666666666666,False,55.00000000000001,44.99999999999999,70.0,61.0,57.5,50.0,57.400000000000006,Moderate,Moderate
R0038,Investigator,3.0,3.0,3.0,3.0,3.0,3.0,3.0,3.0,3.0,3.0,3.0,3.0,3.0,3.0,3.0,3.0,3.0,3.0,True,3.0,False,50.0,50.0,50.0,50.0,50.0,80.0,56.0,Moderate,Moderate
R0038,Prosecutor,3.0,2.0,3.0,2.0,3.0,2.0,3.0,3.0,3.0,4.0,3.0,3.0,3.0,4.0,4.0,2.6,3.0,3.4,False,3.0,False,40.0,50.0,60.0,48.0,55.0,80.0,57.2,Moderate,Moderate
R0038,Judge,3.0,3.0,3.0,2.0,3.0,3.0,3.0,3.0,4.0,3.0,2.0,3.0,,3.0,3.0,2.8,3.2,2.75,False,2.9285714285714284,False,44.99999999999999,55.00000000000001,43.75,44.5,49.375,80.0,53.55,Moderate,Moderate
R0038,CorrectionalOfficer,3.0,3.0,5.0,3.0,3.0,4.0,4.0,4.0,5.0,4.0,3.0,4.0,5.0,5.0,4.0,3.4,4.2,4.2,False,3.933333333333333,False,60.0,80.0,80.0,68.0,80.0,80.0,75.2,High,High
R0039,Investigator,2.0,2.0,3.0,3.0,3.0,2.0,3.0,3.0,2.0,2.0,3.0,2.0,3.0,2.0,,2.6,2.4,2.5,False,2.5,False,40.0,35.0,37.5,39.0,36.25,50.0,40.1,Moderate,Moderate
R0039,Judge,3.0,2.0,2.0,2.0,1.0,1.0,2.0,3.0,3.0,2.0,3.0,3.0,3.0,4.0,3.0,2.0,2.2,3.2,False,2.466666666666667,False,25.0,30.000000000000004,55.00000000000001,37.0,42.50000000000001,50.0,41.800000000000004,Moderate,Moderate
R0039,Advocate,3.0,4.0,3.0,2.0,4.0,4.0,4.0,4.0,4.0,4.0,1.0,2.0,2.0,1.0,2.0,3.2,4.0,1.6,False,2.933333333333333,False,55.00000000000001,75.0,15.000000000000002,39.0,45.0,50.0,43.6,Moderate,Moderate
R0039,CorrectionalOfficer,1.0,1.0,2.0,1.0,2.0,2.0,2.0,2.0,1.0,2.0,2.0,1.0,1.0,2.0,2.0,1.4,1.8,1.6,False,1.6,False,9.999999999999998,20.0,15.000000000000002,12.0,17.5,50.0,21.8,Low,Low
R0040,Investigator,4.0,2.0,3.0,3.0,2.0,1.0,2.0,2.0,2.0,2.0,3.0,1.0,3.0,1.0,2.0,2.8,1.8,2.0,False,2.2,False,44.99999999999999,20.0,25.0,37.0,22.5,44.99999999999999,32.8,Low,Low
R0040,Prosecutor,3.0,3.0,3.0,3.0,3.0,2.0,,2.0,2.0,2.0,2.0,1.0,2.0,2.0,,3.0,2.0,1.75,False,2.3076923076923075,False,50.0,25.0,18.75,37.5,21.875,44.99999999999999,32.75,Low,Low
R0040,Judge,1.0,1.0,1.0,1.0,2.0,2.0,2.0,2.0,2.0,2.0,2.0,3.0,2.0,3.0,2.0,1.2,2.0,2.4,False,1.8666666666666667,False,4.999999999999999,25.0,35.0,17.0,30.0,44.99999999999999,27.799999999999997,Low,Low
R0040,Advocate,2.0,3.0,2.0,2.0,3.0,1.0,3.0,2.0,2.0,2.0,1.0,1.0,1.0,1.0,1.0,2.4,2.0,1.0,False,1.8,False,35.0,25.0,0.0,21.0,12.5,44.99999999999999,22.4,Low,Low
R0040,CorrectionalOfficer,2.0,1.0,1.0,1.0,1.0,2.0,1.0,1.0,2.0,1.0,2.0,2.0,2.0,1.0,1.0,1.2,1.4,1.6,False,1.4,False,4.999999999999999,9.999999999999998,15.000000000000002,9.0,12.5,44.99999999999999,17.599999999999998,Very Low,Low
R0041,Investigator,5.0,5.0,5.0,5.0,5.0,4.0,4.0,4.0,3.0,3.0,5.0,5.0,5.0,5.0,5.0,5.0,3.6,5.0,False,4.533333333333333,False,100.0,65.0,100.0,100.0,82.5,50.0,83.0,Very High,High
R0041,Prosecutor,5.0,5.0,,5.0,3.0,5.0,5.0,5.0,5.0,5.0,4.0,5.0,4.0,4.0,4.0,4.5,5.0,4.2,False,4.571428571428571,False,87.5,100.0,80.0,84.5,90.0,50.0,79.80000000000001,High,High
R0041,Judge,5.0,5.0,5.0,5.0,5.0,5.0,5.0,5.0,5.0,5.0,5.0,5.0,5.0,4.0,5.0,5.0,5.0,4.8,True,4.933333333333334,False,100.0,100.0,95.0,98.0,97.5,50.0,88.2,Very High,High
R0041,Advocate,4.0,5.0,5.0,4.0,5.0,4.0,3.0,4.0,3.0,4.0,4.0,,5.0,5.0,5.0,4.6,3.6,4.75,False,4.285714285714286,False,89.99999999999999,65.0,93.75,91.5,79.375,50.0,78.35,High,High
R0041,CorrectionalOfficer,5.0,5.0,5.0,5.0,5.0,4.0,5.0,5.0,5.0,5.0,5.0,5.0,5.0,5.0,5.0,5.0,4.8,5.0,True,4.933333333333334,False,100.0,95.0,100.0,100.0,97.5,50.0,89.0,Very High,High
R0042,Investigator,,4.0,4.0,3.0,4.0,5.0,4.0,5.0,,5.0,3.0,4.0,4.0,5.0,5.0,3.75,4.75,4.2,False,4.230769230769231,False,68.75,93.75,80.0,73.25,86.875,12.5,66.55,High,High
R0042,Prosecutor,4.0,4.0,,4.0,3.0,3.0,4.0,4.0,3.0,4.0,5.0,4.0,5.0,4.0,4.0,3.75,3.6,4.4,False,3.928571428571429,False,68.75,65.0,85.00000000000001,75.25,75.0,12.5,62.6,High,High
R0042,Judge,5.0,4.0,4.0,4.0,4.0,4.0,4.0,4.0,4.0,4.0,4.0,5.0,4.0,5.0,5.0,4.2,4.0,4.6,False,4.266666666666667,False,80.0,75.0,89.99999999999999,84.0,82.5,12.5,69.1,High,High
R0042,Advocate,3.0,3.0,3.0,4.0,2.0,3.0,4.0,4.0,3.0,3.0,4.0,3.0,4.0,3.0,4.0,3.0,3.4,3.6,False,3.333333333333333,False,50.0,60.0,65.0,56.0,62.5,12.5,49.900000000000006,Moderate,Moderate
R0042,CorrectionalOfficer,3.0,4.0,4.0,3.0,3.0,2.0,2.0,2.0,,2.0,3.0,2.0,4.0,3.0,3.0,3.4,2.0,3.0,False,2.857142857142857,False,60.0,25.0,50.0,56.0,37.5,12.5,39.900000000000006,Low,Low
R0043,Investigator,2.0,2.0,2.0,1.0,2.0,3.0,2.0,3.0,3.0,3.0,2.0,2.0,3.0,2.0,1.0,1.8,2.8,2.0,False,2.2,False,20.0,44.99999999999999,25.0,22.0,35.0,65.0,35.8,Low,Low
R0043,Prosecutor,1.0,2.0,1.0,1.0,1.0,1.0,1.0,1.0,1.0,1.0,1.0,1.0,1.0,1.0,1.0,1.2,1.0,1.0,True,1.0666666666666669,False,4.999999999999999,0.0,0.0,2.9999999999999996,0.0,65.0,14.2,Very Low,Low
R0043,Judge,1.0,1.0,2.0,1.0,1.0,1.0,2.0,2.0,2.0,,1.0,3.0,,1.0,3.0,1.2,1.75,2.0,False,1.6153846153846154,False,4.999999999999999,18.75,25.0,13.0,21.875,65.0,26.95,Low,Low
R0043,Advocate,1.0,,1.0,1.0,1.0,2.0,2.0,4.0,2.0,2.0,2.0,3.0,3.0,3.0,2.0,1.0,2.4,2.6,False,2.071428571428572,False,0.0,35.0,40.0,16.0,37.5,65.0,34.4,Low,Low
R0043,CorrectionalOfficer,,1.0,2.0,1.0,1.0,1.0,1.0,1.0,1.0,1.0,1.0,1.0,1.0,1.0,1.0,1.25,1.0,1.0,True,1.0714285714285714,False,6.25,0.0,0.0,3.75,0.0,65.0,14.5,Very Low,Low
R0044,Investigator,3.0,1.0,2.0,3.0,2.0,2.0,,2.0,2.0,2.0,2.0,2.0,2.0,3.0,2.0,2.2,2.0,2.2,False,2.142857142857143,False,30.000000000000004,25.0,30.000000000000004,30.0,27.5,40.0,31.0,Low,Low
R0044,Prosecutor,2.0,2.0,3.0,2.0,3.0,2.0,2.0,2.0,1.0,2.0,1.0,1.0,2.0,2.0,2.0,2.4,1.8,1.6,False,1.9333333333333331,False,35.0,20.0,15.000000000000002,27.0,17.5,40.0,25.8,Low,Low
R0044,Judge,3.0,2.0,2.0,2.0,3.0,1.0,1.0,1.0,2.0,2.0,2.0,2.0,2.0,2.0,2.0,2.4,1.4,2.0,False,1.9333333333333331,False,35.0,9.999999999999998,25.0,31.0,17.5,40.0,27.4,Low,Low
R0044,Advocate,2.0,3.0,1.0,2.0,1.0,2.0,3.0,2.0,1.0,1.0,2.0,2.0,2.0,2.0,1.0,1.8,1.8,1.8,False,1.8,False,20.0,20.0,20.0,20.0,20.0,40.0,24.0,Low,Low
R0044,CorrectionalOfficer,2.0,1.0,2.0,1.0,1.0,1.0,1.0,1.0,1.0,1.0,2.0,1.0,1.0,1.0,1.0,1.4,1.0,1.2,False,1.2,False,9.999999999999998,0.0,4.999999999999999,7.999999999999999,2.4999999999999996,40.0,12.2,Very Low,Low
R0045,Investigator,3.0,2.0,3.0,4.0,4.0,1.0,1.0,1.0,1.0,1.0,1.0,1.0,1.0,1.0,1.0,3.2,1.0,1.0,False,1.7333333333333334,False,55.00000000000001,0.0,0.0,33.0,0.0,35.0,20.200000000000003,Low,Low
R0045,Prosecutor,2.0,2.0,3.0,1.0,2.0,2.0,2.0,3.0,1.0,2.0,1.0,2.0,1.0,1.0,1.0,2.0,2.0,1.2,False,1.7333333333333334,False,25.0,25.0,4.999999999999999,17.0,15.0,35.0,19.8,Very Low,Low
R0045,Judge,2.0,2.0,1.0,2.0,3.0,3.0,2.0,3.0,2.0,3.0,3.0,2.0,2.0,2.0,2.0,2.0,2.6,2.2,False,2.2666666666666666,False,25.0,40.0,30.000000000000004,27.0,35.0,35.0,31.8,Low,Low
R0045,Advocate,3.0,3.0,3.0,2.0,2.0,2.0,2.0,2.0,1.0,1.0,1.0,1.0,2.0,1.0,1.0,2.6,1.6,1.2,False,1.8,False,40.0,15.000000000000002,4.999999999999999,26.0,10.0,35.0,21.4,Low,Low
R0045,CorrectionalOfficer,2.0,2.0,2.0,1.0,2.0,1.0,2.0,1.0,2.0,1.0,1.0,1.0,1.0,1.0,2.0,1.8,1.4,1.2,False,1.4666666666666666,False,20.0,9.999999999999998,4.999999999999999,14.0,7.499999999999998,35.0,15.6,Very Low,Low
R0046,Investigator,2.0,3.0,3.0,3.0,3.0,1.0,1.0,1.0,2.0,1.0,2.0,,2.0,4.0,3.0,2.8,1.2,2.75,False,2.2142857142857144,False,44.99999999999999,4.999999999999999,43.75,44.5,24.375,25.0,32.55,Low,Low
R0046,Prosecutor,3.0,1.0,2.0,2.0,2.0,4.0,3.0,3.0,3.0,3.0,3.0,3.0,3.0,3.0,3.0,2.0,3.2,3.0,False,2.7333333333333334,False,25.0,55.00000000000001,50.0,35.0,52.5,25.0,40.0,Low,Low
R0046,Judge,2.0,2.0,2.0,1.0,1.0,2.0,2.0,2.0,2.0,2.0,2.0,3.0,3.0,1.0,3.0,1.6,2.0,2.4,False,2.0,False,15.000000000000002,25.0,35.0,23.0,30.0,25.0,26.200000000000003,Low,Low
R0046,Advocate,1.0,2.0,2.0,2.0,2.0,4.0,4.0,3.0,4.0,3.0,3.0,2.0,2.0,3.0,3.0,1.8,3.6,2.6,False,2.6666666666666665,False,20.0,65.0,40.0,28.0,52.5,25.0,37.2,Low,Low
R0046,CorrectionalOfficer,3.0,3.0,3.0,3.0,4.0,2.0,4.0,4.0,2.0,4.0,3.0,4.0,3.0,3.0,3.0,3.2,3.2,3.2,False,3.2,False,55.00000000000001,55.00000000000001,55.00000000000001,55.0,55.00000000000001,25.0,49.0,Moderate,Moderate
R0047,Investigator,3.0,3.0,3.0,3.0,2.0,3.0,4.0,3.0,3.0,3.0,4.0,3.0,4.0,4.0,3.0,2.8,3.2,3.6,False,3.2,False,44.99999999999999,55.00000000000001,65.0,53.0,60.0,50.0,55.2,Moderate,Moderate
R0047,Prosecutor,2.0,2.0,2.0,2.0,2.0,1.0,2.0,3.0,1.0,2.0,1.0,2.0,2.0,1.0,1.0,2.0,1.8,1.4,False,1.7333333333333334,False,25.0,20.0,9.999999999999998,19.0,15.0,50.0,23.6,Low,Low
R0047,Judge,4.0,2.0,3.0,3.0,3.0,3.0,2.0,3.0,3.0,2.0,2.0,3.0,2.0,2.0,3.0,3.0,2.6,2.4,False,2.6666666666666665,False,50.0,40.0,35.0,44.0,37.5,50.0,42.6,Moderate,Moderate
R0047,CorrectionalOfficer,2.0,3.0,2.0,3.0,3.0,3.0,3.0,4.0,3.0,4.0,4.0,4.0,5.0,4.0,4.0,2.6,3.4,4.2,False,3.4,False,40.0,60.0,80.0,56.0,70.0,50.0,60.400000000000006,High,High
R0048,Investigator,2.0,1.0,2.0,2.0,3.0,2.0,2.0,3.0,3.0,2.0,3.0,3.0,2.0,3.0,3.0,2.0,2.4,2.8,False,2.4,False,25.0,35.0,44.99999999999999,33.0,40.0,30.000000000000004,35.2,Low,Low
R0048,Prosecutor,2.0,2.0,1.0,2.0,3.0,3.0,3.0,4.0,3.0,3.0,2.0,,2.0,2.0,2.0,2.0,3.2,2.0,False,2.4285714285714284,False,25.0,55.00000000000001,25.0,25.0,40.0,30.000000000000004,32.0,Low,Low
R0048,Judge,2.0,3.0,2.0,3.0,2.0,2.0,3.0,3.0,3.0,3.0,2.0,2.0,3.0,2.0,3.0,2.4,2.8,2.4,False,2.533333333333333,False,35.0,44.99999999999999,35.0,35.0,40.0,30.000000000000004,36.0,Low,Low
R0048,Advocate,3.0,2.0,3.0,4.0,3.0,1.0,1.0,2.0,3.0,2.0,3.0,4.0,3.0,4.0,4.0,3.0,1.8,3.6,False,2.8,False,50.0,20.0,65.0,56.0,42.5,30.000000000000004,45.400000000000006,Moderate,Moderate
R0048,CorrectionalOfficer,2.0,2.0,2.0,3.0,2.0,3.0,,2.0,3.0,,4.0,3.0,4.0,3.0,3.0,2.2,,3.4,False,2.769230769230769,False,30.000000000000004,,60.0,42.0,,30.000000000000004,,,
R0049,Investigator,3.0,3.0,3.0,3.0,1.0,3.0,3.0,4.0,4.0,3.0,3.0,3.0,4.0,3.0,3.0,2.6,3.4,3.2,False,3.066666666666667,False,40.0,60.0,55.00000000000001,46.0,57.5,20.0,45.400000000000006,Moderate,Moderate
R0049,Prosecutor,2.0,3.0,3.0,3.0,2.0,3.0,3.0,3.0,3.0,3.0,3.0,3.0,1.0,3.0,1.0,2.6,3.0,2.2,False,2.6,False,40.0,50.0,30.000000000000004,36.0,40.0,20.0,34.4,Low,Low
R0049,Judge,2.0,2.0,3.0,3.0,3.0,4.0,4.0,3.0,3.0,3.0,,3.0,3.0,3.0,4.0,2.6,3.4,3.25,False,3.071428571428572,False,40.0,60.0,56.25,46.5,58.125,20.0,45.85,Moderate,Moderate
R0049,CorrectionalOfficer,2.0,2.0,3.0,3.0,1.0,,2.0,2.0,2.0,1.0,3.0,2.0,3.0,2.0,3.0,2.2,1.75,2.6,False,2.2142857142857144,False,30.000000000000004,18.75,40.0,34.0,29.375,20.0,29.35,Low,Low
R0050,Investigator,1.0,1.0,1.0,1.0,1.0,3.0,3.0,1.0,3.0,4.0,3.0,3.0,3.0,3.0,2.0,1.0,2.8,2.8,False,2.2,False,0.0,44.99999999999999,44.99999999999999,17.999999999999996,44.99999999999999,81.25,41.449999999999996,Moderate,Moderate
R0050,Prosecutor,2.0,3.0,3.0,2.0,2.0,2.0,3.0,3.0,3.0,3.0,3.0,2.0,1.0,2.0,2.0,2.4,2.8,2.0,False,2.4,False,35.0,44.99999999999999,25.0,31.0,35.0,81.25,42.65,Moderate,Moderate
R0050,Judge,4.0,3.0,3.0,4.0,3.0,3.0,3.0,3.0,3.0,4.0,2.0,3.0,3.0,3.0,3.0,3.4,3.2,2.8,False,3.1333333333333333,False,60.0,55.00000000000001,44.99999999999999,54.0,50.0,81.25,57.85,Moderate,Moderate
R0050,CorrectionalOfficer,2.0,2.0,1.0,3.0,2.0,1.0,1.0,2.0,2.0,2.0,1.0,2.0,2.0,2.0,3.0,2.0,1.6,2.0,False,1.8666666666666667,False,25.0,15.000000000000002,25.0,25.0,20.0,81.25,34.25,Low,Low
R0051,Investigator,3.0,4.0,3.0,3.0,4.0,4.0,4.0,5.0,4.0,4.0,5.0,5.0,5.0,5.0,5.0,3.4,4.2,5.0,False,4.2,False,60.0,80.0,100.0,76.0,90.0,95.0,85.4,Very High,High
R0051,Prosecutor,4.0,4.0,,4.0,4.0,3.0,3.0,2.0,2.0,3.0,2.0,4.0,4.0,4.0,4.0,4.0,2.6,3.6,False,3.357142857142857,False,75.0,40.0,65.0,71.0,52.5,95.0,68.4,High,High
R0051,Judge,4.0,3.0,4.0,3.0,4.0,3.0,3.0,3.0,3.0,3.0,4.0,3.0,4.0,3.0,3.0,3.6,3.0,3.4,False,3.333333333333333,False,65.0,50.0,60.0,63.0,55.0,95.0,66.2,High,High
R0051,CorrectionalOfficer,4.0,3.0,4.0,3.0,3.0,4.0,5.0,5.0,5.0,5.0,,5.0,3.0,4.0,4.0,3.4,4.8,4.0,False,4.071428571428571,False,60.0,95.0,75.0,66.0,85.0,95.0,79.4,High,High
R0052,Investigator,4.0,3.0,3.0,3.0,2.0,3.0,3.0,3.0,4.0,3.0,4.0,3.0,3.0,,4.0,3.0,3.2,3.5,False,3.2142857142857144,False,50.0,55.00000000000001,62.5,55.0,58.75,65.0,58.5,Moderate,Moderate
R0052,Prosecutor,3.0,,3.0,4.0,3.0,2.0,3.0,2.0,2.0,3.0,2.0,2.0,2.0,2.0,2.0,3.25,2.4,2.0,False,2.5,False,56.25,35.0,25.0,43.75,30.0,65.0,42.5,Moderate,Moderate
R0052,Judge,,3.0,4.0,3.0,3.0,3.0,4.0,2.0,2.0,3.0,4.0,3.0,3.0,4.0,2.0,3.25,2.8,3.2,False,3.071428571428572,False,56.25,44.99999999999999,55.00000000000001,55.75,50.0,65.0,55.3,Moderate,Moderate
R0052,CorrectionalOfficer,5.0,5.0,5.0,5.0,5.0,4.0,4.0,4.0,3.0,5.0,,4.0,4.0,4.0,3.0,5.0,4.0,3.75,False,4.285714285714286,False,100.0,75.0,68.75,87.5,71.875,65.0,76.75,High,High
R0053,Investigator,2.0,2.0,2.0,2.0,3.0,2.0,,2.0,2.0,3.0,1.0,1.0,2.0,1.0,2.0,2.2,2.25,1.4,False,1.9285714285714288,False,30.000000000000004,31.25,9.999999999999998,22.0,20.625,15.000000000000002,20.05,Low,Low
R0053,Prosecutor,3.0,2.0,2.0,1.0,2.0,4.0,4.0,2.0,3.0,,2.0,1.0,1.0,1.0,2.0,2.0,3.25,1.4,False,2.142857142857143,False,25.0,56.25,9.999999999999998,19.0,33.125,15.000000000000002,23.85,Low,Low
R0053,CorrectionalOfficer,1.0,1.0,1.0,,1.0,2.0,,1.0,1.0,1.0,2.0,1.0,1.0,1.0,1.0,1.0,1.25,1.2,False,1.1538461538461535,False,0.0,6.25,4.999999999999999,1.9999999999999998,5.625,15.000000000000002,6.050000000000001,Very Low,Low
R0054,Investigator,3.0,2.0,3.0,,4.0,2.0,2.0,2.0,2.0,3.0,3.0,3.0,3.0,3.0,3.0,3.0,2.2,3.0,False,2.7142857142857144,False,50.0,30.000000000000004,50.0,50.0,40.0,43.75,44.75,Moderate,Moderate
R0054,Prosecutor,2.0,2.0,3.0,3.0,2.0,3.0,3.0,2.0,3.0,3.0,4.0,3.0,4.0,3.0,4.0,2.4,2.8,3.6,False,2.933333333333333,False,35.0,44.99999999999999,65.0,47.0,55.0,43.75,49.55,Moderate,Moderate
R0054,Judge,2.0,3.0,1.0,2.0,2.0,2.0,2.0,1.0,2.0,1.0,1.0,2.0,2.0,3.0,2.0,2.0,1.6,2.0,False,1.8666666666666667,False,25.0,15.000000000000002,25.0,25.0,20.0,43.75,26.75,Low,Low
R0054,CorrectionalOfficer,1.0,2.0,3.0,2.0,1.0,4.0,3.0,4.0,3.0,3.0,3.0,2.0,3.0,2.0,3.0,1.8,3.4,2.6,False,2.6,False,20.0,60.0,40.0,28.0,50.0,43.75,39.95,Low,Low
R0055,Investigator,1.0,2.0,2.0,2.0,2.0,5.0,4.0,4.0,4.0,5.0,2.0,3.0,3.0,3.0,3.0,1.8,4.4,2.8,False,3.0,False,20.0,85.00000000000001,44.99999999999999,29.999999999999996,65.0,31.25,44.25,Moderate,Moderate
R0055,Prosecutor,3.0,2.0,2.0,4.0,2.0,5.0,,5.0,5.0,4.0,5.0,5.0,4.0,4.0,3.0,2.6,4.75,4.2,False,3.7857142857142856,False,40.0,93.75,80.0,56.0,86.875,31.25,63.400000000000006,High,High
R0055,Judge,4.0,3.0,4.0,3.0,3.0,3.0,4.0,4.0,4.0,4.0,2.0,2.0,3.0,3.0,2.0,3.4,3.8,2.4,False,3.2,False,60.0,70.0,35.0,50.0,52.5,31.25,47.25,Moderate,Moderate
R0055,Advocate,4.0,4.0,,4.0,3.0,3.0,3.0,3.0,3.0,3.0,3.0,3.0,2.0,,3.0,3.75,3.0,2.75,False,3.1538461538461537,False,68.75,50.0,43.75,58.75,46.875,31.25,48.5,Moderate,Moderate
R0055,CorrectionalOfficer,5.0,4.0,4.0,5.0,4.0,3.0,3.0,4.0,3.0,4.0,3.0,4.0,4.0,3.0,3.0,4.4,3.4,3.4,False,3.733333333333333,False,85.00000000000001,60.0,60.0,75.0,60.0,31.25,60.25,High,High
R0056,Investigator,3.0,3.0,4.0,4.0,3.0,3.0,4.0,3.0,3.0,3.0,3.0,3.0,3.0,3.0,4.0,3.4,3.2,3.2,False,3.2666666666666666,False,60.0,55.00000000000001,55.00000000000001,58.0,55.00000000000001,50.0,55.2,Moderate,Moderate
R0056,Prosecutor,3.0,3.0,,2.0,3.0,3.0,2.0,3.0,2.0,2.0,2.0,1.0,3.0,3.0,2.0,2.75,2.4,2.2,False,2.4285714285714284,False,43.75,35.0,30.000000000000004,38.25,32.5,50.0,38.3,Low,Low
R0056,Judge,3.0,3.0,3.0,4.0,3.0,3.0,4.0,4.0,,4.0,5.0,,3.0,3.0,3.0,3.2,3.75,3.5,False,3.4615384615384617,False,55.00000000000001,68.75,62.5,58.0,65.625,50.0,59.45,Moderate,Moderate
R0056,Advocate,4.0,3.0,3.0,3.0,,2.0,2.0,2.0,3.0,3.0,3.0,4.0,3.0,4.0,3.0,3.25,2.4,3.4,False,3.0,False,56.25,35.0,60.0,57.75,47.5,50.0,52.1,Moderate,Moderate
R0056,CorrectionalOfficer,2.0,2.0,3.0,2.0,1.0,2.0,3.0,2.0,3.0,4.0,2.0,3.0,2.0,3.0,3.0,2.0,2.8,2.6,False,2.466666666666667,False,25.0,44.99999999999999,40.0,31.0,42.5,50.0,39.4,Low,Low
R0057,Investigator,4.0,4.0,3.0,3.0,3.0,4.0,3.0,3.0,3.0,4.0,4.0,3.0,3.0,4.0,3.0,3.4,3.4,3.4,False,3.4,False,60.0,60.0,60.0,60.0,60.0,50.0,58.0,Moderate,Moderate
R0057,Prosecutor,4.0,3.0,4.0,3.0,4.0,4.0,4.0,4.0,5.0,3.0,3.0,2.0,3.0,3.0,2.0,3.6,4.0,2.6,False,3.4,False,65.0,75.0,40.0,55.0,57.5,50.0,55.0,Moderate,Moderate
R0057,Judge,3.0,3.0,3.0,3.0,3.0,2.0,3.0,2.0,1.0,3.0,4.0,3.0,3.0,4.0,3.0,3.0,2.2,3.4,False,2.8666666666666667,False,50.0,30.000000000000004,60.0,54.0,45.0,50.0,49.6,Moderate,Moderate
R0057,Advocate,3.0,3.0,4.0,3.0,4.0,4.0,4.0,4.0,4.0,3.0,3.0,4.0,3.0,2.0,3.0,3.4,3.8,3.0,False,3.4,False,60.0,70.0,50.0,56.0,60.0,50.0,56.400000000000006,Moderate,Moderate
R0057,CorrectionalOfficer,3.0,3.0,4.0,3.0,3.0,3.0,4.0,3.0,4.0,4.0,4.0,4.0,4.0,4.0,4.0,3.2,3.6,4.0,False,3.6,False,55.00000000000001,65.0,75.0,63.0,70.0,50.0,63.2,High,High
R0058,Investigator,4.0,4.0,3.0,4.0,5.0,,3.0,3.0,3.0,,5.0,4.0,,3.0,4.0,4.0,,4.0,False,3.75,False,75.0,,75.0,75.0,,50.0,,,
R0058,Prosecutor,3.0,3.0,2.0,3.0,2.0,4.0,3.0,4.0,4.0,4.0,5.0,5.0,5.0,4.0,5.0,2.6,3.8,4.8,False,3.733333333333333,False,40.0,70.0,95.0,62.0,82.5,50.0,67.8,High,High
R0058,Judge,5.0,4.0,4.0,4.0,5.0,3.0,3.0,2.0,2.0,4.0,3.0,3.0,3.0,3.0,3.0,4.4,2.8,3.0,False,3.4,False,85.00000000000001,44.99999999999999,50.0,71.0,47.5,50.0,57.400000000000006,Moderate,Moderate
R0058,Advocate,3.0,2.0,2.0,2.0,3.0,3.0,4.0,3.0,3.0,3.0,3.0,3.0,3.0,3.0,3.0,2.4,3.2,3.0,False,2.8666666666666667,False,35.0,55.00000000000001,50.0,41.0,52.5,50.0,47.400000000000006,Moderate,Moderate
R0058,CorrectionalOfficer,2.0,2.0,3.0,3.0,3.0,3.0,4.0,,4.0,4.0,4.0,3.0,4.0,4.0,4.0,2.6,3.75,3.8,False,3.357142857142857,False,40.0,68.75,70.0,52.0,69.375,50.0,58.55,Moderate,Moderate
R0059,Investigator,4.0,3.0,3.0,4.0,4.0,2.0,3.0,3.0,,3.0,2.0,3.0,3.0,3.0,2.0,3.6,2.75,2.6,False,3.0,False,65.0,43.75,40.0,55.0,41.875,9.999999999999998,40.75,Moderate,Moderate
R0059,Prosecutor,2.0,3.0,3.0,3.0,2.0,4.0,4.0,3.0,4.0,3.0,3.0,3.0,3.0,2.0,3.0,2.6,3.6,2.8,False,3.0,False,40.0,65.0,44.99999999999999,42.0,55.0,9.999999999999998,40.8,Moderate,Moderate
R0059,Judge,4.0,4.0,3.0,4.0,4.0,4.0,3.0,4.0,4.0,4.0,1.0,1.0,,2.0,2.0,3.8,3.8,1.5,False,3.142857142857143,False,70.0,70.0,12.5,47.0,41.25,9.999999999999998,37.3,Low,Low
R0059,Advocate,4.0,3.0,3.0,3.0,4.0,3.0,2.0,2.0,2.0,3.0,3.0,3.0,3.0,3.0,3.0,3.4,2.4,3.0,False,2.933333333333333,False,60.0,35.0,50.0,56.0,42.5,9.999999999999998,41.400000000000006,Moderate,Moderate
R0059,CorrectionalOfficer,3.0,4.0,4.0,3.0,4.0,4.0,,4.0,4.0,4.0,4.0,4.0,3.0,5.0,5.0,3.6,4.0,4.2,False,3.928571428571429,False,65.0,75.0,80.0,71.0,77.5,9.999999999999998,61.400000000000006,High,High
R0060,Investigator,3.0,4.0,3.0,,2.0,4.0,4.0,4.0,4.0,4.0,3.0,3.0,3.0,3.0,3.0,3.0,4.0,3.0,False,3.357142857142857,False,50.0,75.0,50.0,50.0,62.5,40.0,53.0,Moderate,Moderate
R0060,Judge,3.0,3.0,3.0,3.0,2.0,3.0,4.0,4.0,4.0,4.0,3.0,2.0,2.0,3.0,2.0,2.8,3.8,2.4,False,3.0,False,44.99999999999999,70.0,35.0,41.0,52.5,40.0,45.400000000000006,Moderate,Moderate
R0060,Advocate,2.0,4.0,3.0,3.0,2.0,3.0,3.0,3.0,2.0,3.0,2.0,4.0,3.0,3.0,4.0,2.8,2.8,3.2,False,2.933333333333333,False,44.99999999999999,44.99999999999999,55.00000000000001,49.0,50.0,40.0,47.6,Moderate,Moderate
R0060,CorrectionalOfficer,3.0,3.0,1.0,2.0,2.0,1.0,2.0,1.0,2.0,1.0,3.0,3.0,2.0,3.0,2.0,2.2,1.4,2.6,False,2.066666666666667,False,30.000000000000004,9.999999999999998,40.0,34.0,25.0,40.0,31.6,Low,Low
R0061,Investigator,5.0,4.0,4.0,4.0,4.0,5.0,4.0,3.0,4.0,,4.0,4.0,4.0,5.0,4.0,4.2,4.0,4.2,False,4.142857142857143,False,80.0,75.0,80.0,80.0,77.5,70.0,77.0,High,High
R0061,Prosecutor,4.0,4.0,4.0,3.0,4.0,3.0,4.0,3.0,4.0,4.0,4.0,3.0,3.0,3.0,5.0,3.8,3.6,3.6,False,3.6666666666666665,False,70.0,65.0,65.0,68.0,65.0,70.0,67.2,High,High
R0061,Advocate,5.0,4.0,5.0,5.0,4.0,4.0,5.0,4.0,5.0,4.0,5.0,5.0,4.0,5.0,4.0,4.6,4.4,4.6,False,4.533333333333333,False,89.99999999999999,85.00000000000001,89.99999999999999,89.99999999999999,87.5,70.0,85.0,Very High,High
R0061,CorrectionalOfficer,5.0,5.0,5.0,5.0,4.0,4.0,5.0,5.0,5.0,5.0,5.0,5.0,,5.0,5.0,4.8,4.8,5.0,False,4.857142857142857,False,95.0,95.0,100.0,97.0,97.5,70.0,91.80000000000001,Very High,High
R0062,Investigator,3.0,2.0,2.0,3.0,3.0,1.0,1.0,1.0,1.0,1.0,3.0,1.0,1.0,2.0,2.0,2.6,1.0,1.8,False,1.8,False,40.0,0.0,20.0,32.0,10.0,44.99999999999999,25.799999999999997,Low,Low
R0062,Prosecutor,3.0,2.0,2.0,2.0,2.0,1.0,2.0,1.0,1.0,2.0,1.0,1.0,3.0,2.0,3.0,2.2,1.4,2.0,False,1.8666666666666667,False,30.000000000000004,9.999999999999998,25.0,28.0,17.5,44.99999999999999,27.200000000000003,Low,Low
R0062,Judge,2.0,2.0,2.0,2.0,1.0,3.0,3.0,2.0,2.0,3.0,2.0,2.0,3.0,2.0,2.0,1.8,2.6,2.2,False,2.2,False,20.0,40.0,30.000000000000004,24.0,35.0,44.99999999999999,32.6,Low,Low
R0062,Advocate,2.0,3.0,2.0,2.0,3.0,3.0,3.0,3.0,2.0,3.0,2.0,3.0,3.0,3.0,1.0,2.4,2.8,2.4,False,2.533333333333333,False,35.0,44.99999999999999,35.0,35.0,40.0,44.99999999999999,39.0,Low,Low
R0062,CorrectionalOfficer,3.0,4.0,3.0,3.0,4.0,5.0,5.0,4.0,4.0,5.0,3.0,2.0,3.0,3.0,3.0,3.4,4.6,2.8,False,3.6,False,60.0,89.99999999999999,44.99999999999999,54.0,67.49999999999999,44.99999999999999,57.599999999999994,Moderate,Moderate
R0063,Investigator,3.0,3.0,4.0,3.0,3.0,4.0,4.0,4.0,5.0,4.0,4.0,4.0,3.0,3.0,3.0,3.2,4.2,3.4,False,3.6,False,55.00000000000001,80.0,60.0,57.0,70.0,89.99999999999999,68.8,High,High
R0063,Judge,2.0,3.0,3.0,4.0,3.0,2.0,3.0,3.0,2.0,3.0,2.0,2.0,1.0,2.0,1.0,3.0,2.6,1.6,False,2.4,False,50.0,40.0,15.000000000000002,36.0,27.5,89.99999999999999,43.39999999999999,Moderate,Moderate
R0063,Advocate,5.0,5.0,5.0,5.0,5.0,5.0,5.0,5.0,5.0,,4.0,3.0,4.0,3.0,4.0,5.0,5.0,3.6,False,4.5,False,100.0,100.0,65.0,86.0,82.5,89.99999999999999,85.4,Very High,High
R0063,CorrectionalOfficer,4.0,4.0,3.0,5.0,5.0,3.0,2.0,3.0,3.0,4.0,4.0,4.0,4.0,5.0,3.0,4.2,3.0,4.0,False,3.733333333333333,False,80.0,50.0,75.0,78.0,62.5,89.99999999999999,74.2,High,High
R0064,Investigator,3.0,2.0,3.0,3.0,3.0,3.0,2.0,2.0,3.0,2.0,3.0,2.0,3.0,3.0,3.0,2.8,2.4,2.8,False,2.6666666666666665,False,44.99999999999999,35.0,44.99999999999999,44.99999999999999,40.0,70.0,48.0,Moderate,Moderate
R0064,Prosecutor,1.0,2.0,2.0,1.0,1.0,1.0,2.0,1.0,1.0,2.0,2.0,2.0,2.0,2.0,2.0,1.4,1.4,2.0,False,1.6,False,9.999999999999998,9.999999999999998,25.0,16.0,17.5,70.0,27.4,Low,Low
R0064,Judge,3.0,3.0,3.0,2.0,,3.0,3.0,4.0,4.0,3.0,3.0,2.0,3.0,2.0,3.0,2.75,3.4,2.6,False,2.9285714285714284,False,43.75,60.0,40.0,42.25,50.0,70.0,50.900000000000006,Moderate,Moderate
R0064,Advocate,3.0,2.0,2.0,3.0,4.0,2.0,2.0,3.0,2.0,3.0,3.0,2.0,3.0,2.0,2.0,2.8,2.4,2.4,False,2.533333333333333,False,44.99999999999999,35.0,35.0,41.0,35.0,70.0,44.400000000000006,Moderate,Moderate
R0064,CorrectionalOfficer,2.0,1.0,1.0,3.0,2.0,2.0,2.0,2.0,2.0,2.0,2.0,2.0,2.0,2.0,1.0,1.8,2.0,1.8,False,1.8666666666666667,False,20.0,25.0,20.0,20.0,22.5,70.0,31.0,Low,Low
R0065,Investigator,4.0,4.0,4.0,4.0,4.0,3.0,4.0,2.0,3.0,3.0,5.0,4.0,5.0,4.0,5.0,4.0,3.0,4.6,False,3.8666666666666663,False,75.0,50.0,89.99999999999999,81.0,70.0,44.99999999999999,69.39999999999999,High,High
R0065,Prosecutor,4.0,4.0,2.0,,3.0,5.0,4.0,5.0,4.0,4.0,5.0,4.0,5.0,5.0,5.0,3.25,4.4,4.8,False,4.214285714285714,False,56.25,85.00000000000001,95.0,71.75,90.0,44.99999999999999,73.7,High,High
R0065,Judge,5.0,5.0,3.0,5.0,5.0,5.0,5.0,5.0,5.0,5.0,5.0,5.0,5.0,5.0,5.0,4.6,5.0,5.0,False,4.866666666666666,False,89.99999999999999,100.0,100.0,94.0,100.0,44.99999999999999,86.6,Very High,High
R0065,Advocate,5.0,5.0,,5.0,5.0,4.0,5.0,5.0,5.0,5.0,4.0,5.0,4.0,4.0,4.0,5.0,4.8,4.2,False,4.642857142857143,False,100.0,95.0,80.0,92.0,87.5,44.99999999999999,80.80000000000001,Very High,High
R0065,CorrectionalOfficer,4.0,3.0,4.0,3.0,4.0,4.0,4.0,4.0,3.0,4.0,4.0,5.0,4.0,5.0,4.0,3.6,3.8,4.4,False,3.933333333333333,False,65.0,70.0,85.00000000000001,73.0,77.5,44.99999999999999,69.2,High,High
R0066,Investigator,2.0,3.0,2.0,3.0,3.0,,3.0,3.0,3.0,5.0,3.0,3.0,,2.0,3.0,2.6,3.5,2.75,False,2.923076923076923,False,40.0,62.5,43.75,41.5,53.125,50.0,47.85,Moderate,Moderate
R0066,Prosecutor,2.0,2.0,3.0,2.0,2.0,1.0,2.0,1.0,2.0,1.0,2.0,1.0,1.0,1.0,1.0,2.2,1.4,1.2,False,1.6,False,30.000000000000004,9.999999999999998,4.999999999999999,20.0,7.499999999999998,50.0,21.0,Low,Low
R0066,Judge,2.0,1.0,1.0,1.0,1.0,1.0,1.0,1.0,2.0,1.0,3.0,2.0,1.0,2.0,3.0,1.2,1.2,2.2,False,1.5333333333333334,False,4.999999999999999,4.999999999999999,30.000000000000004,15.000000000000002,17.5,50.0,23.0,Low,Low
R0066,CorrectionalOfficer,2.0,3.0,3.0,3.0,3.0,1.0,2.0,2.0,3.0,2.0,1.0,2.0,1.0,1.0,1.0,2.8,2.0,1.2,False,2.0,False,44.99999999999999,25.0,4.999999999999999,28.999999999999996,15.0,50.0,27.6,Low,Low
R0067,Investigator,2.0,4.0,4.0,3.0,2.0,3.0,3.0,3.0,3.0,,3.0,2.0,2.0,3.0,2.0,3.0,3.0,2.4,False,2.7857142857142856,False,50.0,50.0,35.0,44.0,42.5,80.0,50.6,Moderate,Moderate
R0067,Prosecutor,4.0,4.0,4.0,5.0,4.0,3.0,4.0,3.0,3.0,3.0,4.0,5.0,4.0,4.0,5.0,4.2,3.2,4.4,False,3.933333333333333,False,80.0,55.00000000000001,85.00000000000001,82.0,70.00000000000001,80.0,76.80000000000001,High,High
R0067,Judge,4.0,5.0,4.0,4.0,4.0,4.0,4.0,3.0,4.0,5.0,4.0,4.0,4.0,4.0,3.0,4.2,4.0,3.8,False,4.0,False,80.0,75.0,70.0,76.0,72.5,80.0,75.4,High,High
R0067,CorrectionalOfficer,4.0,3.0,3.0,3.0,3.0,3.0,3.0,3.0,2.0,3.0,2.0,2.0,3.0,3.0,4.0,3.2,2.8,2.8,False,2.933333333333333,False,55.00000000000001,44.99999999999999,44.99999999999999,51.0,44.99999999999999,80.0,54.4,Moderate,Moderate
R0068,Investigator,2.0,2.0,2.0,2.0,3.0,4.0,3.0,3.0,4.0,4.0,3.0,5.0,3.0,3.0,4.0,2.2,3.6,3.6,False,3.1333333333333333,False,30.000000000000004,65.0,65.0,44.0,65.0,44.99999999999999,52.6,Moderate,Moderate
R0068,Prosecutor,2.0,2.0,3.0,2.0,3.0,3.0,2.0,2.0,3.0,1.0,2.0,2.0,2.0,2.0,2.0,2.4,2.2,2.0,False,2.2,False,35.0,30.000000000000004,25.0,31.0,27.5,44.99999999999999,32.4,Low,Low
R0068,Judge,2.0,,2.0,3.0,2.0,4.0,5.0,4.0,4.0,3.0,3.0,,2.0,2.0,3.0,2.25,4.0,2.5,False,3.0,False,31.25,75.0,37.5,33.75,56.25,44.99999999999999,45.0,Moderate,Moderate
R0068,CorrectionalOfficer,1.0,1.0,2.0,1.0,1.0,1.0,2.0,1.0,2.0,1.0,1.0,1.0,2.0,1.0,2.0,1.2,1.4,1.4,False,1.3333333333333333,False,4.999999999999999,9.999999999999998,9.999999999999998,6.999999999999999,9.999999999999998,44.99999999999999,15.799999999999997,Very Low,Low
R0069,Investigator,1.0,3.0,2.0,2.0,2.0,2.0,2.0,2.0,3.0,2.0,3.0,3.0,3.0,3.0,4.0,2.0,2.2,3.2,False,2.466666666666667,False,25.0,30.000000000000004,55.00000000000001,37.0,42.50000000000001,55.00000000000001,42.800000000000004,Moderate,Moderate
R0069,Prosecutor,1.0,1.0,1.0,1.0,1.0,1.0,1.0,1.0,1.0,1.0,3.0,2.0,2.0,,3.0,1.0,1.0,2.5,False,1.4285714285714286,False,0.0,0.0,37.5,15.0,18.75,55.00000000000001,24.5,Low,Low
R0069,Judge,1.0,1.0,1.0,1.0,1.0,1.0,1.0,1.0,1.0,1.0,2.0,1.0,1.0,1.0,1.0,1.0,1.0,1.2,True,1.0666666666666669,False,0.0,0.0,4.999999999999999,1.9999999999999998,2.4999999999999996,55.00000000000001,12.8,Very Low,Low
R0069,Advocate,1.0,1.0,1.0,1.0,,1.0,1.0,1.0,1.0,2.0,2.0,2.0,1.0,2.0,1.0,1.0,1.2,1.6,False,1.2857142857142858,False,0.0,4.999999999999999,15.000000000000002,6.000000000000001,10.0,55.00000000000001,17.400000000000002,Very Low,Low
R0069,CorrectionalOfficer,2.0,2.0,2.0,2.0,,1.0,2.0,1.0,1.0,1.0,1.0,1.0,1.0,1.0,1.0,2.0,1.2,1.0,False,1.3571428571428572,False,25.0,4.999999999999999,0.0,15.0,2.4999999999999996,55.00000000000001,18.0,Very Low,Low
R0070,Investigator,2.0,3.0,3.0,3.0,3.0,3.0,2.0,2.0,1.0,2.0,3.0,3.0,3.0,3.0,2.0,2.8,2.0,2.8,False,2.533333333333333,False,44.99999999999999,25.0,44.99999999999999,44.99999999999999,35.0,44.99999999999999,40.99999999999999,Moderate,Moderate
R0070,Prosecutor,3.0,3.0,2.0,3.0,4.0,4.0,4.0,4.0,4.0,,3.0,3.0,4.0,4.0,3.0,3.0,4.0,3.4,False,3.4285714285714284,False,50.0,75.0,60.0,54.0,67.5,44.99999999999999,57.6,Moderate,Moderate
R0070,Judge,3.0,4.0,4.0,4.0,3.0,4.0,4.0,4.0,3.0,3.0,4.0,5.0,5.0,4.0,5.0,3.6,3.6,4.6,False,3.933333333333333,False,65.0,65.0,89.99999999999999,75.0,77.5,44.99999999999999,70.0,High,High
R0070,Advocate,4.0,3.0,2.0,3.0,3.0,4.0,4.0,4.0,4.0,4.0,4.0,3.0,4.0,5.0,4.0,3.0,4.0,4.0,False,3.6666666666666665,False,50.0,75.0,75.0,60.0,75.0,44.99999999999999,63.0,High,High
R0070,CorrectionalOfficer,4.0,3.0,4.0,5.0,,4.0,4.0,3.0,4.0,4.0,4.0,3.0,3.0,4.0,5.0,4.0,3.8,3.8,False,3.857142857142857,False,75.0,70.0,70.0,73.0,70.0,44.99999999999999,66.2,High,High
R0071,Investigator,4.0,4.0,3.0,3.0,3.0,3.0,3.0,3.0,2.0,4.0,1.0,2.0,3.0,3.0,2.0,3.4,3.0,2.2,False,2.8666666666666667,False,60.0,50.0,30.000000000000004,48.0,40.0,93.75,53.95,Moderate,Moderate
R0071,Prosecutor,,4.0,4.0,4.0,4.0,4.0,3.0,4.0,3.0,3.0,,2.0,3.0,4.0,3.0,4.0,3.4,3.0,False,3.4615384615384617,False,75.0,60.0,50.0,65.0,55.0,93.75,66.75,High,High
R0071,Judge,2.0,2.0,1.0,2.0,3.0,2.0,2.0,1.0,3.0,2.0,3.0,2.0,1.0,3.0,2.0,2.0,2.0,2.2,False,2.066666666666667,False,25.0,25.0,30.000000000000004,27.0,27.5,93.75,40.55,Moderate,Moderate
R0071,CorrectionalOfficer,3.0,3.0,3.0,3.0,3.0,3.0,2.0,2.0,2.0,3.0,3.0,2.0,4.0,3.0,3.0,3.0,2.4,3.0,False,2.8,False,50.0,35.0,50.0,50.0,42.5,93.75,55.75,Moderate,Moderate
R0072,Investigator,3.0,3.0,,4.0,4.0,3.0,5.0,4.0,5.0,4.0,4.0,4.0,4.0,3.0,3.0,3.5,4.2,3.6,False,3.7857142857142856,False,62.5,80.0,65.0,63.5,72.5,30.000000000000004,60.400000000000006,High,High
R0072,Judge,3.0,2.0,4.0,3.0,3.0,4.0,4.0,4.0,5.0,4.0,4.0,4.0,4.0,3.0,4.0,3.0,4.2,3.8,False,3.6666666666666665,False,50.0,80.0,70.0,58.0,75.0,30.000000000000004,59.2,Moderate,Moderate
R0072,Advocate,2.0,2.0,2.0,3.0,,3.0,2.0,3.0,2.0,3.0,3.0,3.0,3.0,2.0,3.0,2.25,2.6,2.8,False,2.571428571428572,False,31.25,40.0,44.99999999999999,36.75,42.5,30.000000000000004,37.7,Low,Low
R0072,CorrectionalOfficer,2.0,2.0,2.0,2.0,3.0,3.0,1.0,2.0,2.0,2.0,2.0,1.0,2.0,2.0,2.0,2.2,2.0,1.8,False,2.0,False,30.000000000000004,25.0,20.0,26.0,22.5,30.000000000000004,25.4,Low,Low
R0073,Investigator,1.0,1.0,1.0,1.0,2.0,1.0,,1.0,2.0,1.0,3.0,2.0,2.0,2.0,1.0,1.2,1.25,2.0,False,1.5,False,4.999999999999999,6.25,25.0,13.0,15.625,40.0,19.45,Very Low,Low
R0073,Prosecutor,3.0,3.0,3.0,3.0,3.0,3.0,2.0,3.0,2.0,3.0,3.0,2.0,2.0,3.0,3.0,3.0,2.6,2.6,False,2.7333333333333334,False,50.0,40.0,40.0,46.0,40.0,40.0,42.400000000000006,Moderate,Moderate
R0073,Judge,3.0,2.0,2.0,2.0,2.0,2.0,,3.0,2.0,2.0,2.0,,3.0,2.0,2.0,2.2,2.25,2.25,False,2.230769230769231,False,30.000000000000004,31.25,31.25,30.5,31.25,40.0,32.7,Low,Low
R0073,Advocate,2.0,1.0,1.0,1.0,1.0,2.0,3.0,3.0,3.0,2.0,4.0,3.0,5.0,4.0,4.0,1.2,2.6,4.0,False,2.6,False,4.999999999999999,40.0,75.0,33.0,57.5,40.0,44.2,Moderate,Moderate
R0073,CorrectionalOfficer,5.0,4.0,4.0,3.0,4.0,3.0,3.0,3.0,3.0,3.0,4.0,4.0,4.0,4.0,5.0,4.0,3.0,4.2,False,3.733333333333333,False,75.0,50.0,80.0,77.0,65.0,40.0,64.8,High,High
R0074,Investigator,2.0,2.0,2.0,3.0,2.0,3.0,3.0,2.0,2.0,3.0,2.0,1.0,2.0,2.0,3.0,2.2,2.6,2.0,False,2.2666666666666666,False,30.000000000000004,40.0,25.0,28.0,32.5,30.000000000000004,30.200000000000003,Low,Low
R0074,Judge,3.0,2.0,2.0,2.0,2.0,2.0,3.0,2.0,4.0,4.0,2.0,3.0,3.0,3.0,3.0,2.2,3.0,2.8,False,2.6666666666666665,False,30.000000000000004,50.0,44.99999999999999,36.0,47.5,30.000000000000004,39.4,Low,Low
R0074,Advocate,2.0,2.0,1.0,1.0,2.0,2.0,3.0,2.0,2.0,2.0,2.0,1.0,2.0,2.0,2.0,1.6,2.2,1.8,False,1.8666666666666667,False,15.000000000000002,30.000000000000004,20.0,17.0,25.0,30.000000000000004,22.8,Low,Low
R0074,CorrectionalOfficer,2.0,,3.0,2.0,1.0,3.0,2.0,3.0,3.0,2.0,2.0,2.0,1.0,2.0,1.0,2.0,2.6,1.6,False,2.071428571428572,False,25.0,40.0,15.000000000000002,21.0,27.5,30.000000000000004,25.4,Low,Low
R0075,Investigator,5.0,5.0,5.0,5.0,5.0,5.0,5.0,5.0,5.0,5.0,3.0,4.0,4.0,4.0,3.0,5.0,5.0,3.6,False,4.533333333333333,False,100.0,100.0,65.0,86.0,82.5,55.00000000000001,78.4,High,High
R0075,Prosecutor,5.0,5.0,5.0,5.0,,5.0,5.0,5.0,5.0,5.0,5.0,5.0,5.0,5.0,5.0,5.0,5.0,5.0,True,5.0,False,100.0,100.0,100.0,100.0,100.0,55.00000000000001,91.0,Very High,High
R0075,Judge,5.0,5.0,5.0,5.0,5.0,5.0,,5.0,5.0,5.0,4.0,4.0,5.0,5.0,5.0,5.0,5.0,4.6,False,4.857142857142857,False,100.0,100.0,89.99999999999999,96.0,95.0,55.00000000000001,87.4,Very High,High
R0075,CorrectionalOfficer,5.0,5.0,5.0,5.0,5.0,5.0,5.0,5.0,5.0,5.0,5.0,5.0,5.0,5.0,5.0,5.0,5.0,5.0,True,5.0,False,100.0,100.0,100.0,100.0,100.0,55.00000000000001,91.0,Very High,High
R0076,Investigator,5.0,4.0,4.0,4.0,4.0,4.0,4.0,3.0,4.0,4.0,4.0,3.0,4.0,4.0,4.0,4.2,3.8,3.8,False,3.933333333333333,False,80.0,70.0,70.0,76.0,70.0,50.0,68.4,High,High
R0076,Prosecutor,3.0,3.0,4.0,3.0,3.0,3.0,3.0,3.0,2.0,4.0,3.0,3.0,3.0,4.0,4.0,3.2,3.0,3.4,False,3.2,False,55.00000000000001,50.0,60.0,57.0,55.0,50.0,54.8,Moderate,Moderate
R0076,Judge,4.0,4.0,4.0,3.0,3.0,3.0,4.0,3.0,3.0,4.0,3.0,3.0,4.0,3.0,4.0,3.6,3.4,3.4,False,3.466666666666667,False,65.0,60.0,60.0,63.0,60.0,50.0,59.2,Moderate,Moderate
R0076,Advocate,2.0,2.0,3.0,3.0,3.0,2.0,3.0,2.0,4.0,2.0,4.0,3.0,4.0,3.0,3.0,2.6,2.6,3.4,False,2.8666666666666667,False,40.0,40.0,60.0,48.0,50.0,50.0,49.2,Moderate,Moderate
R0076,CorrectionalOfficer,2.0,3.0,2.0,3.0,2.0,3.0,3.0,3.0,4.0,3.0,3.0,2.0,2.0,2.0,2.0,2.4,3.2,2.2,False,2.6,False,35.0,55.00000000000001,30.000000000000004,33.0,42.50000000000001,50.0,40.2,Moderate,Moderate
R0077,Investigator,4.0,4.0,5.0,4.0,4.0,5.0,4.0,4.0,5.0,4.0,3.0,4.0,4.0,4.0,3.0,4.2,4.4,3.6,False,4.066666666666666,False,80.0,85.00000000000001,65.0,74.0,75.0,9.999999999999998,61.6,High,High
R0077,Prosecutor,3.0,3.0,3.0,2.0,3.0,3.0,3.0,3.0,4.0,4.0,3.0,3.0,3.0,4.0,4.0,2.8,3.4,3.4,False,3.2,False,44.99999999999999,60.0,60.0,51.0,60.0,9.999999999999998,46.400000000000006,Moderate,Moderate
R0077,Judge,5.0,5.0,4.0,5.0,5.0,5.0,5.0,4.0,3.0,4.0,3.0,4.0,4.0,4.0,4.0,4.8,4.2,3.8,False,4.266666666666667,False,95.0,80.0,70.0,85.0,75.0,9.999999999999998,66.0,High,High
R0077,Advocate,5.0,4.0,5.0,4.0,4.0,3.0,3.0,4.0,4.0,4.0,3.0,3.0,3.0,3.0,3.0,4.4,3.6,3.0,False,3.6666666666666665,False,85.00000000000001,65.0,50.0,71.0,57.5,9.999999999999998,53.400000000000006,Moderate,Moderate
R0077,CorrectionalOfficer,4.0,4.0,4.0,4.0,3.0,3.0,2.0,,3.0,2.0,3.0,4.0,5.0,4.0,3.0,3.8,2.5,3.8,False,3.4285714285714284,False,70.0,37.5,70.0,70.0,53.75,9.999999999999998,51.5,Moderate,Moderate
R0078,Investigator,4.0,4.0,4.0,4.0,3.0,3.0,3.0,3.0,3.0,3.0,3.0,3.0,3.0,3.0,3.0,3.8,3.0,3.0,False,3.2666666666666666,False,70.0,50.0,50.0,62.0,50.0,60.0,56.8,Moderate,Moderate
R0078,Prosecutor,4.0,4.0,4.0,4.0,4.0,,3.0,3.0,5.0,4.0,4.0,4.0,4.0,3.0,4.0,4.0,3.75,3.8,False,3.857142857142857,False,75.0,68.75,70.0,73.0,69.375,60.0,68.95,High,High
R0078,Advocate,5.0,5.0,4.0,3.0,4.0,2.0,3.0,3.0,3.0,,4.0,3.0,3.0,3.0,3.0,4.2,2.75,3.2,False,3.4285714285714284,False,80.0,43.75,55.00000000000001,70.0,49.375,60.0,59.75,Moderate,Moderate
R0078,CorrectionalOfficer,3.0,2.0,3.0,,4.0,2.0,2.0,2.0,3.0,3.0,3.0,3.0,3.0,3.0,3.0,3.0,2.4,3.0,False,2.7857142857142856,False,50.0,35.0,50.0,50.0,42.5,60.0,49.0,Moderate,Moderate
R0079,Investigator,2.0,1.0,2.0,1.0,2.0,1.0,2.0,1.0,1.0,1.0,3.0,3.0,2.0,3.0,3.0,1.6,1.2,2.8,False,1.8666666666666667,False,15.000000000000002,4.999999999999999,44.99999999999999,26.999999999999996,24.999999999999996,35.0,27.799999999999997,Low,Low
R0079,Judge,3.0,2.0,1.0,2.0,2.0,3.0,1.0,2.0,,2.0,1.0,1.0,1.0,1.0,1.0,2.0,2.0,1.0,False,1.6428571428571428,False,25.0,25.0,0.0,15.0,12.5,35.0,18.0,Very Low,Low
R0079,Advocate,2.0,2.0,2.0,1.0,2.0,2.0,2.0,1.0,2.0,2.0,1.0,2.0,1.0,1.0,1.0,1.8,1.8,1.2,False,1.6,False,20.0,20.0,4.999999999999999,14.0,12.5,35.0,17.6,Very Low,Low
R0079,CorrectionalOfficer,3.0,4.0,4.0,2.0,4.0,1.0,2.0,1.0,1.0,2.0,3.0,3.0,2.0,2.0,2.0,3.4,1.4,2.4,False,2.4,False,60.0,9.999999999999998,35.0,50.0,22.5,35.0,36.0,Low,Low
R0080,Investigator,3.0,3.0,3.0,4.0,4.0,3.0,3.0,2.0,3.0,2.0,3.0,3.0,3.0,3.0,3.0,3.4,2.6,3.0,False,3.0,False,60.0,40.0,50.0,56.0,45.0,56.25,51.650000000000006,Moderate,Moderate
R0080,Prosecutor,1.0,2.0,3.0,2.0,2.0,1.0,,1.0,2.0,2.0,3.0,3.0,2.0,4.0,2.0,2.0,1.5,2.8,False,2.142857142857143,False,25.0,12.5,44.99999999999999,33.0,28.749999999999996,56.25,35.95,Low,Low
R0080,Judge,2.0,2.0,2.0,1.0,1.0,2.0,3.0,2.0,2.0,2.0,1.0,1.0,1.0,1.0,2.0,1.6,2.2,1.2,False,1.6666666666666667,False,15.000000000000002,30.000000000000004,4.999999999999999,11.0,17.5,56.25,22.65,Low,Low
R0080,CorrectionalOfficer,1.0,2.0,3.0,1.0,2.0,3.0,4.0,3.0,3.0,2.0,,2.0,3.0,3.0,3.0,1.8,3.0,2.75,False,2.5,False,20.0,50.0,43.75,29.5,46.875,56.25,41.8,Moderate,Moderate
R0081,Investigator,3.0,3.0,3.0,2.0,3.0,4.0,4.0,4.0,5.0,4.0,4.0,2.0,4.0,3.0,4.0,2.8,4.2,3.4,False,3.466666666666667,False,44.99999999999999,80.0,60.0,51.0,70.0,50.0,58.400000000000006,Moderate,Moderate
R0081,Prosecutor,2.0,3.0,3.0,3.0,2.0,4.0,3.0,4.0,3.0,3.0,2.0,3.0,2.0,2.0,3.0,2.6,3.4,2.4,False,2.8,False,40.0,60.0,35.0,38.0,47.5,50.0,44.2,Moderate,Moderate
R0081,Judge,3.0,2.0,3.0,3.0,3.0,2.0,4.0,3.0,3.0,3.0,3.0,4.0,4.0,3.0,3.0,2.8,3.0,3.4,False,3.066666666666667,False,44.99999999999999,50.0,60.0,51.0,55.0,50.0,52.400000000000006,Moderate,Moderate
R0081,CorrectionalOfficer,4.0,,4.0,4.0,5.0,5.0,,5.0,5.0,5.0,5.0,5.0,5.0,5.0,5.0,4.25,5.0,5.0,False,4.769230769230769,False,81.25,100.0,100.0,88.75,100.0,50.0,85.5,Very High,High
R0082,Investigator,3.0,3.0,3.0,3.0,3.0,4.0,4.0,5.0,3.0,4.0,4.0,4.0,3.0,3.0,3.0,3.0,4.0,3.4,False,3.466666666666667,False,50.0,75.0,60.0,54.0,67.5,50.0,58.6,Moderate,Moderate
R0082,Prosecutor,3.0,3.0,3.0,2.0,3.0,3.0,2.0,2.0,3.0,3.0,3.0,3.0,3.0,3.0,3.0,2.8,2.6,3.0,False,2.8,False,44.99999999999999,40.0,50.0,47.0,45.0,50.0,46.8,Moderate,Moderate
R0082,Judge,4.0,3.0,4.0,4.0,3.0,3.0,4.0,3.0,4.0,3.0,4.0,4.0,4.0,4.0,3.0,3.6,3.4,3.8,False,3.6,False,65.0,60.0,70.0,67.0,65.0,50.0,62.8,High,High
R0082,CorrectionalOfficer,5.0,4.0,4.0,4.0,5.0,3.0,2.0,3.0,3.0,3.0,5.0,4.0,,5.0,5.0,4.4,2.8,4.75,False,3.928571428571429,False,85.00000000000001,44.99999999999999,93.75,88.5,69.375,50.0,73.15,High,High
R0083,Investigator,4.0,3.0,3.0,3.0,3.0,,3.0,4.0,4.0,3.0,2.0,,2.0,1.0,1.0,3.2,3.5,1.5,False,2.769230769230769,False,55.00000000000001,62.5,12.5,38.0,37.5,80.0,46.2,Moderate,Moderate
R0083,Prosecutor,4.0,3.0,3.0,3.0,4.0,4.0,3.0,3.0,,3.0,4.0,4.0,2.0,2.0,3.0,3.4,3.25,3.0,False,3.2142857142857144,False,60.0,56.25,50.0,56.0,53.125,80.0,59.650000000000006,Moderate,Moderate
R0083,Judge,4.0,4.0,3.0,4.0,4.0,3.0,2.0,3.0,3.0,4.0,2.0,3.0,3.0,3.0,3.0,3.8,3.0,2.8,False,3.2,False,70.0,50.0,44.99999999999999,60.0,47.5,80.0,59.0,Moderate,Moderate
R0083,CorrectionalOfficer,2.0,3.0,3.0,4.0,3.0,3.0,2.0,3.0,2.0,2.0,2.0,2.0,3.0,3.0,3.0,3.0,2.4,2.6,False,2.6666666666666665,False,50.0,35.0,40.0,46.0,37.5,80.0,49.400000000000006,Moderate,Moderate
R0084,Investigator,3.0,3.0,3.0,3.0,3.0,2.0,2.0,3.0,3.0,3.0,4.0,3.0,4.0,4.0,3.0,3.0,2.6,3.6,False,3.066666666666667,False,50.0,40.0,65.0,56.0,52.5,65.0,56.400000000000006,Moderate,Moderate
R0084,Prosecutor,4.0,5.0,4.0,3.0,4.0,,3.0,3.0,3.0,3.0,2.0,3.0,2.0,2.0,2.0,4.0,3.0,2.2,False,3.071428571428572,False,75.0,50.0,30.000000000000004,57.0,40.0,65.0,51.8,Moderate,Moderate
R0084,Judge,4.0,3.0,5.0,4.0,4.0,4.0,3.0,4.0,,,4.0,3.0,3.0,4.0,4.0,4.0,,3.6,False,3.769230769230769,False,75.0,,65.0,71.0,,65.0,,,
R0084,Advocate,3.0,2.0,3.0,3.0,3.0,2.0,3.0,2.0,2.0,2.0,3.0,3.0,3.0,3.0,4.0,2.8,2.2,3.2,False,2.7333333333333334,False,44.99999999999999,30.000000000000004,55.00000000000001,49.0,42.50000000000001,65.0,49.60000000000001,Moderate,Moderate
R0084,CorrectionalOfficer,3.0,4.0,4.0,4.0,3.0,4.0,4.0,3.0,4.0,4.0,3.0,3.0,3.0,4.0,4.0,3.6,3.8,3.4,False,3.6,False,65.0,70.0,60.0,63.0,65.0,65.0,64.2,High,High
R0085,Investigator,2.0,1.0,2.0,2.0,2.0,3.0,3.0,3.0,4.0,3.0,3.0,3.0,2.0,2.0,2.0,1.8,3.2,2.4,False,2.466666666666667,False,20.0,55.00000000000001,35.0,26.0,45.0,40.0,36.4,Low,Low
R0085,Prosecutor,2.0,2.0,3.0,3.0,2.0,2.0,3.0,,3.0,3.0,4.0,4.0,4.0,5.0,4.0,2.4,2.75,4.2,False,3.142857142857143,False,35.0,43.75,80.0,53.0,61.875,40.0,53.95,Moderate,Moderate
R0085,Judge,3.0,3.0,3.0,3.0,3.0,2.0,3.0,2.0,2.0,3.0,3.0,4.0,4.0,3.0,3.0,3.0,2.4,3.4,False,2.933333333333333,False,50.0,35.0,60.0,54.0,47.5,40.0,48.6,Moderate,Moderate
R0085,Advocate,3.0,2.0,2.0,3.0,2.0,3.0,3.0,3.0,4.0,4.0,5.0,4.0,4.0,5.0,4.0,2.4,3.4,4.4,False,3.4,False,35.0,60.0,85.00000000000001,55.00000000000001,72.5,40.0,59.0,Moderate,Moderate
R0085,CorrectionalOfficer,3.0,3.0,2.0,3.0,3.0,2.0,3.0,2.0,2.0,2.0,2.0,3.0,2.0,2.0,3.0,2.8,2.2,2.4,False,2.466666666666667,False,44.99999999999999,30.000000000000004,35.0,41.0,32.5,40.0,37.400000000000006,Low,Low
R0086,Investigator,4.0,3.0,4.0,4.0,4.0,5.0,4.0,5.0,,4.0,4.0,4.0,3.0,3.0,4.0,3.8,4.5,3.6,False,3.928571428571429,False,70.0,87.5,65.0,68.0,76.25,56.25,68.95,High,High
R0086,Prosecutor,4.0,4.0,4.0,4.0,4.0,3.0,3.0,3.0,4.0,3.0,,2.0,3.0,3.0,3.0,4.0,3.2,2.75,False,3.357142857142857,False,75.0,55.00000000000001,43.75,62.5,49.375,56.25,56.0,Moderate,Moderate
R0086,Judge,3.0,2.0,3.0,2.0,2.0,1.0,2.0,2.0,2.0,2.0,2.0,2.0,2.0,2.0,3.0,2.4,1.8,2.2,False,2.1333333333333333,False,35.0,20.0,30.000000000000004,33.0,25.0,56.25,34.45,Low,Low
R0086,CorrectionalOfficer,3.0,2.0,3.0,2.0,2.0,2.0,2.0,2.0,2.0,2.0,3.0,2.0,4.0,3.0,3.0,2.4,2.0,3.0,False,2.466666666666667,False,35.0,25.0,50.0,41.0,37.5,56.25,42.650000000000006,Moderate,Moderate
R0087,Investigator,4.0,4.0,2.0,3.0,4.0,3.0,3.0,3.0,3.0,4.0,3.0,4.0,,3.0,3.0,3.4,3.2,3.25,False,3.2857142857142856,False,60.0,55.00000000000001,56.25,58.5,55.625,30.000000000000004,51.650000000000006,Moderate,Moderate
R0087,Prosecutor,2.0,2.0,3.0,2.0,2.0,4.0,3.0,4.0,3.0,3.0,3.0,2.0,3.0,3.0,3.0,2.2,3.4,2.8,False,2.8,False,30.000000000000004,60.0,44.99999999999999,36.0,52.5,30.000000000000004,41.4,Moderate,Moderate
R0087,Judge,2.0,2.0,3.0,2.0,3.0,2.0,2.0,2.0,2.0,3.0,2.0,2.0,3.0,2.0,2.0,2.4,2.2,2.2,False,2.2666666666666666,False,35.0,30.000000000000004,30.000000000000004,33.0,30.000000000000004,30.000000000000004,31.200000000000003,Low,Low
R0087,Advocate,3.0,3.0,3.0,3.0,2.0,2.0,,2.0,2.0,3.0,1.0,1.0,1.0,2.0,1.0,2.8,2.25,1.2,False,2.071428571428572,False,44.99999999999999,31.25,4.999999999999999,28.999999999999996,18.125,30.000000000000004,24.85,Low,Low
R0087,CorrectionalOfficer,4.0,4.0,4.0,4.0,4.0,3.0,3.0,3.0,3.0,4.0,3.0,3.0,3.0,4.0,3.0,4.0,3.2,3.2,False,3.466666666666667,False,75.0,55.00000000000001,55.00000000000001,67.0,55.00000000000001,30.000000000000004,54.800000000000004,Moderate,Moderate
R0088,Investigator,5.0,5.0,3.0,5.0,5.0,4.0,4.0,4.0,4.0,3.0,4.0,4.0,4.0,3.0,5.0,4.6,3.8,4.0,False,4.133333333333334,False,89.99999999999999,70.0,75.0,84.0,72.5,50.0,72.6,High,High
R0088,Prosecutor,4.0,4.0,4.0,3.0,4.0,3.0,2.0,2.0,3.0,2.0,1.0,1.0,2.0,2.0,2.0,3.8,2.4,1.6,False,2.6,False,70.0,35.0,15.000000000000002,48.0,25.0,50.0,39.2,Low,Low
R0088,Judge,1.0,1.0,2.0,,2.0,2.0,2.0,2.0,3.0,3.0,2.0,3.0,3.0,3.0,3.0,1.5,2.4,2.8,False,2.2857142857142856,False,12.5,35.0,44.99999999999999,25.499999999999996,40.0,50.0,36.2,Low,Low
R0088,Advocate,3.0,3.0,3.0,3.0,3.0,3.0,3.0,3.0,3.0,4.0,4.0,3.0,3.0,3.0,3.0,3.0,3.2,3.2,False,3.1333333333333333,False,50.0,55.00000000000001,55.00000000000001,52.0,55.00000000000001,50.0,52.800000000000004,Moderate,Moderate
R0088,CorrectionalOfficer,3.0,3.0,2.0,2.0,3.0,1.0,1.0,3.0,1.0,3.0,3.0,1.0,2.0,2.0,2.0,2.6,1.8,2.0,False,2.1333333333333333,False,40.0,20.0,25.0,34.0,22.5,50.0,32.6,Low,Low
R0089,Investigator,4.0,4.0,3.0,,3.0,4.0,4.0,4.0,4.0,5.0,4.0,2.0,3.0,4.0,3.0,3.5,4.2,3.2,False,3.642857142857143,False,62.5,80.0,55.00000000000001,59.5,67.5,44.99999999999999,59.8,Moderate,Moderate
R0089,Prosecutor,3.0,4.0,3.0,4.0,3.0,4.0,4.0,4.0,4.0,3.0,4.0,3.0,4.0,3.0,3.0,3.4,3.8,3.4,False,3.533333333333333,False,60.0,70.0,60.0,60.0,65.0,44.99999999999999,59.0,Moderate,Moderate
R0089,Judge,2.0,1.0,2.0,2.0,1.0,2.0,3.0,3.0,3.0,2.0,3.0,4.0,2.0,1.0,2.0,1.6,2.6,2.4,False,2.2,False,15.000000000000002,40.0,35.0,23.0,37.5,44.99999999999999,33.2,Low,Low
R0089,Advocate,3.0,3.0,2.0,3.0,3.0,4.0,3.0,4.0,4.0,3.0,4.0,5.0,4.0,4.0,5.0,2.8,3.6,4.4,False,3.6,False,44.99999999999999,65.0,85.00000000000001,61.0,75.0,44.99999999999999,63.400000000000006,High,High
R0089,CorrectionalOfficer,2.0,3.0,3.0,3.0,4.0,4.0,5.0,4.0,5.0,5.0,4.0,3.0,3.0,3.0,3.0,3.0,4.6,3.2,False,3.6,False,50.0,89.99999999999999,55.00000000000001,52.0,72.5,44.99999999999999,58.8,Moderate,Moderate
R0090,Investigator,1.0,1.0,1.0,1.0,5.0,1.0,1.0,5.0,5.0,1.0,1.0,1.0,5.0,1.0,1.0,1.8,2.6,1.8,False,2.066666666666667,False,20.0,40.0,20.0,20.0,30.0,35.0,27.0,Low,Low
R0090,Prosecutor,3.0,4.0,3.0,3.0,3.0,4.0,4.0,4.0,4.0,4.0,4.0,5.0,4.0,4.0,4.0,3.2,4.0,4.2,False,3.8,False,55.00000000000001,75.0,80.0,65.0,77.5,35.0,64.0,High,High
R0090,Judge,4.0,5.0,,4.0,3.0,5.0,4.0,5.0,5.0,5.0,5.0,5.0,5.0,5.0,5.0,4.0,4.8,5.0,False,4.642857142857143,False,75.0,95.0,100.0,85.0,97.5,35.0,80.0,High,High
R0090,Advocate,4.0,4.0,4.0,4.0,5.0,4.0,5.0,3.0,4.0,5.0,4.0,3.0,4.0,4.0,4.0,4.2,4.2,3.8,False,4.066666666666666,False,80.0,80.0,70.0,76.0,75.0,35.0,67.4,High,High
R0090,CorrectionalOfficer,3.0,2.0,2.0,3.0,3.0,3.0,3.0,4.0,3.0,4.0,3.0,3.0,3.0,,2.0,2.6,3.4,2.75,False,2.9285714285714284,False,40.0,60.0,43.75,41.5,51.875,35.0,44.35,Moderate,Moderate
R0091,Investigator,2.0,3.0,2.0,3.0,3.0,,2.0,2.0,3.0,2.0,2.0,2.0,2.0,1.0,2.0,2.6,2.25,1.8,False,2.2142857142857144,False,40.0,31.25,20.0,32.0,25.625,25.0,28.05,Low,Low
R0091,Prosecutor,2.0,4.0,3.0,3.0,3.0,3.0,4.0,2.0,4.0,3.0,2.0,3.0,2.0,3.0,2.0,3.0,3.2,2.4,False,2.8666666666666667,False,50.0,55.00000000000001,35.0,44.0,45.0,25.0,40.6,Moderate,Moderate
R0091,Judge,2.0,2.0,4.0,,3.0,2.0,2.0,2.0,3.0,3.0,2.0,2.0,,1.0,3.0,2.75,2.4,2.0,False,2.3846153846153846,False,43.75,35.0,25.0,36.25,30.0,25.0,31.5,Low,Low
R0091,Advocate,2.0,4.0,3.0,4.0,4.0,2.0,2.0,3.0,3.0,3.0,2.0,2.0,2.0,1.0,,3.4,2.6,1.75,False,2.642857142857143,False,60.0,40.0,18.75,43.5,29.375,25.0,34.150000000000006,Low,Low
R0091,CorrectionalOfficer,3.0,3.0,3.0,4.0,3.0,4.0,4.0,3.0,3.0,4.0,4.0,3.0,4.0,3.0,3.0,3.2,3.6,3.4,False,3.4,False,55.00000000000001,65.0,60.0,57.0,62.5,25.0,52.8,Moderate,Moderate
R0092,Investigator,1.0,1.0,2.0,2.0,2.0,2.0,2.0,2.0,2.0,2.0,2.0,2.0,2.0,2.0,2.0,1.6,2.0,2.0,False,1.8666666666666667,False,15.000000000000002,25.0,25.0,19.0,25.0,15.000000000000002,20.6,Low,Low
R0092,Prosecutor,3.0,3.0,2.0,2.0,3.0,1.0,1.0,1.0,1.0,1.0,2.0,2.0,2.0,,2.0,2.6,1.0,2.0,False,1.8571428571428568,False,40.0,0.0,25.0,34.0,12.5,15.000000000000002,21.6,Low,Low
R0092,Judge,1.0,2.0,2.0,2.0,2.0,2.0,3.0,2.0,2.0,2.0,2.0,2.0,3.0,2.0,2.0,1.8,2.2,2.2,False,2.066666666666667,False,20.0,30.000000000000004,30.000000000000004,24.0,30.000000000000004,15.000000000000002,24.6,Low,Low
R0092,Advocate,2.0,3.0,3.0,3.0,2.0,2.0,2.0,2.0,2.0,2.0,2.0,2.0,3.0,3.0,3.0,2.6,2.0,2.6,False,2.4,False,40.0,25.0,40.0,40.0,32.5,15.000000000000002,32.0,Low,Low
R0092,CorrectionalOfficer,1.0,1.0,1.0,1.0,1.0,1.0,1.0,2.0,1.0,1.0,2.0,2.0,1.0,1.0,1.0,1.0,1.2,1.4,False,1.2,False,0.0,4.999999999999999,9.999999999999998,3.9999999999999996,7.499999999999998,15.000000000000002,7.6,Very Low,Low
R0093,Investigator,3.0,2.0,3.0,2.0,3.0,2.0,3.0,1.0,3.0,1.0,3.0,2.0,3.0,3.0,4.0,2.6,2.0,3.0,False,2.533333333333333,False,40.0,25.0,50.0,44.0,37.5,85.00000000000001,49.60000000000001,Moderate,Moderate
R0093,Prosecutor,3.0,3.0,3.0,3.0,2.0,2.0,2.0,2.0,3.0,3.0,3.0,3.0,3.0,,1.0,2.8,2.4,2.5,False,2.571428571428572,False,44.99999999999999,35.0,37.5,42.0,36.25,85.00000000000001,48.300000000000004,Moderate,Moderate
R0093,Judge,3.0,3.0,2.0,3.0,2.0,3.0,3.0,4.0,4.0,3.0,3.0,3.0,4.0,2.0,2.0,2.6,3.4,2.8,False,2.933333333333333,False,40.0,60.0,44.99999999999999,42.0,52.5,85.00000000000001,54.8,Moderate,Moderate
R0093,CorrectionalOfficer,2.0,3.0,3.0,2.0,2.0,3.0,3.0,4.0,2.0,3.0,4.0,3.0,2.0,3.0,3.0,2.4,3.0,3.0,False,2.8,False,35.0,50.0,50.0,41.0,50.0,85.00000000000001,53.400000000000006,Moderate,Moderate
R0094,Investigator,5.0,5.0,5.0,5.0,5.0,5.0,5.0,5.0,5.0,5.0,4.0,4.0,4.0,3.0,5.0,5.0,5.0,4.0,False,4.666666666666667,False,100.0,100.0,75.0,90.0,87.5,65.0,84.0,Very High,High
R0094,Prosecutor,3.0,3.0,3.0,3.0,3.0,3.0,3.0,3.0,4.0,4.0,4.0,4.0,4.0,,4.0,3.0,3.4,4.0,False,3.4285714285714284,False,50.0,60.0,75.0,60.0,67.5,65.0,64.0,High,High
R0094,CorrectionalOfficer,2.0,2.0,3.0,2.0,2.0,4.0,4.0,4.0,5.0,4.0,5.0,4.0,5.0,4.0,4.0,2.2,4.2,4.4,False,3.6,False,30.000000000000004,80.0,85.00000000000001,52.00000000000001,82.5,65.0,66.80000000000001,High,High
R0095,Investigator,,2.0,2.0,3.0,2.0,2.0,2.0,3.0,2.0,2.0,2.0,2.0,,3.0,2.0,2.25,2.2,2.25,False,2.230769230769231,False,31.25,30.000000000000004,31.25,31.25,30.625,60.0,36.75,Low,Low
R0095,Prosecutor,2.0,3.0,2.0,3.0,2.0,3.0,2.0,3.0,2.0,3.0,3.0,3.0,3.0,3.0,3.0,2.4,2.6,3.0,False,2.6666666666666665,False,35.0,40.0,50.0,41.0,45.0,60.0,46.400000000000006,Moderate,Moderate
R0095,Judge,2.0,2.0,2.0,3.0,2.0,2.0,2.0,2.0,2.0,2.0,3.0,2.0,2.0,2.0,3.0,2.2,2.0,2.4,False,2.2,False,30.000000000000004,25.0,35.0,32.0,30.0,60.0,36.8,Low,Low
R0095,Advocate,2.0,1.0,1.0,1.0,1.0,2.0,2.0,2.0,2.0,2.0,2.0,1.0,3.0,2.0,2.0,1.2,2.0,2.0,False,1.7333333333333334,False,4.999999999999999,25.0,25.0,13.0,25.0,60.0,27.2,Low,Low
R0095,CorrectionalOfficer,3.0,3.0,3.0,3.0,3.0,1.0,1.0,2.0,1.0,1.0,3.0,3.0,4.0,4.0,3.0,3.0,1.2,3.4,False,2.533333333333333,False,50.0,4.999999999999999,60.0,54.0,32.5,60.0,46.6,Moderate,Moderate
R0096,Investigator,2.0,2.0,2.0,2.0,2.0,2.0,1.0,1.0,2.0,1.0,2.0,2.0,2.0,3.0,1.0,2.0,1.4,2.0,False,1.8,False,25.0,9.999999999999998,25.0,25.0,17.5,50.0,27.0,Low,Low
R0096,Judge,2.0,3.0,3.0,3.0,3.0,3.0,,,2.0,3.0,2.0,2.0,2.0,3.0,2.0,2.8,,2.2,False,2.5384615384615383,False,44.99999999999999,,30.000000000000004,39.0,,50.0,,,
R0096,Advocate,2.0,3.0,2.0,2.0,2.0,2.0,3.0,3.0,3.0,2.0,3.0,3.0,2.0,3.0,3.0,2.2,2.6,2.8,False,2.533333333333333,False,30.000000000000004,40.0,44.99999999999999,36.0,42.5,50.0,41.4,Moderate,Moderate
R0096,CorrectionalOfficer,1.0,2.0,1.0,2.0,2.0,1.0,2.0,3.0,2.0,2.0,2.0,1.0,2.0,1.0,1.0,1.6,2.0,1.4,False,1.6666666666666667,False,15.000000000000002,25.0,9.999999999999998,13.0,17.5,50.0,22.2,Low,Low
R0097,Investigator,4.0,3.0,4.0,4.0,4.0,4.0,3.0,3.0,4.0,3.0,4.0,5.0,4.0,4.0,4.0,3.8,3.4,4.2,False,3.8,False,70.0,60.0,80.0,74.0,70.0,25.0,62.6,High,High
R0097,Prosecutor,3.0,3.0,,3.0,3.0,3.0,2.0,3.0,2.0,2.0,2.0,1.0,1.0,1.0,2.0,3.0,2.4,1.4,False,2.2142857142857144,False,50.0,35.0,9.999999999999998,34.0,22.5,25.0,27.6,Low,Low
R0097,Judge,2.0,4.0,4.0,3.0,3.0,2.0,3.0,2.0,2.0,1.0,2.0,2.0,3.0,3.0,,3.2,2.0,2.5,False,2.571428571428572,False,55.00000000000001,25.0,37.5,48.0,31.25,25.0,36.7,Low,Low
R0097,Advocate,4.0,3.0,4.0,3.0,3.0,2.0,2.0,1.0,2.0,,1.0,2.0,2.0,2.0,1.0,3.4,1.75,1.6,False,2.2857142857142856,False,60.0,18.75,15.000000000000002,42.0,16.875,25.0,28.55,Low,Low
R0097,CorrectionalOfficer,3.0,2.0,3.0,,3.0,2.0,2.0,2.0,3.0,3.0,3.0,4.0,3.0,3.0,4.0,2.75,2.4,3.4,False,2.857142857142857,False,43.75,35.0,60.0,50.25,47.5,25.0,44.1,Moderate,Moderate
R0098,Investigator,5.0,4.0,4.0,3.0,4.0,3.0,3.0,3.0,4.0,3.0,4.0,4.0,4.0,4.0,5.0,4.0,3.2,4.2,False,3.8,False,75.0,55.00000000000001,80.0,77.0,67.5,65.0,70.8,High,High
R0098,Prosecutor,4.0,3.0,4.0,4.0,4.0,3.0,2.0,4.0,3.0,3.0,2.0,3.0,2.0,3.0,2.0,3.8,3.0,2.4,False,3.066666666666667,False,70.0,50.0,35.0,56.0,42.5,65.0,52.400000000000006,Moderate,Moderate
R0098,Judge,2.0,2.0,3.0,2.0,3.0,5.0,5.0,5.0,4.0,5.0,5.0,5.0,5.0,4.0,4.0,2.4,4.8,4.6,False,3.933333333333333,False,35.0,95.0,89.99999999999999,56.99999999999999,92.5,65.0,72.8,High,High
R0098,CorrectionalOfficer,4.0,4.0,4.0,4.0,4.0,3.0,3.0,3.0,4.0,2.0,2.0,3.0,2.0,3.0,3.0,4.0,3.0,2.6,False,3.2,False,75.0,50.0,40.0,61.0,45.0,65.0,55.400000000000006,Moderate,Moderate
R0099,Investigator,5.0,5.0,5.0,5.0,5.0,4.0,4.0,4.0,4.0,4.0,3.0,5.0,5.0,5.0,5.0,5.0,4.0,4.6,False,4.533333333333333,False,100.0,75.0,89.99999999999999,96.0,82.5,20.0,75.4,High,High
R0099,Prosecutor,4.0,,4.0,3.0,4.0,4.0,3.0,2.0,3.0,3.0,2.0,2.0,2.0,2.0,2.0,3.75,3.0,2.0,False,2.857142857142857,False,68.75,50.0,25.0,51.25,37.5,20.0,39.5,Low,Low
R0099,Judge,4.0,2.0,4.0,3.0,4.0,4.0,4.0,5.0,5.0,5.0,5.0,4.0,4.0,4.0,5.0,3.4,4.6,4.4,False,4.133333333333334,False,60.0,89.99999999999999,85.00000000000001,70.0,87.5,20.0,67.0,High,High
R0099,Advocate,4.0,3.0,4.0,4.0,3.0,3.0,3.0,3.0,4.0,4.0,3.0,3.0,,4.0,3.0,3.6,3.4,3.25,False,3.4285714285714284,False,65.0,60.0,56.25,61.5,58.125,20.0,51.85,Moderate,Moderate
R0099,CorrectionalOfficer,4.0,3.0,3.0,3.0,2.0,2.0,2.0,3.0,3.0,2.0,3.0,3.0,3.0,2.0,2.0,3.0,2.4,2.6,False,2.6666666666666665,False,50.0,35.0,40.0,46.0,37.5,20.0,37.400000000000006,Low,Low
R0100,Investigator,1.0,1.0,1.0,1.0,2.0,2.0,2.0,2.0,2.0,2.0,2.0,2.0,2.0,2.0,2.0,1.2,2.0,2.0,False,1.7333333333333334,False,4.999999999999999,25.0,25.0,13.0,25.0,65.0,28.2,Low,Low
R0100,Prosecutor,3.0,4.0,3.0,3.0,,3.0,3.0,2.0,3.0,,3.0,3.0,1.0,3.0,3.0,3.25,2.75,2.6,False,2.8461538461538463,False,56.25,43.75,40.0,49.75,41.875,65.0,49.650000000000006,Moderate,Moderate
R0100,Judge,2.0,3.0,1.0,2.0,2.0,3.0,2.0,2.0,3.0,3.0,3.0,4.0,3.0,3.0,2.0,2.0,2.6,3.0,False,2.533333333333333,False,25.0,40.0,50.0,35.0,45.0,65.0,45.0,Moderate,Moderate
R0100,CorrectionalOfficer,3.0,2.0,1.0,2.0,,3.0,,3.0,3.0,3.0,3.0,2.0,2.0,1.0,2.0,2.0,3.0,2.0,False,2.3076923076923075,False,25.0,50.0,25.0,25.0,37.5,65.0,38.0,Low,Low
R0101,Investigator,3.0,3.0,2.0,3.0,3.0,2.0,3.0,4.0,3.0,3.0,3.0,3.0,4.0,3.0,3.0,2.8,3.0,3.2,False,3.0,False,44.99999999999999,50.0,55.00000000000001,49.0,52.5,50.0,50.6,Moderate,Moderate
R0101,Prosecutor,2.0,3.0,2.0,1.0,3.0,4.0,3.0,3.0,3.0,4.0,3.0,3.0,3.0,3.0,3.0,2.2,3.4,3.0,False,2.8666666666666667,False,30.000000000000004,60.0,50.0,38.0,55.0,50.0,47.2,Moderate,Moderate
R0101,Judge,1.0,3.0,3.0,3.0,3.0,3.0,1.0,2.0,3.0,2.0,3.0,3.0,3.0,3.0,3.0,2.6,2.2,3.0,False,2.6,False,40.0,30.000000000000004,50.0,44.0,40.0,50.0,43.6,Moderate,Moderate
R0101,CorrectionalOfficer,2.0,3.0,1.0,2.0,2.0,2.0,3.0,2.0,3.0,4.0,3.0,2.0,3.0,3.0,3.0,2.0,2.8,2.8,False,2.533333333333333,False,25.0,44.99999999999999,44.99999999999999,33.0,44.99999999999999,50.0,41.199999999999996,Moderate,Moderate
R0102,Investigator,3.0,3.0,4.0,3.0,3.0,,2.0,2.0,2.0,2.0,2.0,1.0,2.0,2.0,1.0,3.2,2.0,1.6,False,2.2857142857142856,False,55.00000000000001,25.0,15.000000000000002,39.0,20.0,44.99999999999999,32.6,Low,Low
R0102,Prosecutor,1.0,1.0,1.0,2.0,1.0,1.0,1.0,1.0,1.0,1.0,2.0,2.0,2.0,3.0,3.0,1.2,1.0,2.4,False,1.5333333333333334,False,4.999999999999999,0.0,35.0,17.0,17.5,44.99999999999999,22.799999999999997,Low,Low
R0102,Judge,4.0,3.0,3.0,4.0,3.0,4.0,3.0,4.0,4.0,3.0,3.0,2.0,3.0,3.0,2.0,3.4,3.6,2.6,False,3.2,False,60.0,65.0,40.0,52.0,52.5,44.99999999999999,50.8,Moderate,Moderate
R0102,Advocate,2.0,3.0,3.0,2.0,3.0,4.0,4.0,3.0,3.0,4.0,2.0,3.0,2.0,3.0,2.0,2.6,3.6,2.4,False,2.8666666666666667,False,40.0,65.0,35.0,38.0,50.0,44.99999999999999,44.2,Moderate,Moderate
R0102,CorrectionalOfficer,3.0,2.0,3.0,2.0,2.0,3.0,4.0,4.0,4.0,3.0,3.0,4.0,3.0,3.0,2.0,2.4,3.6,3.0,False,3.0,False,35.0,65.0,50.0,41.0,57.5,44.99999999999999,48.400000000000006,Moderate,Moderate
R0103,Investigator,3.0,3.0,3.0,3.0,3.0,2.0,3.0,2.0,3.0,2.0,4.0,3.0,3.0,4.0,4.0,3.0,2.4,3.6,False,3.0,False,50.0,35.0,65.0,56.0,50.0,43.75,51.150000000000006,Moderate,Moderate
R0103,Prosecutor,2.0,2.0,2.0,2.0,1.0,2.0,1.0,2.0,2.0,1.0,2.0,2.0,2.0,1.0,3.0,1.8,1.6,2.0,False,1.8,False,20.0,15.000000000000002,25.0,22.0,20.0,43.75,25.55,Low,Low
R0103,Judge,2.0,1.0,1.0,1.0,1.0,1.0,2.0,1.0,1.0,1.0,3.0,2.0,3.0,3.0,1.0,1.2,1.2,2.4,False,1.6,False,4.999999999999999,4.999999999999999,35.0,17.0,20.0,43.75,23.55,Low,Low
R0103,Advocate,2.0,3.0,3.0,2.0,2.0,1.0,2.0,2.0,2.0,,4.0,4.0,3.0,4.0,3.0,2.4,1.75,3.6,False,2.642857142857143,False,35.0,18.75,65.0,47.0,41.875,43.75,44.3,Moderate,Moderate
R0103,CorrectionalOfficer,4.0,5.0,4.0,4.0,,2.0,3.0,2.0,3.0,3.0,3.0,3.0,4.0,,3.0,4.25,2.6,3.25,False,3.3076923076923075,False,81.25,40.0,56.25,71.25,48.125,43.75,56.5,Moderate,Moderate
R0104,Investigator,1.0,3.0,2.0,2.0,4.0,2.0,3.0,4.0,4.0,3.0,2.0,3.0,2.0,3.0,4.0,2.4,3.2,2.8,False,2.8,False,35.0,55.00000000000001,44.99999999999999,39.0,50.0,20.0,39.6,Low,Low
R0104,Prosecutor,4.0,3.0,3.0,3.0,4.0,2.0,3.0,3.0,2.0,,3.0,5.0,4.0,4.0,3.0,3.4,2.5,3.8,False,3.2857142857142856,False,60.0,37.5,70.0,64.0,53.75,20.0,51.1,Moderate,Moderate
R0104,Judge,4.0,3.0,4.0,3.0,3.0,5.0,4.0,4.0,4.0,4.0,4.0,3.0,4.0,3.0,3.0,3.4,4.2,3.4,False,3.6666666666666665,False,60.0,80.0,60.0,60.0,70.0,20.0,56.0,Moderate,Moderate
R0104,CorrectionalOfficer,3.0,2.0,2.0,2.0,3.0,4.0,3.0,3.0,3.0,3.0,3.0,3.0,4.0,3.0,4.0,2.4,3.2,3.4,False,3.0,False,35.0,55.00000000000001,60.0,45.0,57.5,20.0,45.0,Moderate,Moderate
R0105,Investigator,1.0,2.0,,1.0,1.0,3.0,3.0,2.0,3.0,3.0,2.0,2.0,3.0,2.0,2.0,1.25,2.8,2.2,False,2.142857142857143,False,6.25,44.99999999999999,30.000000000000004,15.750000000000002,37.5,55.00000000000001,32.300000000000004,Low,Low
R0105,Prosecutor,2.0,2.0,2.0,2.0,2.0,3.0,4.0,3.0,3.0,2.0,4.0,4.0,5.0,5.0,4.0,2.0,3.0,4.4,False,3.1333333333333333,False,25.0,50.0,85.00000000000001,49.00000000000001,67.5,55.00000000000001,57.60000000000001,Moderate,Moderate
R0105,Judge,2.0,3.0,4.0,3.0,2.0,3.0,2.0,3.0,2.0,2.0,3.0,3.0,3.0,2.0,3.0,2.8,2.4,2.8,False,2.6666666666666665,False,44.99999999999999,35.0,44.99999999999999,44.99999999999999,40.0,55.00000000000001,45.0,Moderate,Moderate
R0105,Advocate,3.0,3.0,2.0,3.0,3.0,2.0,2.0,2.0,1.0,2.0,1.0,1.0,1.0,2.0,2.0,2.8,1.8,1.4,False,2.0,False,44.99999999999999,20.0,9.999999999999998,30.999999999999996,15.0,55.00000000000001,29.4,Low,Low
R0105,CorrectionalOfficer,3.0,3.0,4.0,2.0,4.0,3.0,3.0,3.0,2.0,3.0,4.0,3.0,3.0,3.0,3.0,3.2,2.8,3.2,False,3.066666666666667,False,55.00000000000001,44.99999999999999,55.00000000000001,55.0,50.0,55.00000000000001,53.0,Moderate,Moderate
R0106,Investigator,4.0,2.0,3.0,4.0,3.0,3.0,3.0,3.0,2.0,1.0,5.0,4.0,4.0,4.0,3.0,3.2,2.4,4.0,False,3.2,False,55.00000000000001,35.0,75.0,63.0,55.0,25.0,52.2,Moderate,Moderate
R0106,Prosecutor,3.0,3.0,2.0,3.0,4.0,3.0,3.0,3.0,3.0,3.0,3.0,3.0,3.0,3.0,4.0,3.0,3.0,3.2,False,3.066666666666667,False,50.0,50.0,55.00000000000001,52.0,52.5,25.0,46.8,Moderate,Moderate
R0106,Judge,1.0,2.0,2.0,2.0,2.0,3.0,3.0,4.0,4.0,5.0,,1.0,3.0,2.0,3.0,1.8,3.8,2.25,False,2.642857142857143,False,20.0,70.0,31.25,24.5,50.625,25.0,35.05,Low,Low
R0106,Advocate,2.0,3.0,3.0,2.0,3.0,4.0,4.0,3.0,3.0,4.0,4.0,3.0,4.0,3.0,3.0,2.6,3.6,3.4,False,3.2,False,40.0,65.0,60.0,48.0,62.5,25.0,49.2,Moderate,Moderate
R0106,CorrectionalOfficer,3.0,3.0,2.0,2.0,3.0,2.0,3.0,2.0,2.0,2.0,2.0,1.0,2.0,,1.0,2.6,2.2,1.5,False,2.142857142857143,False,40.0,30.000000000000004,12.5,29.0,21.25,25.0,25.1,Low,Low
R0107,Investigator,2.0,1.0,,2.0,2.0,4.0,3.0,3.0,4.0,4.0,1.0,1.0,2.0,2.0,2.0,1.75,3.6,1.6,False,2.357142857142857,False,18.75,65.0,15.000000000000002,17.25,40.0,89.99999999999999,40.89999999999999,Moderate,Moderate
R0107,Prosecutor,4.0,4.0,4.0,4.0,4.0,5.0,5.0,5.0,5.0,5.0,4.0,2.0,3.0,3.0,3.0,4.0,5.0,3.0,False,4.0,False,75.0,100.0,50.0,65.0,75.0,89.99999999999999,74.0,High,High
R0107,Judge,5.0,5.0,4.0,3.0,4.0,3.0,4.0,4.0,4.0,4.0,4.0,4.0,4.0,3.0,4.0,4.2,3.8,3.8,False,3.933333333333333,False,80.0,70.0,70.0,76.0,70.0,89.99999999999999,76.4,High,High
R0107,CorrectionalOfficer,4.0,3.0,4.0,3.0,3.0,3.0,3.0,3.0,4.0,4.0,3.0,3.0,3.0,4.0,4.0,3.4,3.4,3.4,False,3.4,False,60.0,60.0,60.0,60.0,60.0,89.99999999999999,66.0,High,High
R0108,Investigator,5.0,4.0,5.0,4.0,4.0,3.0,4.0,5.0,4.0,3.0,4.0,4.0,5.0,4.0,4.0,4.4,3.8,4.2,False,4.133333333333334,False,85.00000000000001,70.0,80.0,83.0,75.0,37.5,70.7,High,High
R0108,Prosecutor,4.0,4.0,4.0,4.0,5.0,5.0,5.0,5.0,5.0,4.0,4.0,5.0,4.0,5.0,5.0,4.2,4.8,4.6,False,4.533333333333333,False,80.0,95.0,89.99999999999999,84.0,92.5,37.5,78.1,High,High
R0108,Judge,4.0,4.0,4.0,5.0,3.0,3.0,3.0,3.0,3.0,3.0,5.0,4.0,5.0,4.0,4.0,4.0,3.0,4.4,False,3.8,False,75.0,50.0,85.00000000000001,79.0,67.5,37.5,66.1,High,High
R0108,Advocate,5.0,,4.0,4.0,4.0,5.0,5.0,5.0,4.0,5.0,,2.0,3.0,3.0,3.0,4.25,4.8,2.75,False,4.0,False,81.25,95.0,43.75,66.25,69.375,37.5,61.75,High,High
R0108,CorrectionalOfficer,3.0,3.0,3.0,3.0,3.0,2.0,3.0,3.0,4.0,3.0,4.0,3.0,4.0,4.0,4.0,3.0,3.0,3.8,False,3.2666666666666666,False,50.0,50.0,70.0,58.0,60.0,37.5,54.7,Moderate,Moderate
R0109,Investigator,4.0,4.0,5.0,4.0,5.0,5.0,5.0,5.0,4.0,5.0,5.0,4.0,5.0,3.0,4.0,4.4,4.8,4.2,False,4.466666666666667,False,85.00000000000001,95.0,80.0,83.0,87.5,40.0,76.2,High,High
R0109,Prosecutor,4.0,4.0,4.0,3.0,3.0,3.0,3.0,2.0,3.0,3.0,3.0,4.0,3.0,2.0,,3.6,2.8,3.0,False,3.142857142857143,False,65.0,44.99999999999999,50.0,59.0,47.5,40.0,50.6,Moderate,Moderate
R0109,Judge,2.0,2.0,1.0,2.0,1.0,3.0,3.0,4.0,3.0,3.0,3.0,3.0,2.0,3.0,3.0,1.6,3.2,2.8,False,2.533333333333333,False,15.000000000000002,55.00000000000001,44.99999999999999,26.999999999999996,50.0,40.0,38.8,Low,Low
R0109,Advocate,5.0,4.0,5.0,5.0,4.0,3.0,4.0,5.0,3.0,4.0,4.0,4.0,4.0,3.0,3.0,4.6,3.8,3.6,False,4.0,False,89.99999999999999,70.0,65.0,80.0,67.5,40.0,67.0,High,High
R0109,CorrectionalOfficer,3.0,3.0,3.0,3.0,,5.0,5.0,5.0,5.0,5.0,5.0,5.0,5.0,5.0,5.0,3.0,5.0,5.0,False,4.428571428571429,False,50.0,100.0,100.0,70.0,100.0,40.0,76.0,High,High
R0110,Investigator,4.0,3.0,3.0,3.0,2.0,2.0,2.0,2.0,2.0,2.0,3.0,3.0,3.0,4.0,5.0,3.0,2.0,3.6,False,2.8666666666666667,False,50.0,25.0,65.0,56.0,45.0,50.0,50.400000000000006,Moderate,Moderate
R0110,Prosecutor,1.0,2.0,1.0,2.0,1.0,3.0,2.0,3.0,3.0,3.0,3.0,3.0,4.0,3.0,3.0,1.4,2.8,3.2,False,2.466666666666667,False,9.999999999999998,44.99999999999999,55.00000000000001,28.000000000000004,50.0,50.0,41.2,Moderate,Moderate
R0110,Judge,3.0,3.0,4.0,4.0,3.0,2.0,2.0,3.0,3.0,2.0,2.0,2.0,2.0,,2.0,3.4,2.4,2.0,False,2.642857142857143,False,60.0,35.0,25.0,46.0,30.0,50.0,40.400000000000006,Moderate,Moderate
R0110,Advocate,4.0,5.0,4.0,4.0,,4.0,3.0,4.0,3.0,4.0,4.0,4.0,3.0,4.0,3.0,4.25,3.6,3.6,False,3.7857142857142856,False,81.25,65.0,65.0,74.75,65.0,50.0,65.9,High,High
R0110,CorrectionalOfficer,2.0,3.0,3.0,3.0,2.0,2.0,1.0,2.0,2.0,2.0,1.0,1.0,1.0,2.0,1.0,2.6,1.8,1.2,False,1.8666666666666667,False,40.0,20.0,4.999999999999999,26.0,12.5,50.0,25.4,Low,Low
R0111,Investigator,4.0,3.0,3.0,3.0,3.0,4.0,4.0,4.0,4.0,4.0,3.0,4.0,4.0,,4.0,3.2,4.0,3.75,False,3.642857142857143,False,55.00000000000001,75.0,68.75,60.5,71.875,31.25,59.2,Moderate,Moderate
R0111,Prosecutor,4.0,3.0,3.0,4.0,4.0,3.0,3.0,3.0,3.0,3.0,3.0,3.0,3.0,3.0,3.0,3.6,3.0,3.0,False,3.2,False,65.0,50.0,50.0,59.0,50.0,31.25,49.85,Moderate,Moderate
R0111,Judge,4.0,4.0,5.0,4.0,4.0,3.0,3.0,3.0,4.0,3.0,4.0,5.0,3.0,5.0,4.0,4.2,3.2,4.2,False,3.8666666666666663,False,80.0,55.00000000000001,80.0,80.0,67.5,31.25,65.25,High,High
R0111,Advocate,3.0,2.0,3.0,1.0,3.0,2.0,2.0,2.0,3.0,2.0,4.0,4.0,4.0,5.0,4.0,2.4,2.2,4.2,False,2.933333333333333,False,35.0,30.000000000000004,80.0,53.0,55.0,31.25,49.45,Moderate,Moderate
R0111,CorrectionalOfficer,3.0,4.0,5.0,4.0,4.0,3.0,3.0,3.0,4.0,4.0,4.0,2.0,3.0,3.0,3.0,4.0,3.4,3.0,False,3.466666666666667,False,75.0,60.0,50.0,65.0,55.0,31.25,54.25,Moderate,Moderate
R0112,Investigator,3.0,3.0,4.0,4.0,4.0,2.0,3.0,4.0,4.0,3.0,3.0,3.0,3.0,3.0,2.0,3.6,3.2,2.8,False,3.2,False,65.0,55.00000000000001,44.99999999999999,57.0,50.0,56.25,54.05,Moderate,Moderate
R0112,Prosecutor,2.0,2.0,2.0,2.0,2.0,2.0,2.0,1.0,1.0,1.0,4.0,4.0,3.0,4.0,3.0,2.0,1.4,3.6,False,2.333333333333333,False,25.0,9.999999999999998,65.0,41.0,37.5,56.25,42.650000000000006,Moderate,Moderate
R0112,Judge,2.0,2.0,1.0,2.0,,4.0,3.0,3.0,,3.0,4.0,3.0,3.0,3.0,3.0,1.75,3.25,3.2,False,2.769230769230769,False,18.75,56.25,55.00000000000001,33.25,55.625,56.25,46.8,Moderate,Moderate
R0112,Advocate,4.0,4.0,4.0,4.0,4.0,4.0,4.0,4.0,4.0,4.0,3.0,,3.0,3.0,3.0,4.0,4.0,3.0,False,3.7142857142857135,False,75.0,75.0,50.0,65.0,62.5,56.25,62.25,High,High
R0112,CorrectionalOfficer,2.0,2.0,2.0,2.0,2.0,4.0,3.0,4.0,4.0,3.0,,3.0,3.0,2.0,2.0,2.0,3.6,2.5,False,2.7142857142857144,False,25.0,65.0,37.5,30.0,51.25,56.25,43.75,Moderate,Moderate
R0113,Investigator,2.0,2.0,2.0,2.0,1.0,2.0,1.0,2.0,2.0,2.0,1.0,2.0,2.0,1.0,1.0,1.8,1.8,1.4,False,1.6666666666666667,False,20.0,20.0,9.999999999999998,16.0,15.0,68.75,26.15,Low,Low
R0113,Prosecutor,3.0,3.0,2.0,2.0,3.0,3.0,3.0,4.0,3.0,3.0,2.0,3.0,3.0,4.0,3.0,2.6,3.2,3.0,False,2.933333333333333,False,40.0,55.00000000000001,50.0,44.0,52.5,68.75,52.35,Moderate,Moderate
R0113,Judge,3.0,2.0,2.0,3.0,2.0,1.0,,3.0,1.0,2.0,4.0,3.0,2.0,2.0,2.0,2.4,1.75,2.6,False,2.2857142857142856,False,35.0,18.75,40.0,37.0,29.375,68.75,40.3,Moderate,Moderate
R0113,CorrectionalOfficer,4.0,3.0,3.0,3.0,4.0,3.0,3.0,2.0,4.0,4.0,3.0,3.0,2.0,3.0,3.0,3.4,3.2,2.8,False,3.1333333333333333,False,60.0,55.00000000000001,44.99999999999999,54.0,50.0,68.75,55.35,Moderate,Moderate
R0114,Investigator,2.0,2.0,2.0,1.0,2.0,3.0,,3.0,3.0,3.0,3.0,3.0,2.0,3.0,2.0,1.8,3.0,2.6,False,2.4285714285714284,False,20.0,50.0,40.0,28.0,45.0,60.0,41.2,Moderate,Moderate
R0114,Prosecutor,3.0,3.0,4.0,3.0,3.0,3.0,4.0,3.0,4.0,4.0,4.0,4.0,3.0,4.0,4.0,3.2,3.6,3.8,False,3.533333333333333,False,55.00000000000001,65.0,70.0,61.0,67.5,60.0,63.400000000000006,High,High
R0114,Judge,3.0,3.0,3.0,4.0,4.0,3.0,3.0,3.0,3.0,2.0,3.0,2.0,3.0,2.0,3.0,3.4,2.8,2.6,False,2.933333333333333,False,60.0,44.99999999999999,40.0,52.0,42.5,60.0,49.8,Moderate,Moderate
R0114,CorrectionalOfficer,4.0,4.0,4.0,4.0,4.0,4.0,3.0,4.0,3.0,4.0,4.0,4.0,5.0,4.0,4.0,4.0,3.6,4.2,False,3.933333333333333,False,75.0,65.0,80.0,77.0,72.5,60.0,71.8,High,High
R0115,Investigator,2.0,2.0,2.0,2.0,3.0,4.0,3.0,,2.0,2.0,2.0,2.0,1.0,1.0,1.0,2.2,2.75,1.4,False,2.071428571428572,False,30.000000000000004,43.75,9.999999999999998,22.0,26.875,75.0,34.55,Low,Low
R0115,Prosecutor,3.0,3.0,3.0,3.0,3.0,3.0,2.0,2.0,2.0,4.0,3.0,1.0,3.0,2.0,2.0,3.0,2.6,2.2,False,2.6,False,50.0,40.0,30.000000000000004,42.0,35.0,75.0,45.8,Moderate,Moderate
R0115,Judge,5.0,4.0,4.0,4.0,4.0,4.0,3.0,3.0,3.0,2.0,,1.0,2.0,1.0,1.0,4.2,3.0,1.25,False,2.9285714285714284,False,80.0,50.0,6.25,50.5,28.125,75.0,46.45,Moderate,Moderate
R0115,Advocate,3.0,4.0,4.0,3.0,3.0,2.0,3.0,2.0,3.0,3.0,3.0,2.0,2.0,2.0,2.0,3.4,2.6,2.2,False,2.7333333333333334,False,60.0,40.0,30.000000000000004,48.0,35.0,75.0,48.2,Moderate,Moderate
R0115,CorrectionalOfficer,2.0,3.0,3.0,3.0,4.0,1.0,2.0,1.0,1.0,2.0,2.0,4.0,2.0,2.0,2.0,3.0,1.4,2.4,False,2.2666666666666666,False,50.0,9.999999999999998,35.0,44.0,22.5,75.0,41.6,Moderate,Moderate
R0116,Investigator,3.0,3.0,,3.0,2.0,2.0,3.0,2.0,3.0,2.0,2.0,3.0,2.0,3.0,3.0,2.75,2.4,2.6,False,2.571428571428572,False,43.75,35.0,40.0,42.25,37.5,20.0,35.900000000000006,Low,Low
R0116,Prosecutor,1.0,1.0,1.0,2.0,1.0,1.0,1.0,2.0,2.0,2.0,1.0,1.0,1.0,1.0,2.0,1.2,1.6,1.2,False,1.3333333333333333,False,4.999999999999999,15.000000000000002,4.999999999999999,4.999999999999999,10.0,20.0,10.0,Very Low,Low
R0116,Judge,1.0,1.0,1.0,1.0,1.0,3.0,2.0,3.0,3.0,1.0,2.0,2.0,2.0,3.0,2.0,1.0,2.4,2.2,False,1.8666666666666667,False,0.0,35.0,30.000000000000004,12.000000000000002,32.5,20.0,21.8,Low,Low
R0116,CorrectionalOfficer,3.0,2.0,2.0,2.0,2.0,1.0,2.0,2.0,1.0,2.0,1.0,2.0,3.0,2.0,1.0,2.2,1.6,1.8,False,1.8666666666666667,False,30.000000000000004,15.000000000000002,20.0,26.0,17.5,20.0,21.4,Low,Low
R0117,Investigator,3.0,2.0,3.0,3.0,3.0,3.0,3.0,3.0,3.0,3.0,2.0,3.0,3.0,3.0,4.0,2.8,3.0,3.0,False,2.933333333333333,False,44.99999999999999,50.0,50.0,47.0,50.0,30.000000000000004,44.8,Moderate,Moderate
R0117,Prosecutor,2.0,4.0,2.0,3.0,1.0,4.0,3.0,4.0,2.0,3.0,2.0,3.0,3.0,1.0,2.0,2.4,3.2,2.2,False,2.6,False,35.0,55.00000000000001,30.000000000000004,33.0,42.50000000000001,30.000000000000004,36.2,Low,Low
R0117,Advocate,4.0,3.0,3.0,,3.0,2.0,3.0,2.0,2.0,3.0,4.0,4.0,3.0,4.0,4.0,3.25,2.4,3.8,False,3.142857142857143,False,56.25,35.0,70.0,61.75,52.5,30.000000000000004,51.7,Moderate,Moderate
R0117,CorrectionalOfficer,2.0,4.0,3.0,3.0,3.0,5.0,3.0,3.0,4.0,3.0,,4.0,4.0,4.0,4.0,3.0,3.6,4.0,False,3.5,False,50.0,65.0,75.0,60.0,70.0,30.000000000000004,58.0,Moderate,Moderate
R0118,Investigator,3.0,3.0,3.0,2.0,2.0,3.0,3.0,3.0,3.0,2.0,3.0,3.0,3.0,3.0,3.0,2.6,2.8,3.0,False,2.8,False,40.0,44.99999999999999,50.0,44.0,47.5,25.0,41.6,Moderate,Moderate
R0118,Prosecutor,2.0,2.0,2.0,2.0,1.0,1.0,3.0,3.0,2.0,2.0,3.0,1.0,2.0,2.0,1.0,1.8,2.2,1.8,False,1.9333333333333331,False,20.0,30.000000000000004,20.0,20.0,25.0,25.0,23.0,Low,Low
R0118,Judge,1.0,1.0,1.0,1.0,1.0,1.0,1.0,1.0,2.0,1.0,1.0,3.0,2.0,2.0,2.0,1.0,1.2,2.0,False,1.4,False,0.0,4.999999999999999,25.0,10.0,15.0,25.0,15.0,Very Low,Low
R0118,Advocate,3.0,3.0,3.0,3.0,2.0,3.0,3.0,3.0,2.0,3.0,3.0,3.0,2.0,3.0,2.0,2.8,2.8,2.6,False,2.7333333333333334,False,44.99999999999999,44.99999999999999,40.0,43.0,42.5,25.0,39.2,Low,Low
R0118,CorrectionalOfficer,4.0,4.0,4.0,4.0,4.0,3.0,3.0,,4.0,4.0,4.0,5.0,4.0,5.0,4.0,4.0,3.5,4.4,False,4.0,False,75.0,62.5,85.00000000000001,79.0,73.75,25.0,66.1,High,High
R0119,Investigator,3.0,3.0,3.0,3.0,3.0,3.0,4.0,3.0,,4.0,,3.0,4.0,4.0,3.0,3.0,3.5,3.5,False,3.3076923076923075,False,50.0,62.5,62.5,55.0,62.5,50.0,57.0,Moderate,Moderate
R0119,Prosecutor,5.0,5.0,4.0,5.0,3.0,5.0,5.0,4.0,5.0,5.0,2.0,3.0,3.0,3.0,2.0,4.4,4.8,2.6,False,3.933333333333333,False,85.00000000000001,95.0,40.0,67.0,67.5,50.0,63.8,High,High
R0119,Judge,3.0,5.0,3.0,4.0,3.0,,3.0,3.0,3.0,2.0,3.0,3.0,4.0,4.0,3.0,3.6,2.75,3.4,False,3.2857142857142856,False,65.0,43.75,60.0,63.0,51.875,50.0,55.95,Moderate,Moderate
R0119,Advocate,3.0,3.0,3.0,3.0,2.0,3.0,2.0,3.0,3.0,2.0,1.0,1.0,1.0,1.0,2.0,2.8,2.6,1.2,False,2.2,False,44.99999999999999,40.0,4.999999999999999,28.999999999999996,22.5,50.0,30.6,Low,Low
R0119,CorrectionalOfficer,3.0,3.0,3.0,2.0,3.0,5.0,4.0,5.0,3.0,4.0,4.0,3.0,3.0,4.0,4.0,2.8,4.2,3.6,False,3.533333333333333,False,44.99999999999999,80.0,65.0,53.0,72.5,50.0,60.2,High,High
R0120,Investigator,5.0,5.0,,,5.0,4.0,,5.0,5.0,3.0,4.0,5.0,5.0,4.0,4.0,,4.25,4.4,False,4.5,False,,81.25,85.00000000000001,,83.125,50.0,,,
R0120,Prosecutor,4.0,3.0,5.0,4.0,4.0,3.0,3.0,3.0,3.0,2.0,3.0,3.0,3.0,4.0,3.0,4.0,2.8,3.2,False,3.333333333333333,False,75.0,44.99999999999999,55.00000000000001,67.0,50.0,50.0,56.8,Moderate,Moderate
R0120,Judge,2.0,1.0,2.0,2.0,2.0,3.0,2.0,3.0,4.0,4.0,2.0,2.0,2.0,2.0,3.0,1.8,3.2,2.2,False,2.4,False,20.0,55.00000000000001,30.000000000000004,24.0,42.50000000000001,50.0,36.60000000000001,Low,Low
R0120,Advocate,3.0,2.0,3.0,3.0,2.0,2.0,3.0,3.0,3.0,2.0,2.0,3.0,3.0,3.0,4.0,2.6,2.6,3.0,False,2.7333333333333334,False,40.0,40.0,50.0,44.0,45.0,50.0,45.6,Moderate,Moderate
R0120,CorrectionalOfficer,3.0,3.0,3.0,4.0,3.0,4.0,2.0,3.0,4.0,3.0,3.0,2.0,3.0,3.0,3.0,3.2,3.2,2.8,False,3.066666666666667,False,55.00000000000001,55.00000000000001,44.99999999999999,51.0,50.0,50.0,50.400000000000006,Moderate,Moderate
R0121,Investigator,3.0,3.0,3.0,2.0,3.0,3.0,3.0,2.0,2.0,,3.0,3.0,2.0,2.0,2.0,2.8,2.5,2.4,False,2.571428571428572,False,44.99999999999999,37.5,35.0,41.0,36.25,44.99999999999999,39.9,Low,Low
R0121,Prosecutor,3.0,3.0,2.0,3.0,3.0,3.0,2.0,3.0,2.0,3.0,2.0,3.0,3.0,2.0,1.0,2.8,2.6,2.2,False,2.533333333333333,False,44.99999999999999,40.0,30.000000000000004,39.0,35.0,44.99999999999999,38.6,Low,Low
R0121,Judge,4.0,2.0,4.0,4.0,3.0,3.0,,3.0,2.0,3.0,4.0,3.0,4.0,3.0,3.0,3.4,2.75,3.4,False,3.2142857142857144,False,60.0,43.75,60.0,60.0,51.875,44.99999999999999,53.75,Moderate,Moderate
R0121,Advocate,3.0,3.0,2.0,3.0,3.0,4.0,4.0,3.0,3.0,3.0,4.0,5.0,4.0,,4.0,2.8,3.4,4.25,False,3.4285714285714284,False,44.99999999999999,60.0,81.25,59.5,70.625,44.99999999999999,61.05,High,High
R0121,CorrectionalOfficer,3.0,4.0,4.0,3.0,5.0,3.0,3.0,3.0,3.0,3.0,3.0,3.0,3.0,3.0,3.0,3.8,3.0,3.0,False,3.2666666666666666,False,70.0,50.0,50.0,62.0,50.0,44.99999999999999,53.8,Moderate,Moderate
R0122,Investigator,5.0,5.0,4.0,4.0,,5.0,5.0,5.0,4.0,5.0,5.0,5.0,4.0,4.0,5.0,4.5,4.8,4.6,False,4.642857142857143,False,87.5,95.0,89.99999999999999,88.5,92.5,85.00000000000001,89.4,Very High,High
R0122,Prosecutor,2.0,3.0,2.0,2.0,2.0,4.0,3.0,3.0,3.0,4.0,3.0,3.0,4.0,2.0,3.0,2.2,3.4,3.0,False,2.8666666666666667,False,30.000000000000004,60.0,50.0,38.0,55.0,85.00000000000001,54.2,Moderate,Moderate
R0122,CorrectionalOfficer,4.0,3.0,4.0,4.0,5.0,4.0,3.0,3.0,3.0,4.0,3.0,3.0,4.0,4.0,5.0,4.0,3.4,3.8,False,3.733333333333333,False,75.0,60.0,70.0,73.0,65.0,85.00000000000001,72.2,High,High
R0123,Investigator,4.0,5.0,5.0,,5.0,4.0,4.0,4.0,4.0,4.0,5.0,4.0,4.0,5.0,4.0,4.75,4.0,4.4,False,4.357142857142857,False,93.75,75.0,85.00000000000001,90.25,80.0,37.5,75.6,High,High
R0123,Prosecutor,5.0,5.0,5.0,4.0,5.0,4.0,4.0,4.0,4.0,4.0,4.0,5.0,4.0,5.0,5.0,4.8,4.0,4.6,False,4.466666666666667,False,95.0,75.0,89.99999999999999,93.0,82.5,37.5,77.7,High,High
R0123,Judge,4.0,3.0,4.0,4.0,4.0,4.0,4.0,4.0,,4.0,4.0,4.0,4.0,4.0,4.0,3.8,4.0,4.0,True,3.928571428571429,False,70.0,75.0,75.0,72.0,75.0,37.5,66.3,High,High
R0123,CorrectionalOfficer,3.0,3.0,3.0,4.0,3.0,2.0,3.0,3.0,2.0,3.0,4.0,4.0,4.0,4.0,4.0,3.2,2.6,4.0,False,3.2666666666666666,False,55.00000000000001,40.0,75.0,63.0,57.5,37.5,55.7,Moderate,Moderate
R0124,Investigator,4.0,4.0,,4.0,3.0,4.0,5.0,4.0,4.0,,4.0,3.0,4.0,4.0,4.0,3.75,4.25,3.8,False,3.923076923076923,False,68.75,81.25,70.0,69.25,75.625,31.25,64.2,High,High
R0124,Prosecutor,,5.0,4.0,4.0,4.0,4.0,5.0,5.0,5.0,3.0,3.0,3.0,3.0,3.0,3.0,4.25,4.4,3.0,False,3.857142857142857,False,81.25,85.00000000000001,50.0,68.75,67.5,31.25,60.75,High,High
R0124,Judge,2.0,2.0,2.0,3.0,3.0,3.0,2.0,3.0,3.0,3.0,2.0,3.0,2.0,3.0,2.0,2.4,2.8,2.4,False,2.533333333333333,False,35.0,44.99999999999999,35.0,35.0,40.0,31.25,36.25,Low,Low
R0124,Advocate,2.0,1.0,2.0,1.0,2.0,4.0,5.0,5.0,3.0,4.0,3.0,4.0,3.0,4.0,4.0,1.6,4.2,3.6,False,3.1333333333333333,False,15.000000000000002,80.0,65.0,35.0,72.5,31.25,49.25,Moderate,Moderate
R0124,CorrectionalOfficer,3.0,3.0,2.0,3.0,2.0,4.0,3.0,4.0,4.0,4.0,4.0,4.0,5.0,5.0,4.0,2.6,3.8,4.4,False,3.6,False,40.0,70.0,85.00000000000001,58.00000000000001,77.5,31.25,60.45,High,High
R0125,Investigator,,3.0,3.0,2.0,3.0,1.0,2.0,2.0,3.0,2.0,3.0,2.0,2.0,3.0,3.0,2.75,2.0,2.6,False,2.4285714285714284,False,43.75,25.0,40.0,42.25,32.5,50.0,39.900000000000006,Low,Low
R0125,Prosecutor,2.0,2.0,1.0,1.0,1.0,1.0,2.0,1.0,1.0,,2.0,2.0,1.0,2.0,2.0,1.4,1.25,1.8,False,1.5,False,9.999999999999998,6.25,20.0,14.0,13.125,50.0,20.85,Low,Low
R0125,Judge,2.0,2.0,1.0,2.0,1.0,3.0,4.0,3.0,3.0,3.0,2.0,2.0,2.0,2.0,2.0,1.6,3.2,2.0,False,2.2666666666666666,False,15.000000000000002,55.00000000000001,25.0,19.0,40.0,50.0,33.6,Low,Low
R0125,CorrectionalOfficer,3.0,2.0,3.0,3.0,3.0,4.0,3.0,3.0,3.0,3.0,3.0,2.0,2.0,2.0,2.0,2.8,3.2,2.2,False,2.7333333333333334,False,44.99999999999999,55.00000000000001,30.000000000000004,39.0,42.50000000000001,50.0,42.60000000000001,Moderate,Moderate
R0126,Investigator,3.0,3.0,2.0,2.0,3.0,3.0,4.0,3.0,3.0,3.0,2.0,2.0,3.0,2.0,2.0,2.6,3.2,2.2,False,2.6666666666666665,False,40.0,55.00000000000001,30.000000000000004,36.0,42.50000000000001,50.0,41.400000000000006,Moderate,Moderate
R0126,Prosecutor,2.0,3.0,3.0,3.0,3.0,3.0,3.0,3.0,2.0,2.0,,5.0,4.0,5.0,4.0,2.8,2.6,4.5,False,3.2142857142857144,False,44.99999999999999,40.0,87.5,62.0,63.75,50.0,60.3,High,High
R0126,Judge,1.0,1.0,1.0,1.0,2.0,2.0,2.0,2.0,2.0,1.0,1.0,1.0,1.0,1.0,1.0,1.2,1.8,1.0,False,1.3333333333333333,False,4.999999999999999,20.0,0.0,2.9999999999999996,10.0,50.0,15.2,Very Low,Low
R0126,Advocate,3.0,3.0,3.0,2.0,3.0,3.0,3.0,4.0,4.0,3.0,3.0,3.0,3.0,3.0,3.0,2.8,3.4,3.0,False,3.066666666666667,False,44.99999999999999,60.0,50.0,47.0,55.0,50.0,50.8,Moderate,Moderate
R0126,CorrectionalOfficer,3.0,,2.0,2.0,3.0,1.0,1.0,2.0,2.0,2.0,2.0,2.0,2.0,2.0,2.0,2.5,1.6,2.0,False,2.0,False,37.5,15.000000000000002,25.0,32.5,20.0,50.0,31.0,Low,Low
R0127,Investigator,2.0,2.0,2.0,1.0,2.0,2.0,1.0,1.0,1.0,1.0,3.0,3.0,4.0,3.0,3.0,1.8,1.2,3.2,False,2.066666666666667,False,20.0,4.999999999999999,55.00000000000001,34.0,30.000000000000004,50.0,35.6,Low,Low
R0127,Prosecutor,2.0,4.0,3.0,3.0,2.0,5.0,5.0,5.0,5.0,3.0,3.0,1.0,2.0,3.0,3.0,2.8,4.6,2.4,False,3.2666666666666666,False,44.99999999999999,89.99999999999999,35.0,41.0,62.49999999999999,50.0,51.400000000000006,Moderate,Moderate
R0127,Judge,3.0,2.0,3.0,4.0,3.0,4.0,4.0,4.0,,,3.0,,2.0,2.0,3.0,3.0,,2.5,False,3.083333333333333,False,50.0,,37.5,45.0,,50.0,,,
R0127,CorrectionalOfficer,3.0,3.0,4.0,,3.0,3.0,2.0,3.0,3.0,3.0,3.0,3.0,3.0,,4.0,3.25,2.8,3.25,False,3.076923076923077,False,56.25,44.99999999999999,56.25,56.25,50.625,50.0,52.75,Moderate,Moderate
R0128,Investigator,2.0,3.0,,3.0,3.0,2.0,2.0,2.0,2.0,2.0,1.0,1.0,2.0,,2.0,2.75,2.0,1.5,False,2.076923076923077,False,43.75,25.0,12.5,31.25,18.75,50.0,30.0,Low,Low
R0128,Prosecutor,1.0,1.0,1.0,1.0,2.0,3.0,4.0,2.0,2.0,3.0,4.0,4.0,3.0,2.0,2.0,1.2,2.8,3.0,False,2.333333333333333,False,4.999999999999999,44.99999999999999,50.0,23.0,47.5,50.0,38.2,Low,Low
R0128,Judge,1.0,2.0,1.0,2.0,1.0,1.0,2.0,2.0,2.0,2.0,3.0,3.0,2.0,3.0,3.0,1.4,1.8,2.8,False,2.0,False,9.999999999999998,20.0,44.99999999999999,23.999999999999996,32.5,50.0,32.6,Low,Low
R0128,Advocate,3.0,4.0,4.0,3.0,3.0,1.0,2.0,1.0,2.0,2.0,1.0,2.0,1.0,1.0,1.0,3.4,1.6,1.2,False,2.066666666666667,False,60.0,15.000000000000002,4.999999999999999,38.0,10.0,50.0,29.200000000000003,Low,Low
R0128,CorrectionalOfficer,2.0,2.0,2.0,2.0,2.0,3.0,2.0,2.0,2.0,2.0,1.0,2.0,1.0,2.0,1.0,2.0,2.2,1.4,False,1.8666666666666667,False,25.0,30.000000000000004,9.999999999999998,19.0,20.0,50.0,25.6,Low,Low
R0129,Investigator,2.0,2.0,2.0,2.0,2.0,3.0,3.0,3.0,2.0,,3.0,2.0,2.0,1.0,1.0,2.0,2.75,1.8,False,2.142857142857143,False,25.0,43.75,20.0,23.0,31.875,50.0,31.950000000000003,Low,Low
R0129,Prosecutor,2.0,3.0,4.0,3.0,3.0,5.0,3.0,,5.0,3.0,4.0,4.0,4.0,3.0,4.0,3.0,4.0,3.8,False,3.571428571428572,False,50.0,75.0,70.0,58.0,72.5,50.0,62.2,High,High
R0129,Judge,4.0,4.0,5.0,4.0,4.0,5.0,4.0,5.0,4.0,4.0,3.0,2.0,3.0,3.0,,4.2,4.4,2.75,False,3.857142857142857,False,80.0,85.00000000000001,43.75,65.5,64.375,50.0,61.95,High,High
R0129,Advocate,2.0,1.0,2.0,2.0,2.0,3.0,3.0,4.0,3.0,2.0,3.0,2.0,3.0,3.0,3.0,1.8,3.0,2.8,False,2.533333333333333,False,20.0,50.0,44.99999999999999,29.999999999999996,47.5,50.0,41.0,Moderate,Moderate
R0129,CorrectionalOfficer,4.0,3.0,3.0,3.0,3.0,3.0,2.0,2.0,2.0,2.0,,,3.0,3.0,3.0,3.2,2.2,,False,2.769230769230769,False,55.00000000000001,30.000000000000004,,,,50.0,,,
R0130,Investigator,1.0,1.0,1.0,1.0,1.0,1.0,2.0,2.0,3.0,2.0,1.0,1.0,2.0,2.0,2.0,1.0,2.0,1.6,False,1.5333333333333334,False,0.0,25.0,15.000000000000002,6.000000000000001,20.0,25.0,15.4,Very Low,Low
R0130,Prosecutor,2.0,1.0,2.0,3.0,1.0,2.0,2.0,4.0,3.0,3.0,2.0,4.0,3.0,3.0,2.0,1.8,2.8,2.8,False,2.466666666666667,False,20.0,44.99999999999999,44.99999999999999,29.999999999999996,44.99999999999999,25.0,35.0,Low,Low
R0130,Judge,4.0,4.0,3.0,4.0,4.0,,3.0,3.0,3.0,3.0,4.0,,4.0,4.0,4.0,3.8,3.0,4.0,False,3.615384615384616,False,70.0,50.0,75.0,72.0,62.5,25.0,58.8,Moderate,Moderate
R0130,Advocate,2.0,2.0,2.0,,3.0,5.0,4.0,3.0,4.0,5.0,3.0,4.0,4.0,3.0,4.0,2.25,4.2,3.6,False,3.4285714285714284,False,31.25,80.0,65.0,44.75,72.5,25.0,51.900000000000006,Moderate,Moderate
R0130,CorrectionalOfficer,4.0,4.0,4.0,3.0,5.0,4.0,3.0,4.0,4.0,4.0,3.0,3.0,3.0,3.0,3.0,4.0,3.8,3.0,False,3.6,False,75.0,70.0,50.0,65.0,60.0,25.0,55.0,Moderate,Moderate
R0131,Investigator,4.0,3.0,3.0,4.0,4.0,2.0,2.0,2.0,2.0,2.0,2.0,3.0,3.0,3.0,3.0,3.6,2.0,2.8,False,2.8,False,65.0,25.0,44.99999999999999,57.0,35.0,50.0,46.8,Moderate,Moderate
R0131,Prosecutor,3.0,2.0,2.0,3.0,3.0,3.0,2.0,2.0,2.0,3.0,4.0,3.0,2.0,3.0,2.0,2.6,2.4,2.8,False,2.6,False,40.0,35.0,44.99999999999999,42.0,40.0,50.0,42.8,Moderate,Moderate
R0131,Judge,2.0,3.0,3.0,3.0,,3.0,3.0,3.0,3.0,3.0,2.0,2.0,2.0,3.0,3.0,2.75,3.0,2.4,False,2.7142857142857144,False,43.75,50.0,35.0,40.25,42.5,50.0,43.1,Moderate,Moderate
R0131,CorrectionalOfficer,4.0,5.0,4.0,4.0,3.0,3.0,3.0,3.0,3.0,3.0,3.0,2.0,2.0,2.0,3.0,4.0,3.0,2.4,False,3.1333333333333333,False,75.0,50.0,35.0,59.0,42.5,50.0,50.6,Moderate,Moderate
R0132,Investigator,2.0,1.0,2.0,2.0,1.0,2.0,2.0,2.0,2.0,1.0,3.0,,3.0,1.0,2.0,1.6,1.8,2.25,False,1.8571428571428568,False,15.000000000000002,20.0,31.25,21.5,25.625,55.00000000000001,29.85,Low,Low
R0132,Prosecutor,2.0,2.0,,4.0,3.0,2.0,4.0,4.0,3.0,2.0,2.0,3.0,3.0,3.0,3.0,2.75,3.0,2.8,False,2.857142857142857,False,43.75,50.0,44.99999999999999,44.25,47.5,55.00000000000001,47.7,Moderate,Moderate
R0132,Judge,3.0,3.0,3.0,2.0,2.0,3.0,2.0,2.0,2.0,2.0,4.0,2.0,4.0,2.0,3.0,2.6,2.2,3.0,False,2.6,False,40.0,30.000000000000004,50.0,44.0,40.0,55.00000000000001,44.6,Moderate,Moderate
R0132,CorrectionalOfficer,,3.0,3.0,3.0,3.0,3.0,3.0,4.0,2.0,3.0,3.0,,4.0,3.0,4.0,3.0,3.0,3.5,False,3.1538461538461537,False,50.0,50.0,62.5,55.0,56.25,55.00000000000001,55.5,Moderate,Moderate
R0133,Investigator,3.0,3.0,3.0,4.0,3.0,4.0,4.0,4.0,4.0,4.0,3.0,3.0,4.0,4.0,3.0,3.2,4.0,3.4,False,3.533333333333333,False,55.00000000000001,75.0,60.0,57.0,67.5,68.75,63.55,High,High
R0133,Prosecutor,3.0,2.0,2.0,2.0,3.0,4.0,3.0,2.0,2.0,3.0,2.0,3.0,3.0,3.0,3.0,2.4,2.8,2.8,False,2.6666666666666665,False,35.0,44.99999999999999,44.99999999999999,39.0,44.99999999999999,68.75,47.349999999999994,Moderate,Moderate
R0133,Judge,1.0,3.0,2.0,2.0,2.0,2.0,3.0,3.0,2.0,2.0,2.0,1.0,1.0,2.0,2.0,2.0,2.4,1.6,False,2.0,False,25.0,35.0,15.000000000000002,21.0,25.0,68.75,32.15,Low,Low
R0133,Advocate,4.0,3.0,4.0,4.0,4.0,4.0,3.0,3.0,3.0,3.0,2.0,2.0,3.0,2.0,3.0,3.8,3.2,2.4,False,3.1333333333333333,False,70.0,55.00000000000001,35.0,56.0,45.0,68.75,54.150000000000006,Moderate,Moderate
R0133,CorrectionalOfficer,3.0,4.0,3.0,3.0,,2.0,2.0,1.0,2.0,2.0,,1.0,1.0,2.0,3.0,3.25,1.8,1.75,False,2.230769230769231,False,56.25,20.0,18.75,41.25,19.375,68.75,38.0,Low,Low
R0134,Investigator,4.0,3.0,3.0,4.0,5.0,3.0,4.0,3.0,4.0,3.0,4.0,4.0,4.0,3.0,3.0,3.8,3.4,3.6,False,3.6,False,70.0,60.0,65.0,68.0,62.5,56.25,63.45,High,High
R0134,Prosecutor,5.0,5.0,5.0,4.0,5.0,4.0,5.0,4.0,5.0,4.0,4.0,3.0,4.0,3.0,3.0,4.8,4.4,3.4,False,4.2,False,95.0,85.00000000000001,60.0,81.0,72.5,56.25,72.65,High,High
R0134,Judge,4.0,4.0,4.0,4.0,4.0,3.0,4.0,3.0,3.0,4.0,4.0,5.0,5.0,4.0,4.0,4.0,3.4,4.4,False,3.933333333333333,False,75.0,60.0,85.00000000000001,79.0,72.5,56.25,71.85,High,High
R0134,CorrectionalOfficer,3.0,3.0,4.0,3.0,4.0,4.0,3.0,4.0,4.0,5.0,4.0,4.0,3.0,,3.0,3.4,4.0,3.5,False,3.642857142857143,False,60.0,75.0,62.5,61.0,68.75,56.25,63.150000000000006,High,High
R0135,Investigator,2.0,2.0,1.0,2.0,2.0,1.0,1.0,2.0,1.0,2.0,3.0,3.0,3.0,3.0,2.0,1.8,1.4,2.8,False,2.0,False,20.0,9.999999999999998,44.99999999999999,29.999999999999996,27.499999999999996,40.0,31.0,Low,Low
R0135,CorrectionalOfficer,2.0,2.0,1.0,1.0,3.0,2.0,1.0,2.0,,1.0,3.0,2.0,3.0,2.0,2.0,1.8,1.5,2.4,False,1.9285714285714288,False,20.0,12.5,35.0,26.0,23.75,40.0,27.9,Low,Low
R0136,Investigator,3.0,3.0,2.0,2.0,3.0,3.0,1.0,2.0,2.0,3.0,2.0,2.0,2.0,3.0,2.0,2.6,2.2,2.2,False,2.333333333333333,False,40.0,30.000000000000004,30.000000000000004,36.0,30.000000000000004,40.0,34.400000000000006,Low,Low
R0136,Prosecutor,3.0,4.0,4.0,3.0,3.0,4.0,4.0,3.0,3.0,2.0,3.0,2.0,2.0,2.0,3.0,3.4,3.2,2.4,False,3.0,False,60.0,55.00000000000001,35.0,50.0,45.0,40.0,46.0,Moderate,Moderate
R0136,Judge,3.0,2.0,3.0,2.0,2.0,3.0,4.0,3.0,4.0,3.0,,3.0,4.0,4.0,5.0,2.4,3.4,4.0,False,3.2142857142857144,False,35.0,60.0,75.0,51.0,67.5,40.0,55.400000000000006,Moderate,Moderate
R0136,Advocate,2.0,3.0,2.0,3.0,3.0,2.0,2.0,1.0,2.0,1.0,2.0,3.0,2.0,,2.0,2.6,1.6,2.25,False,2.142857142857143,False,40.0,15.000000000000002,31.25,36.5,23.125,40.0,31.85,Low,Low
R0136,CorrectionalOfficer,3.0,5.0,4.0,3.0,4.0,3.0,1.0,2.0,2.0,3.0,3.0,4.0,4.0,4.0,4.0,3.8,2.2,3.8,False,3.2666666666666666,False,70.0,30.000000000000004,70.0,70.0,50.0,40.0,56.0,Moderate,Moderate
R0137,Investigator,5.0,4.0,5.0,4.0,5.0,4.0,3.0,4.0,3.0,3.0,3.0,3.0,2.0,3.0,2.0,4.6,3.4,2.6,False,3.533333333333333,False,89.99999999999999,60.0,40.0,70.0,50.0,56.25,59.25,Moderate,Moderate
R0137,Prosecutor,,3.0,3.0,3.0,3.0,,3.0,2.0,3.0,,4.0,4.0,5.0,5.0,4.0,3.0,,4.4,False,3.5,False,50.0,,85.00000000000001,64.0,,56.25,,,
R0137,Judge,5.0,4.0,3.0,2.0,,3.0,3.0,3.0,3.0,4.0,4.0,3.0,,5.0,4.0,3.5,3.2,4.0,False,3.5384615384615383,False,62.5,55.00000000000001,75.0,67.5,65.0,56.25,64.25,High,High
R0137,CorrectionalOfficer,3.0,2.0,1.0,2.0,3.0,3.0,3.0,3.0,,4.0,4.0,4.0,3.0,4.0,2.0,2.2,3.25,3.4,False,2.9285714285714284,False,30.000000000000004,56.25,60.0,42.0,58.125,56.25,51.3,Moderate,Moderate
R0138,Investigator,3.0,2.0,3.0,3.0,2.0,3.0,3.0,3.0,2.0,3.0,3.0,3.0,3.0,2.0,,2.6,2.8,2.75,False,2.7142857142857144,False,40.0,44.99999999999999,43.75,41.5,44.375,55.00000000000001,45.35,Moderate,Moderate
R0138,Prosecutor,3.0,4.0,4.0,5.0,4.0,4.0,5.0,,3.0,4.0,5.0,5.0,5.0,5.0,5.0,4.0,4.0,5.0,False,4.357142857142857,False,75.0,75.0,100.0,85.0,87.5,55.00000000000001,80.0,High,High
R0138,Judge,3.0,,3.0,4.0,3.0,4.0,5.0,4.0,4.0,,,3.0,4.0,4.0,3.0,3.25,4.25,3.5,False,3.6666666666666665,False,56.25,81.25,62.5,58.75,71.875,55.00000000000001,63.25,High,High
R0138,CorrectionalOfficer,2.0,2.0,2.0,2.0,2.0,1.0,1.0,2.0,1.0,1.0,3.0,3.0,2.0,2.0,3.0,2.0,1.2,2.6,False,1.9333333333333331,False,25.0,4.999999999999999,40.0,31.0,22.5,55.00000000000001,32.4,Low,Low
R0139,Investigator,5.0,4.0,5.0,5.0,5.0,4.0,5.0,5.0,4.0,5.0,3.0,4.0,3.0,,4.0,4.8,4.6,3.5,False,4.357142857142857,False,95.0,89.99999999999999,62.5,82.0,76.25,70.0,77.30000000000001,High,High
R0139,Prosecutor,4.0,2.0,3.0,3.0,3.0,3.0,3.0,4.0,4.0,3.0,3.0,3.0,4.0,3.0,3.0,3.0,3.4,3.2,False,3.2,False,50.0,60.0,55.00000000000001,52.0,57.5,70.0,57.8,Moderate,Moderate
R0139,Judge,4.0,5.0,5.0,4.0,4.0,4.0,4.0,5.0,4.0,5.0,5.0,5.0,4.0,,5.0,4.4,4.4,4.75,False,4.5,False,85.00000000000001,85.00000000000001,93.75,88.5,89.375,70.0,85.15,Very High,High
R0139,Advocate,3.0,2.0,3.0,3.0,3.0,3.0,3.0,4.0,3.0,4.0,2.0,3.0,3.0,3.0,2.0,2.8,3.4,2.6,False,2.933333333333333,False,44.99999999999999,60.0,40.0,43.0,50.0,70.0,51.2,Moderate,Moderate
R0139,CorrectionalOfficer,5.0,4.0,4.0,3.0,,5.0,4.0,5.0,4.0,3.0,3.0,4.0,3.0,3.0,4.0,4.0,4.2,3.4,False,3.857142857142857,False,75.0,80.0,60.0,69.0,70.0,70.0,69.6,High,High
R0140,Investigator,1.0,2.0,2.0,3.0,2.0,,4.0,4.0,3.0,4.0,4.0,4.0,4.0,5.0,4.0,2.0,3.75,4.2,False,3.2857142857142856,False,25.0,68.75,80.0,47.0,74.375,75.0,63.55,High,High
R0140,Prosecutor,4.0,4.0,4.0,4.0,4.0,4.0,3.0,3.0,3.0,3.0,4.0,4.0,3.0,4.0,4.0,4.0,3.2,3.8,False,3.6666666666666665,False,75.0,55.00000000000001,70.0,73.0,62.5,75.0,69.2,High,High
R0140,Judge,4.0,4.0,4.0,3.0,4.0,2.0,3.0,4.0,3.0,1.0,4.0,3.0,4.0,5.0,4.0,3.8,2.6,4.0,False,3.466666666666667,False,70.0,40.0,75.0,72.0,57.5,75.0,66.8,High,High
R0140,CorrectionalOfficer,3.0,4.0,4.0,4.0,4.0,4.0,3.0,3.0,4.0,4.0,4.0,4.0,4.0,5.0,5.0,3.8,3.6,4.4,False,3.933333333333333,False,70.0,65.0,85.00000000000001,76.0,75.0,75.0,75.4,High,High
R0141,Investigator,4.0,4.0,4.0,5.0,,5.0,4.0,4.0,5.0,4.0,4.0,3.0,3.0,3.0,3.0,4.25,4.4,3.2,False,3.928571428571429,False,81.25,85.00000000000001,55.00000000000001,70.75,70.00000000000001,62.5,68.80000000000001,High,High
R0141,Prosecutor,5.0,5.0,4.0,4.0,5.0,3.0,3.0,4.0,4.0,4.0,4.0,4.0,4.0,4.0,4.0,4.6,3.6,4.0,False,4.066666666666666,False,89.99999999999999,65.0,75.0,84.0,70.0,62.5,74.1,High,High
R0141,Judge,2.0,4.0,3.0,4.0,3.0,3.0,2.0,3.0,2.0,3.0,4.0,3.0,3.0,2.0,3.0,3.2,2.6,3.0,False,2.933333333333333,False,55.00000000000001,40.0,50.0,53.0,45.0,62.5,51.7,Moderate,Moderate
R0141,CorrectionalOfficer,3.0,4.0,4.0,4.0,4.0,3.0,2.0,3.0,4.0,4.0,4.0,4.0,5.0,4.0,5.0,3.8,3.2,4.4,False,3.8,False,70.0,55.00000000000001,85.00000000000001,76.0,70.00000000000001,62.5,70.9,High,High
R0142,Investigator,3.0,3.0,3.0,4.0,4.0,4.0,3.0,3.0,,4.0,3.0,4.0,4.0,3.0,3.0,3.4,3.5,3.4,False,3.4285714285714284,False,60.0,62.5,60.0,60.0,61.25,55.00000000000001,59.5,Moderate,Moderate
R0142,Prosecutor,3.0,3.0,3.0,3.0,2.0,3.0,3.0,3.0,3.0,3.0,3.0,3.0,3.0,3.0,2.0,2.8,3.0,2.8,False,2.8666666666666667,False,44.99999999999999,50.0,44.99999999999999,44.99999999999999,47.5,55.00000000000001,48.0,Moderate,Moderate
R0142,Judge,3.0,2.0,2.0,2.0,2.0,4.0,3.0,3.0,3.0,4.0,3.0,3.0,3.0,3.0,3.0,2.2,3.4,3.0,False,2.8666666666666667,False,30.000000000000004,60.0,50.0,38.0,55.0,55.00000000000001,48.2,Moderate,Moderate
R0142,Advocate,3.0,2.0,3.0,2.0,3.0,2.0,2.0,2.0,2.0,1.0,2.0,1.0,1.0,3.0,2.0,2.6,1.8,1.8,False,2.066666666666667,False,40.0,20.0,20.0,32.0,20.0,55.00000000000001,31.800000000000004,Low,Low
R0142,CorrectionalOfficer,4.0,1.0,2.0,3.0,2.0,4.0,4.0,4.0,5.0,3.0,3.0,3.0,3.0,3.0,3.0,2.4,4.0,3.0,False,3.1333333333333333,False,35.0,75.0,50.0,41.0,62.5,55.00000000000001,52.400000000000006,Moderate,Moderate
R0143,Investigator,2.0,2.0,2.0,1.0,2.0,3.0,3.0,3.0,3.0,3.0,3.0,3.0,2.0,3.0,2.0,1.8,3.0,2.6,False,2.466666666666667,False,20.0,50.0,40.0,28.0,45.0,75.0,44.2,Moderate,Moderate
R0143,Prosecutor,3.0,2.0,4.0,3.0,3.0,4.0,3.0,4.0,3.0,4.0,3.0,2.0,3.0,2.0,2.0,3.0,3.6,2.4,False,3.0,False,50.0,65.0,35.0,44.0,50.0,75.0,52.6,Moderate,Moderate
R0143,Advocate,2.0,3.0,2.0,2.0,2.0,3.0,3.0,2.0,2.0,3.0,3.0,4.0,2.0,3.0,3.0,2.2,2.6,3.0,False,2.6,False,30.000000000000004,40.0,50.0,38.0,45.0,75.0,48.2,Moderate,Moderate
R0143,CorrectionalOfficer,2.0,3.0,3.0,3.0,,2.0,2.0,2.0,,3.0,3.0,2.0,4.0,3.0,3.0,2.75,2.25,3.0,False,2.6923076923076925,False,43.75,31.25,50.0,46.25,40.625,75.0,49.75,Moderate,Moderate
R0144,Investigator,4.0,4.0,5.0,5.0,4.0,3.0,4.0,5.0,3.0,4.0,2.0,2.0,2.0,3.0,3.0,4.4,3.8,2.4,False,3.533333333333333,False,85.00000000000001,70.0,35.0,65.0,52.5,35.0,54.0,Moderate,Moderate
R0144,Prosecutor,3.0,3.0,2.0,3.0,3.0,3.0,2.0,3.0,3.0,3.0,3.0,4.0,5.0,5.0,4.0,2.8,2.8,4.2,False,3.2666666666666666,False,44.99999999999999,44.99999999999999,80.0,59.0,62.5,35.0,55.6,Moderate,Moderate
R0144,Judge,4.0,4.0,3.0,4.0,4.0,3.0,3.0,3.0,4.0,4.0,4.0,3.0,5.0,4.0,5.0,3.8,3.4,4.2,False,3.8,False,70.0,60.0,80.0,74.0,70.0,35.0,64.6,High,High
R0144,Advocate,4.0,4.0,4.0,3.0,4.0,5.0,5.0,5.0,5.0,5.0,3.0,4.0,5.0,4.0,4.0,3.8,5.0,4.0,False,4.266666666666667,False,70.0,100.0,75.0,72.0,87.5,35.0,70.8,High,High
R0144,CorrectionalOfficer,4.0,,4.0,3.0,5.0,4.0,4.0,5.0,5.0,4.0,5.0,4.0,5.0,4.0,4.0,4.0,4.4,4.4,False,4.285714285714286,False,75.0,85.00000000000001,85.00000000000001,79.0,85.00000000000001,35.0,72.60000000000001,High,High
R0145,Investigator,,2.0,3.0,3.0,3.0,1.0,1.0,1.0,1.0,1.0,1.0,2.0,1.0,1.0,1.0,2.75,1.0,1.2,False,1.5714285714285714,False,43.75,0.0,4.999999999999999,28.25,2.4999999999999996,20.0,16.3,Very Low,Low
R0145,Prosecutor,4.0,4.0,3.0,3.0,5.0,4.0,3.0,3.0,3.0,3.0,3.0,2.0,2.0,3.0,3.0,3.8,3.2,2.6,False,3.2,False,70.0,55.00000000000001,40.0,58.0,47.5,20.0,46.2,Moderate,Moderate
R0145,Judge,4.0,3.0,3.0,3.0,3.0,3.0,4.0,4.0,4.0,4.0,3.0,4.0,,3.0,3.0,3.2,3.8,3.25,False,3.4285714285714284,False,55.00000000000001,70.0,56.25,55.5,63.125,20.0,51.45,Moderate,Moderate
R0145,Advocate,3.0,3.0,3.0,3.0,2.0,3.0,3.0,3.0,3.0,4.0,3.0,3.0,2.0,3.0,2.0,2.8,3.2,2.6,False,2.8666666666666667,False,44.99999999999999,55.00000000000001,40.0,43.0,47.5,20.0,40.2,Moderate,Moderate
R0145,CorrectionalOfficer,3.0,3.0,2.0,2.0,2.0,2.0,2.0,1.0,1.0,1.0,3.0,2.0,2.0,3.0,3.0,2.4,1.4,2.6,False,2.1333333333333333,False,35.0,9.999999999999998,40.0,37.0,25.0,20.0,28.8,Low,Low
R0146,Investigator,3.0,4.0,4.0,3.0,3.0,3.0,4.0,5.0,4.0,4.0,3.0,3.0,4.0,3.0,4.0,3.4,4.0,3.4,False,3.6,False,60.0,75.0,60.0,60.0,67.5,35.0,58.0,Moderate,Moderate
R0146,Prosecutor,3.0,2.0,3.0,4.0,2.0,3.0,3.0,3.0,3.0,3.0,4.0,4.0,4.0,3.0,3.0,2.8,3.0,3.6,False,3.1333333333333333,False,44.99999999999999,50.0,65.0,53.0,57.5,35.0,51.2,Moderate,Moderate
R0146,Judge,4.0,4.0,3.0,3.0,4.0,4.0,3.0,5.0,4.0,4.0,2.0,2.0,2.0,3.0,2.0,3.6,4.0,2.2,False,3.2666666666666666,False,65.0,75.0,30.000000000000004,51.0,52.5,35.0,48.400000000000006,Moderate,Moderate
R0146,Advocate,4.0,5.0,5.0,4.0,4.0,4.0,4.0,5.0,4.0,4.0,3.0,,3.0,,3.0,4.4,4.2,,False,4.0,False,85.00000000000001,80.0,,,,35.0,,,
R0146,CorrectionalOfficer,2.0,2.0,3.0,3.0,3.0,2.0,3.0,2.0,4.0,1.0,2.0,5.0,3.0,3.0,3.0,2.6,2.4,3.2,False,2.7333333333333334,False,40.0,35.0,55.00000000000001,46.0,45.0,35.0,43.400000000000006,Moderate,Moderate
R0147,Investigator,1.0,,1.0,1.0,1.0,2.0,,2.0,2.0,2.0,1.0,1.0,1.0,,2.0,1.0,2.0,1.25,False,1.4166666666666667,False,0.0,25.0,6.25,2.5,15.625,80.0,23.25,Low,Low
R0147,Prosecutor,1.0,1.0,1.0,1.0,2.0,2.0,1.0,2.0,2.0,2.0,1.0,1.0,2.0,2.0,1.0,1.2,1.8,1.4,False,1.4666666666666666,False,4.999999999999999,20.0,9.999999999999998,6.999999999999999,15.0,80.0,24.8,Low,Low
R0147,Judge,2.0,2.0,2.0,2.0,2.0,4.0,2.0,2.0,3.0,2.0,,3.0,2.0,3.0,3.0,2.0,2.6,2.75,False,2.4285714285714284,False,25.0,40.0,43.75,32.5,41.875,80.0,45.75,Moderate,Moderate
R0147,Advocate,2.0,3.0,3.0,2.0,4.0,3.0,2.0,2.0,2.0,3.0,4.0,3.0,,2.0,3.0,2.8,2.4,3.0,False,2.7142857142857144,False,44.99999999999999,35.0,50.0,47.0,42.5,80.0,51.8,Moderate,Moderate
R0147,CorrectionalOfficer,2.0,2.0,2.0,1.0,2.0,2.0,1.0,1.0,2.0,,2.0,2.0,1.0,2.0,1.0,1.8,1.5,1.6,False,1.6428571428571428,False,20.0,12.5,15.000000000000002,18.0,13.75,80.0,28.7,Low,Low
R0148,Investigator,4.0,4.0,4.0,4.0,5.0,5.0,5.0,4.0,5.0,4.0,4.0,4.0,3.0,4.0,4.0,4.2,4.6,3.8,False,4.2,False,80.0,89.99999999999999,70.0,76.0,80.0,25.0,67.4,High,High
R0148,Prosecutor,4.0,3.0,3.0,4.0,4.0,3.0,4.0,4.0,3.0,3.0,3.0,3.0,,3.0,3.0,3.6,3.4,3.0,False,3.357142857142857,False,65.0,60.0,50.0,59.0,55.0,25.0,50.6,Moderate,Moderate
R0148,Judge,4.0,4.0,5.0,5.0,5.0,5.0,5.0,5.0,5.0,5.0,5.0,4.0,4.0,5.0,5.0,4.6,5.0,4.6,False,4.733333333333333,False,89.99999999999999,100.0,89.99999999999999,89.99999999999999,95.0,25.0,79.0,High,High
R0148,Advocate,5.0,4.0,5.0,3.0,5.0,3.0,2.0,4.0,3.0,4.0,5.0,5.0,4.0,4.0,4.0,4.4,3.2,4.4,False,4.0,False,85.00000000000001,55.00000000000001,85.00000000000001,85.00000000000001,70.00000000000001,25.0,67.00000000000001,High,High
R0148,CorrectionalOfficer,3.0,3.0,2.0,2.0,2.0,2.0,3.0,2.0,2.0,2.0,2.0,3.0,3.0,3.0,2.0,2.4,2.2,2.6,False,2.4,False,35.0,30.000000000000004,40.0,37.0,35.0,25.0,33.8,Low,Low
R0149,Investigator,3.0,2.0,2.0,2.0,3.0,1.0,1.0,2.0,1.0,2.0,2.0,3.0,3.0,2.0,3.0,2.4,1.4,2.6,False,2.1333333333333333,False,35.0,9.999999999999998,40.0,37.0,25.0,50.0,34.8,Low,Low
R0149,Prosecutor,1.0,1.0,1.0,1.0,2.0,1.0,2.0,1.0,2.0,2.0,2.0,2.0,2.0,2.0,2.0,1.2,1.6,2.0,False,1.6,False,4.999999999999999,15.000000000000002,25.0,13.0,20.0,50.0,23.2,Low,Low
R0149,Judge,1.0,1.0,2.0,1.0,2.0,,2.0,3.0,2.0,2.0,2.0,3.0,2.0,4.0,2.0,1.4,2.25,2.6,False,2.071428571428572,False,9.999999999999998,31.25,40.0,22.0,35.625,50.0,33.05,Low,Low
R0149,CorrectionalOfficer,4.0,2.0,2.0,3.0,2.0,3.0,3.0,2.0,3.0,2.0,1.0,2.0,1.0,2.0,2.0,2.6,2.6,1.6,False,2.2666666666666666,False,40.0,40.0,15.000000000000002,30.0,27.5,50.0,33.0,Low,Low
R0150,Investigator,3.0,2.0,2.0,2.0,1.0,1.0,1.0,1.0,2.0,2.0,1.0,1.0,1.0,1.0,2.0,2.0,1.4,1.2,False,1.5333333333333334,False,25.0,9.999999999999998,4.999999999999999,17.0,7.499999999999998,65.0,22.8,Low,Low
R0150,Prosecutor,5.0,4.0,3.0,4.0,4.0,3.0,3.0,3.0,3.0,3.0,4.0,4.0,4.0,5.0,4.0,4.0,3.0,4.2,False,3.733333333333333,False,75.0,50.0,80.0,77.0,65.0,65.0,69.8,High,High
R0150,Judge,3.0,2.0,3.0,2.0,2.0,2.0,3.0,2.0,2.0,2.0,2.0,2.0,3.0,3.0,2.0,2.4,2.2,2.4,False,2.333333333333333,False,35.0,30.000000000000004,35.0,35.0,32.5,65.0,40.0,Low,Low
R0150,Advocate,2.0,2.0,2.0,1.0,2.0,2.0,1.0,1.0,1.0,1.0,2.0,2.0,3.0,2.0,2.0,1.8,1.2,2.2,False,1.7333333333333334,False,20.0,4.999999999999999,30.000000000000004,24.0,17.5,65.0,29.6,Low,Low
R0150,CorrectionalOfficer,3.0,2.0,4.0,3.0,3.0,3.0,2.0,2.0,2.0,2.0,2.0,1.0,2.0,2.0,3.0,3.0,2.2,2.0,False,2.4,False,50.0,30.000000000000004,25.0,40.0,27.5,65.0,40.0,Low,Low
R0151,Investigator,3.0,4.0,3.0,3.0,2.0,4.0,3.0,2.0,3.0,3.0,4.0,5.0,4.0,5.0,4.0,3.0,3.0,4.4,False,3.466666666666667,False,50.0,50.0,85.00000000000001,64.0,67.5,65.0,65.6,High,High
R0151,Prosecutor,4.0,5.0,4.0,5.0,5.0,5.0,5.0,5.0,5.0,5.0,5.0,5.0,4.0,5.0,5.0,4.6,5.0,4.8,False,4.8,False,89.99999999999999,100.0,95.0,92.0,97.5,65.0,88.80000000000001,Very High,High
R0151,Judge,3.0,4.0,5.0,4.0,5.0,,3.0,4.0,3.0,3.0,4.0,5.0,5.0,5.0,5.0,4.2,3.25,4.8,False,4.142857142857143,False,80.0,56.25,95.0,86.0,75.625,65.0,77.65,High,High
R0151,Advocate,,4.0,5.0,5.0,5.0,5.0,5.0,4.0,,5.0,4.0,4.0,4.0,4.0,4.0,4.75,4.75,4.0,False,4.461538461538462,False,93.75,93.75,75.0,86.25,84.375,65.0,81.25,Very High,High
R0151,CorrectionalOfficer,3.0,4.0,3.0,3.0,3.0,3.0,4.0,4.0,3.0,5.0,4.0,3.0,4.0,5.0,4.0,3.2,3.8,4.0,False,3.6666666666666665,False,55.00000000000001,70.0,75.0,63.0,72.5,65.0,67.2,High,High
R0152,Investigator,2.0,4.0,3.0,4.0,4.0,3.0,4.0,,4.0,4.0,3.0,3.0,3.0,2.0,3.0,3.4,3.75,2.8,False,3.2857142857142856,False,60.0,68.75,44.99999999999999,54.0,56.875,18.75,48.1,Moderate,Moderate
R0152,Prosecutor,4.0,4.0,3.0,4.0,3.0,4.0,3.0,4.0,3.0,3.0,3.0,3.0,3.0,4.0,4.0,3.6,3.4,3.4,False,3.466666666666667,False,65.0,60.0,60.0,63.0,60.0,18.75,52.95,Moderate,Moderate
R0152,Advocate,4.0,,4.0,4.0,4.0,5.0,4.0,4.0,5.0,3.0,4.0,4.0,4.0,5.0,4.0,4.0,4.2,4.2,False,4.142857142857143,False,75.0,80.0,80.0,77.0,80.0,18.75,66.55,High,High
R0152,CorrectionalOfficer,4.0,4.0,4.0,,4.0,4.0,3.0,3.0,2.0,3.0,2.0,4.0,3.0,3.0,4.0,4.0,3.0,3.2,False,3.357142857142857,False,75.0,50.0,55.00000000000001,67.0,52.5,18.75,51.55,Moderate,Moderate
R0153,Investigator,2.0,3.0,2.0,3.0,3.0,3.0,3.0,2.0,2.0,3.0,3.0,3.0,5.0,3.0,4.0,2.6,2.6,3.6,False,2.933333333333333,False,40.0,40.0,65.0,50.0,52.5,60.0,53.0,Moderate,Moderate
R0153,Prosecutor,2.0,2.0,2.0,2.0,,2.0,3.0,2.0,3.0,3.0,4.0,3.0,3.0,3.0,3.0,2.0,2.6,3.2,False,2.642857142857143,False,25.0,40.0,55.00000000000001,37.0,47.5,60.0,45.8,Moderate,Moderate
R0153,Judge,1.0,2.0,2.0,1.0,1.0,2.0,1.0,3.0,3.0,3.0,2.0,2.0,2.0,2.0,2.0,1.4,2.4,2.0,False,1.9333333333333331,False,9.999999999999998,35.0,25.0,16.0,30.0,60.0,30.4,Low,Low
R0153,Advocate,3.0,4.0,4.0,4.0,4.0,3.0,2.0,2.0,3.0,3.0,3.0,2.0,3.0,,3.0,3.8,2.6,2.75,False,3.071428571428572,False,70.0,40.0,43.75,59.5,41.875,60.0,52.55,Moderate,Moderate
R0153,CorrectionalOfficer,5.0,4.0,4.0,5.0,4.0,5.0,3.0,3.0,4.0,4.0,4.0,2.0,2.0,2.0,2.0,4.4,3.8,2.4,False,3.533333333333333,False,85.00000000000001,70.0,35.0,65.0,52.5,60.0,59.0,Moderate,Moderate
R0154,Investigator,3.0,,4.0,4.0,3.0,3.0,2.0,3.0,,3.0,4.0,4.0,4.0,5.0,4.0,3.5,2.75,4.2,False,3.5384615384615383,False,62.5,43.75,80.0,69.5,61.875,55.00000000000001,63.55,High,High
R0154,Prosecutor,3.0,4.0,4.0,3.0,3.0,4.0,3.0,5.0,3.0,4.0,2.0,2.0,3.0,1.0,3.0,3.4,3.8,2.2,False,3.1333333333333333,False,60.0,70.0,30.000000000000004,48.0,50.0,55.00000000000001,50.2,Moderate,Moderate
R0154,Judge,2.0,2.0,2.0,2.0,2.0,4.0,3.0,4.0,4.0,3.0,3.0,3.0,3.0,3.0,,2.0,3.6,3.0,False,2.857142857142857,False,25.0,65.0,50.0,35.0,57.5,55.00000000000001,48.0,Moderate,Moderate
R0154,Advocate,2.0,1.0,1.0,,1.0,3.0,2.0,3.0,2.0,3.0,2.0,3.0,2.0,2.0,1.0,1.25,2.6,2.0,False,2.0,False,6.25,40.0,25.0,13.75,32.5,55.00000000000001,29.5,Low,Low
R0154,CorrectionalOfficer,2.0,2.0,1.0,2.0,2.0,3.0,4.0,2.0,3.0,1.0,3.0,,3.0,3.0,3.0,1.8,2.6,3.0,False,2.4285714285714284,False,20.0,40.0,50.0,32.0,45.0,55.00000000000001,41.800000000000004,Moderate,Moderate
R0155,Investigator,1.0,1.0,2.0,2.0,3.0,3.0,2.0,3.0,3.0,2.0,3.0,2.0,2.0,2.0,2.0,1.8,2.6,2.2,False,2.2,False,20.0,40.0,30.000000000000004,24.0,35.0,55.00000000000001,34.6,Low,Low
R0155,Judge,3.0,2.0,3.0,3.0,3.0,1.0,1.0,1.0,2.0,1.0,1.0,1.0,2.0,2.0,2.0,2.8,1.2,1.6,False,1.8666666666666667,False,44.99999999999999,4.999999999999999,15.000000000000002,33.0,10.0,55.00000000000001,28.200000000000003,Low,Low
R0155,Advocate,3.0,2.0,2.0,2.0,2.0,2.0,2.0,1.0,2.0,2.0,1.0,1.0,1.0,1.0,1.0,2.2,1.8,1.0,False,1.6666666666666667,False,30.000000000000004,20.0,0.0,18.0,10.0,55.00000000000001,22.200000000000003,Low,Low
R0155,CorrectionalOfficer,3.0,3.0,2.0,3.0,2.0,3.0,2.0,2.0,2.0,2.0,3.0,4.0,3.0,3.0,4.0,2.6,2.2,3.4,False,2.7333333333333334,False,40.0,30.000000000000004,60.0,48.0,45.0,55.00000000000001,48.2,Moderate,Moderate
R0156,Investigator,1.0,1.0,2.0,1.0,1.0,1.0,1.0,1.0,2.0,2.0,2.0,2.0,2.0,2.0,2.0,1.2,1.4,2.0,False,1.5333333333333334,False,4.999999999999999,9.999999999999998,25.0,13.0,17.5,25.0,17.2,Very Low,Low
R0156,Prosecutor,2.0,2.0,1.0,2.0,1.0,1.0,3.0,2.0,2.0,2.0,1.0,1.0,1.0,1.0,2.0,1.6,2.0,1.2,False,1.6,False,15.000000000000002,25.0,4.999999999999999,11.0,15.0,25.0,15.4,Very Low,Low
R0156,Judge,2.0,2.0,2.0,2.0,2.0,1.0,2.0,1.0,1.0,1.0,2.0,2.0,1.0,1.0,1.0,2.0,1.2,1.4,False,1.5333333333333334,False,25.0,4.999999999999999,9.999999999999998,19.0,7.499999999999998,25.0,15.6,Very Low,Low
R0156,CorrectionalOfficer,2.0,3.0,3.0,3.0,3.0,2.0,2.0,2.0,1.0,2.0,2.0,2.0,2.0,3.0,3.0,2.8,1.8,2.4,False,2.333333333333333,False,44.99999999999999,20.0,35.0,41.0,27.5,25.0,32.400000000000006,Low,Low
R0157,Investigator,4.0,4.0,4.0,5.0,3.0,5.0,5.0,5.0,5.0,4.0,3.0,4.0,3.0,4.0,4.0,4.0,4.8,3.6,False,4.133333333333334,False,75.0,95.0,65.0,71.0,80.0,70.0,74.4,High,High
R0157,Prosecutor,3.0,3.0,3.0,2.0,2.0,3.0,4.0,4.0,2.0,3.0,5.0,4.0,5.0,5.0,4.0,2.6,3.2,4.6,False,3.466666666666667,False,40.0,55.00000000000001,89.99999999999999,59.99999999999999,72.5,70.0,67.0,High,High
R0157,Judge,3.0,3.0,,3.0,2.0,2.0,3.0,3.0,3.0,2.0,3.0,4.0,3.0,4.0,3.0,2.75,2.6,3.4,False,2.9285714285714284,False,43.75,40.0,60.0,50.25,50.0,70.0,54.1,Moderate,Moderate
R0157,CorrectionalOfficer,4.0,4.0,4.0,,4.0,2.0,2.0,2.0,2.0,1.0,3.0,2.0,2.0,2.0,2.0,4.0,1.8,2.2,False,2.571428571428572,False,75.0,20.0,30.000000000000004,57.0,25.0,70.0,46.8,Moderate,Moderate
R0158,Investigator,3.0,3.0,2.0,3.0,3.0,3.0,4.0,4.0,2.0,3.0,3.0,2.0,2.0,2.0,2.0,2.8,3.2,2.2,False,2.7333333333333334,False,44.99999999999999,55.00000000000001,30.000000000000004,39.0,42.50000000000001,65.0,45.60000000000001,Moderate,Moderate
R0158,Prosecutor,2.0,1.0,2.0,2.0,2.0,1.0,1.0,1.0,2.0,1.0,2.0,3.0,3.0,2.0,,1.8,1.2,2.5,False,1.7857142857142858,False,20.0,4.999999999999999,37.5,27.0,21.25,65.0,32.3,Low,Low
R0158,CorrectionalOfficer,4.0,4.0,4.0,4.0,3.0,3.0,3.0,3.0,3.0,3.0,3.0,3.0,4.0,3.0,3.0,3.8,3.0,3.2,False,3.333333333333333,False,70.0,50.0,55.00000000000001,64.0,52.5,65.0,59.6,Moderate,Moderate
R0159,Investigator,3.0,2.0,2.0,3.0,2.0,4.0,4.0,3.0,3.0,3.0,,2.0,2.0,2.0,2.0,2.4,3.4,2.0,False,2.642857142857143,False,35.0,60.0,25.0,31.0,42.5,44.99999999999999,38.4,Low,Low
R0159,Judge,4.0,4.0,3.0,4.0,3.0,3.0,3.0,3.0,3.0,4.0,4.0,4.0,4.0,3.0,5.0,3.6,3.2,4.0,False,3.6,False,65.0,55.00000000000001,75.0,69.0,65.0,44.99999999999999,62.6,High,High
R0159,Advocate,3.0,3.0,3.0,4.0,3.0,3.0,3.0,4.0,4.0,3.0,3.0,4.0,4.0,2.0,4.0,3.2,3.4,3.4,False,3.333333333333333,False,55.00000000000001,60.0,60.0,57.0,60.0,44.99999999999999,55.8,Moderate,Moderate
R0159,CorrectionalOfficer,3.0,3.0,3.0,3.0,3.0,3.0,3.0,,3.0,4.0,2.0,3.0,3.0,2.0,3.0,3.0,3.25,2.6,False,2.9285714285714284,False,50.0,56.25,40.0,46.0,48.125,44.99999999999999,46.650000000000006,Moderate,Moderate
R0160,Investigator,3.0,2.0,4.0,3.0,3.0,,,3.0,4.0,4.0,3.0,3.0,4.0,,3.0,3.0,,3.25,False,3.25,False,50.0,,56.25,52.5,,80.0,,,
R0160,Prosecutor,2.0,3.0,3.0,3.0,3.0,3.0,4.0,4.0,3.0,3.0,4.0,4.0,4.0,4.0,4.0,2.8,3.4,4.0,False,3.4,False,44.99999999999999,60.0,75.0,57.0,67.5,80.0,65.8,High,High
R0160,Judge,5.0,4.0,4.0,5.0,4.0,4.0,5.0,4.0,4.0,4.0,4.0,3.0,4.0,4.0,4.0,4.4,4.2,3.8,False,4.133333333333334,False,85.00000000000001,80.0,70.0,79.0,75.0,80.0,77.6,High,High
R0160,Advocate,3.0,2.0,2.0,2.0,2.0,2.0,3.0,2.0,1.0,2.0,,2.0,3.0,3.0,2.0,2.2,2.0,2.5,False,2.2142857142857144,False,30.000000000000004,25.0,37.5,33.0,31.25,80.0,41.7,Moderate,Moderate
R0160,CorrectionalOfficer,4.0,3.0,4.0,3.0,4.0,3.0,4.0,3.0,3.0,3.0,3.0,4.0,2.0,2.0,4.0,3.6,3.2,3.0,False,3.2666666666666666,False,65.0,55.00000000000001,50.0,59.0,52.5,80.0,60.6,High,High
R0161,Investigator,3.0,4.0,4.0,4.0,3.0,4.0,5.0,5.0,5.0,4.0,4.0,5.0,4.0,4.0,5.0,3.6,4.6,4.4,False,4.2,False,65.0,89.99999999999999,85.00000000000001,73.0,87.5,15.000000000000002,67.2,High,High
R0161,Prosecutor,4.0,4.0,3.0,,2.0,,4.0,3.0,3.0,3.0,4.0,4.0,4.0,4.0,4.0,3.25,3.25,4.0,False,3.5384615384615383,False,56.25,56.25,75.0,63.75,65.625,15.000000000000002,54.75,Moderate,Moderate
R0161,Judge,4.0,3.0,3.0,4.0,3.0,3.0,4.0,4.0,3.0,4.0,5.0,4.0,5.0,4.0,4.0,3.4,3.6,4.4,False,3.8,False,60.0,65.0,85.00000000000001,70.0,75.0,15.000000000000002,61.0,High,High
R0161,Advocate,3.0,3.0,4.0,3.0,3.0,3.0,2.0,3.0,,2.0,3.0,4.0,4.0,3.0,4.0,3.2,2.5,3.6,False,3.142857142857143,False,55.00000000000001,37.5,65.0,59.0,51.25,15.000000000000002,47.1,Moderate,Moderate
R0161,CorrectionalOfficer,3.0,3.0,3.0,3.0,3.0,4.0,,3.0,3.0,4.0,4.0,3.0,3.0,3.0,3.0,3.0,3.5,3.2,False,3.2142857142857144,False,50.0,62.5,55.00000000000001,52.0,58.75,15.000000000000002,47.3,Moderate,Moderate
R0162,Investigator,4.0,3.0,,3.0,4.0,,3.0,3.0,3.0,3.0,3.0,4.0,3.0,3.0,4.0,3.5,3.0,3.4,False,3.3076923076923075,False,62.5,50.0,60.0,61.5,55.0,35.0,53.6,Moderate,Moderate
R0162,Judge,3.0,3.0,3.0,4.0,3.0,3.0,2.0,2.0,2.0,2.0,2.0,2.0,2.0,2.0,3.0,3.2,2.2,2.2,False,2.533333333333333,False,55.00000000000001,30.000000000000004,30.000000000000004,45.0,30.000000000000004,35.0,37.0,Low,Low
R0162,CorrectionalOfficer,2.0,2.0,3.0,2.0,2.0,3.0,3.0,2.0,3.0,3.0,3.0,2.0,1.0,2.0,3.0,2.2,2.8,2.2,False,2.4,False,30.000000000000004,44.99999999999999,30.000000000000004,30.0,37.5,35.0,34.0,Low,Low
R0163,Investigator,1.0,1.0,2.0,1.0,1.0,2.0,2.0,2.0,3.0,2.0,3.0,3.0,2.0,2.0,2.0,1.2,2.2,2.4,False,1.9333333333333331,False,4.999999999999999,30.000000000000004,35.0,17.0,32.5,15.000000000000002,22.8,Low,Low
R0163,Judge,2.0,2.0,2.0,1.0,1.0,2.0,1.0,2.0,2.0,2.0,3.0,3.0,2.0,3.0,2.0,1.6,1.8,2.6,False,2.0,False,15.000000000000002,20.0,40.0,25.0,30.0,15.000000000000002,25.0,Low,Low
R0163,Advocate,4.0,,3.0,4.0,3.0,4.0,4.0,5.0,4.0,5.0,3.0,4.0,3.0,4.0,3.0,3.5,4.4,3.4,False,3.7857142857142856,False,62.5,85.00000000000001,60.0,61.5,72.5,15.000000000000002,56.6,Moderate,Moderate
R0163,CorrectionalOfficer,4.0,4.0,4.0,4.0,4.0,4.0,4.0,4.0,4.0,3.0,4.0,4.0,4.0,4.0,4.0,4.0,3.8,4.0,True,3.933333333333333,False,75.0,70.0,75.0,75.0,72.5,15.000000000000002,62.0,High,High
R0164,Investigator,2.0,3.0,2.0,3.0,3.0,2.0,4.0,2.0,4.0,3.0,4.0,4.0,4.0,3.0,4.0,2.6,3.0,3.8,False,3.1333333333333333,False,40.0,50.0,70.0,52.0,60.0,70.0,58.8,Moderate,Moderate
R0164,Prosecutor,4.0,4.0,4.0,3.0,4.0,4.0,3.0,3.0,4.0,3.0,4.0,4.0,3.0,3.0,3.0,3.8,3.4,3.4,False,3.533333333333333,False,70.0,60.0,60.0,66.0,60.0,70.0,64.4,High,High
R0164,Judge,3.0,3.0,2.0,4.0,2.0,5.0,4.0,4.0,4.0,5.0,4.0,3.0,3.0,4.0,3.0,2.8,4.4,3.4,False,3.533333333333333,False,44.99999999999999,85.00000000000001,60.0,51.0,72.5,70.0,63.400000000000006,High,High
R0164,CorrectionalOfficer,3.0,2.0,2.0,2.0,2.0,3.0,3.0,2.0,3.0,3.0,2.0,3.0,3.0,3.0,2.0,2.2,2.8,2.6,False,2.533333333333333,False,30.000000000000004,44.99999999999999,40.0,34.0,42.5,70.0,44.6,Moderate,Moderate
R0165,Investigator,4.0,,3.0,3.0,3.0,2.0,1.0,1.0,1.0,2.0,4.0,2.0,2.0,2.0,3.0,3.25,1.4,2.6,False,2.357142857142857,False,56.25,9.999999999999998,40.0,49.75,25.0,15.000000000000002,32.900000000000006,Low,Low
R0165,Prosecutor,4.0,3.0,3.0,2.0,4.0,3.0,3.0,4.0,4.0,3.0,3.0,4.0,4.0,4.0,4.0,3.2,3.4,3.8,False,3.466666666666667,False,55.00000000000001,60.0,70.0,61.0,65.0,15.000000000000002,53.400000000000006,Moderate,Moderate
R0165,Judge,5.0,4.0,4.0,4.0,4.0,4.0,2.0,3.0,4.0,3.0,3.0,3.0,3.0,,3.0,4.2,3.2,3.0,False,3.5,False,80.0,55.00000000000001,50.0,68.0,52.5,15.000000000000002,51.2,Moderate,Moderate
R0165,Advocate,4.0,3.0,3.0,4.0,3.0,3.0,4.0,2.0,3.0,4.0,3.0,3.0,3.0,3.0,3.0,3.4,3.2,3.0,False,3.2,False,60.0,55.00000000000001,50.0,56.0,52.5,15.000000000000002,46.400000000000006,Moderate,Moderate
R0165,CorrectionalOfficer,3.0,3.0,3.0,4.0,2.0,3.0,3.0,3.0,4.0,4.0,3.0,2.0,2.0,3.0,3.0,3.0,3.4,2.6,False,3.0,False,50.0,60.0,40.0,46.0,50.0,15.000000000000002,41.400000000000006,Moderate,Moderate
R0166,Investigator,4.0,3.0,3.0,3.0,3.0,2.0,2.0,2.0,2.0,3.0,1.0,2.0,1.0,1.0,1.0,3.2,2.2,1.2,False,2.2,False,55.00000000000001,30.000000000000004,4.999999999999999,35.0,17.5,65.0,34.0,Low,Low
R0166,Prosecutor,1.0,2.0,,2.0,2.0,2.0,1.0,1.0,1.0,1.0,2.0,3.0,2.0,3.0,3.0,1.75,1.2,2.6,False,1.8571428571428568,False,18.75,4.999999999999999,40.0,27.25,22.5,65.0,32.9,Low,Low
R0166,Judge,3.0,3.0,3.0,2.0,3.0,4.0,3.0,3.0,3.0,3.0,3.0,3.0,3.0,3.0,3.0,2.8,3.2,3.0,False,3.0,False,44.99999999999999,55.00000000000001,50.0,47.0,52.5,65.0,52.8,Moderate,Moderate
R0166,Advocate,1.0,1.0,1.0,2.0,1.0,3.0,,2.0,4.0,2.0,3.0,2.0,2.0,3.0,2.0,1.2,2.75,2.4,False,2.071428571428572,False,4.999999999999999,43.75,35.0,17.0,39.375,65.0,35.55,Low,Low
R0166,CorrectionalOfficer,3.0,4.0,3.0,3.0,2.0,3.0,3.0,3.0,3.0,3.0,3.0,3.0,3.0,4.0,3.0,3.0,3.0,3.2,False,3.066666666666667,False,50.0,50.0,55.00000000000001,52.0,52.5,65.0,54.8,Moderate,Moderate
R0167,Investigator,2.0,1.0,1.0,1.0,1.0,1.0,1.0,1.0,2.0,2.0,4.0,3.0,2.0,3.0,3.0,1.2,1.4,3.0,False,1.8666666666666667,False,4.999999999999999,9.999999999999998,50.0,23.0,30.0,25.0,26.200000000000003,Low,Low
R0167,Prosecutor,,1.0,2.0,2.0,2.0,4.0,2.0,3.0,2.0,3.0,4.0,3.0,3.0,3.0,3.0,1.75,2.8,3.2,False,2.642857142857143,False,18.75,44.99999999999999,55.00000000000001,33.25,50.0,25.0,38.3,Low,Low
R0167,Judge,2.0,2.0,3.0,,2.0,2.0,4.0,3.0,4.0,4.0,2.0,4.0,3.0,3.0,2.0,2.25,3.4,2.8,False,2.857142857142857,False,31.25,60.0,44.99999999999999,36.75,52.5,25.0,40.7,Moderate,Moderate
R0167,Advocate,4.0,3.0,3.0,3.0,3.0,4.0,4.0,4.0,3.0,4.0,4.0,3.0,4.0,4.0,4.0,3.2,3.8,3.8,False,3.6,False,55.00000000000001,70.0,70.0,61.0,70.0,25.0,57.400000000000006,Moderate,Moderate
R0167,CorrectionalOfficer,3.0,2.0,2.0,2.0,,2.0,3.0,2.0,3.0,2.0,1.0,1.0,1.0,1.0,1.0,2.25,2.4,1.0,False,1.8571428571428568,False,31.25,35.0,0.0,18.75,17.5,25.0,19.5,Very Low,Low
R0168,Investigator,3.0,4.0,5.0,3.0,3.0,2.0,2.0,3.0,2.0,2.0,3.0,3.0,3.0,3.0,3.0,3.6,2.2,3.0,False,2.933333333333333,False,65.0,30.000000000000004,50.0,59.0,40.0,31.25,45.85,Moderate,Moderate
R0168,Prosecutor,4.0,5.0,4.0,5.0,4.0,3.0,3.0,3.0,4.0,3.0,4.0,4.0,4.0,3.0,3.0,4.4,3.2,3.6,False,3.733333333333333,False,85.00000000000001,55.00000000000001,65.0,77.0,60.0,31.25,61.05,High,High
R0168,Judge,2.0,2.0,3.0,3.0,2.0,3.0,3.0,3.0,4.0,2.0,5.0,3.0,4.0,4.0,4.0,2.4,3.0,4.0,False,3.1333333333333333,False,35.0,50.0,75.0,51.0,62.5,31.25,51.650000000000006,Moderate,Moderate
R0168,CorrectionalOfficer,5.0,5.0,5.0,3.0,5.0,3.0,3.0,,3.0,3.0,5.0,4.0,4.0,4.0,5.0,4.6,3.0,4.4,False,4.071428571428571,False,89.99999999999999,50.0,85.00000000000001,88.0,67.5,31.25,68.45,High,High
R0169,Investigator,4.0,5.0,4.0,4.0,,5.0,5.0,4.0,4.0,5.0,4.0,4.0,5.0,5.0,5.0,4.25,4.6,4.6,False,4.5,False,81.25,89.99999999999999,89.99999999999999,84.75,89.99999999999999,80.0,85.89999999999999,Very High,High
R0169,Judge,4.0,3.0,4.0,3.0,3.0,5.0,5.0,5.0,4.0,4.0,2.0,3.0,2.0,3.0,2.0,3.4,4.6,2.4,False,3.466666666666667,False,60.0,89.99999999999999,35.0,50.0,62.49999999999999,80.0,61.0,High,High
R0169,Advocate,5.0,4.0,4.0,5.0,5.0,3.0,3.0,3.0,3.0,,5.0,4.0,4.0,3.0,5.0,4.6,3.0,4.2,False,4.0,False,89.99999999999999,50.0,80.0,86.0,65.0,80.0,76.4,High,High
R0169,CorrectionalOfficer,5.0,5.0,4.0,4.0,5.0,5.0,5.0,5.0,5.0,5.0,4.0,4.0,4.0,4.0,4.0,4.6,5.0,4.0,False,4.533333333333333,False,89.99999999999999,100.0,75.0,84.0,87.5,80.0,84.6,Very High,High
R0170,Investigator,4.0,4.0,5.0,4.0,4.0,5.0,5.0,5.0,4.0,4.0,5.0,5.0,5.0,4.0,5.0,4.2,4.6,4.8,False,4.533333333333333,False,80.0,89.99999999999999,95.0,86.0,92.5,50.0,81.4,Very High,High
R0170,Prosecutor,2.0,3.0,2.0,2.0,2.0,4.0,3.0,3.0,2.0,3.0,3.0,4.0,3.0,3.0,3.0,2.2,3.0,3.2,False,2.8,False,30.000000000000004,50.0,55.00000000000001,40.0,52.5,50.0,47.0,Moderate,Moderate
R0170,Judge,5.0,5.0,5.0,5.0,5.0,4.0,4.0,4.0,4.0,4.0,4.0,4.0,5.0,4.0,5.0,5.0,4.0,4.4,False,4.466666666666667,False,100.0,75.0,85.00000000000001,94.0,80.0,50.0,79.6,High,High
R0170,Advocate,4.0,4.0,4.0,,4.0,5.0,4.0,4.0,4.0,4.0,5.0,5.0,,5.0,5.0,4.0,4.2,5.0,False,4.384615384615385,False,75.0,80.0,100.0,85.0,90.0,50.0,80.0,High,High
R0170,CorrectionalOfficer,5.0,5.0,5.0,5.0,5.0,4.0,4.0,3.0,4.0,4.0,5.0,,5.0,4.0,5.0,5.0,3.8,4.75,False,4.5,False,100.0,70.0,93.75,97.5,81.875,50.0,81.75,Very High,High
R0171,Investigator,3.0,4.0,3.0,4.0,4.0,4.0,4.0,,4.0,3.0,3.0,4.0,3.0,4.0,3.0,3.6,3.75,3.4,False,3.571428571428572,False,65.0,68.75,60.0,63.0,64.375,50.0,60.95,High,High
R0171,Prosecutor,5.0,4.0,4.0,4.0,4.0,4.0,3.0,,3.0,3.0,4.0,4.0,3.0,4.0,3.0,4.2,3.25,3.6,False,3.7142857142857135,False,80.0,56.25,65.0,74.0,60.625,50.0,63.85,High,High
R0171,Judge,3.0,,4.0,3.0,3.0,3.0,3.0,4.0,3.0,4.0,,4.0,4.0,3.0,3.0,3.25,3.4,3.5,False,3.3846153846153846,False,56.25,60.0,62.5,58.75,61.25,50.0,58.0,Moderate,Moderate
R0171,CorrectionalOfficer,4.0,4.0,5.0,4.0,4.0,4.0,5.0,5.0,4.0,3.0,4.0,4.0,4.0,4.0,5.0,4.2,4.2,4.2,False,4.2,False,80.0,80.0,80.0,80.0,80.0,50.0,74.0,High,High
R0172,Investigator,2.0,3.0,2.0,2.0,2.0,3.0,3.0,2.0,3.0,3.0,3.0,2.0,2.0,3.0,3.0,2.2,2.8,2.6,False,2.533333333333333,False,30.000000000000004,44.99999999999999,40.0,34.0,42.5,35.0,37.6,Low,Low
R0172,Prosecutor,3.0,3.0,3.0,3.0,3.0,3.0,4.0,4.0,4.0,4.0,4.0,3.0,5.0,3.0,4.0,3.0,3.8,3.8,False,3.533333333333333,False,50.0,70.0,70.0,58.0,70.0,35.0,58.2,Moderate,Moderate
R0172,Judge,3.0,2.0,2.0,3.0,2.0,1.0,3.0,2.0,3.0,2.0,4.0,3.0,3.0,4.0,4.0,2.4,2.2,3.6,False,2.7333333333333334,False,35.0,30.000000000000004,65.0,47.0,47.5,35.0,44.8,Moderate,Moderate
R0172,Advocate,3.0,4.0,3.0,4.0,5.0,3.0,3.0,3.0,3.0,4.0,4.0,4.0,3.0,3.0,3.0,3.8,3.2,3.4,False,3.466666666666667,False,70.0,55.00000000000001,60.0,66.0,57.5,35.0,56.400000000000006,Moderate,Moderate
R0172,CorrectionalOfficer,4.0,4.0,5.0,5.0,4.0,3.0,4.0,5.0,5.0,4.0,5.0,,5.0,4.0,4.0,4.4,4.2,4.5,False,4.357142857142857,False,85.00000000000001,80.0,87.5,86.0,83.75,35.0,74.9,High,High
R0173,Investigator,5.0,5.0,4.0,5.0,5.0,2.0,2.0,3.0,3.0,2.0,3.0,4.0,,4.0,4.0,4.8,2.4,3.75,False,3.642857142857143,False,95.0,35.0,68.75,84.5,51.875,65.0,67.55000000000001,High,High
R0173,Prosecutor,3.0,5.0,4.0,5.0,4.0,4.0,4.0,4.0,4.0,4.0,3.0,3.0,4.0,4.0,3.0,4.2,4.0,3.4,False,3.8666666666666663,False,80.0,75.0,60.0,72.0,67.5,65.0,68.8,High,High
R0173,Judge,1.0,1.0,1.0,1.0,2.0,1.0,2.0,2.0,2.0,2.0,2.0,2.0,3.0,1.0,2.0,1.2,1.8,2.0,False,1.6666666666666667,False,4.999999999999999,20.0,25.0,13.0,22.5,65.0,27.2,Low,Low
R0173,CorrectionalOfficer,4.0,3.0,4.0,4.0,4.0,2.0,3.0,3.0,3.0,4.0,3.0,2.0,3.0,3.0,3.0,3.8,3.0,2.8,False,3.2,False,70.0,50.0,44.99999999999999,60.0,47.5,65.0,56.0,Moderate,Moderate
R0174,Investigator,3.0,2.0,3.0,3.0,2.0,2.0,2.0,3.0,3.0,3.0,2.0,3.0,2.0,3.0,3.0,2.6,2.6,2.6,False,2.6,False,40.0,40.0,40.0,40.0,40.0,70.0,46.0,Moderate,Moderate
R0174,Prosecutor,3.0,3.0,2.0,3.0,3.0,4.0,4.0,5.0,5.0,4.0,3.0,3.0,3.0,4.0,3.0,2.8,4.4,3.2,False,3.466666666666667,False,44.99999999999999,85.00000000000001,55.00000000000001,49.0,70.00000000000001,70.0,61.60000000000001,High,High
R0174,Judge,5.0,4.0,4.0,5.0,4.0,4.0,5.0,4.0,3.0,4.0,4.0,4.0,4.0,4.0,4.0,4.4,4.0,4.0,False,4.133333333333334,False,85.00000000000001,75.0,75.0,81.0,75.0,70.0,76.4,High,High
R0174,Advocate,3.0,3.0,4.0,3.0,3.0,2.0,1.0,3.0,2.0,3.0,4.0,4.0,3.0,3.0,3.0,3.2,2.2,3.4,False,2.933333333333333,False,55.00000000000001,30.000000000000004,60.0,57.0,45.0,70.0,54.8,Moderate,Moderate
R0174,CorrectionalOfficer,2.0,3.0,2.0,2.0,2.0,3.0,3.0,4.0,3.0,2.0,5.0,4.0,4.0,4.0,5.0,2.2,3.0,4.4,False,3.2,False,30.000000000000004,50.0,85.00000000000001,52.00000000000001,67.5,70.0,61.800000000000004,High,High
R0175,Investigator,3.0,,2.0,2.0,3.0,1.0,1.0,1.0,1.0,1.0,2.0,2.0,1.0,1.0,1.0,2.5,1.0,1.4,False,1.5714285714285714,False,37.5,0.0,9.999999999999998,26.5,4.999999999999999,37.5,20.1,Low,Low
R0175,Prosecutor,4.0,4.0,3.0,4.0,4.0,4.0,4.0,4.0,4.0,4.0,3.0,,3.0,2.0,3.0,3.8,4.0,2.75,False,3.571428571428572,False,70.0,75.0,43.75,59.5,59.375,37.5,55.05,Moderate,Moderate
R0175,Judge,2.0,2.0,2.0,2.0,2.0,3.0,2.0,3.0,3.0,2.0,3.0,3.0,3.0,2.0,3.0,2.0,2.6,2.8,False,2.466666666666667,False,25.0,40.0,44.99999999999999,33.0,42.5,37.5,37.7,Low,Low
R0175,Advocate,1.0,1.0,1.0,1.0,2.0,3.0,3.0,2.0,3.0,3.0,3.0,2.0,3.0,3.0,3.0,1.2,2.8,2.8,False,2.2666666666666666,False,4.999999999999999,44.99999999999999,44.99999999999999,20.999999999999996,44.99999999999999,37.5,33.89999999999999,Low,Low
R0175,CorrectionalOfficer,2.0,3.0,2.0,2.0,2.0,2.0,2.0,2.0,2.0,3.0,2.0,2.0,,1.0,1.0,2.2,2.2,1.5,False,2.0,False,30.000000000000004,30.000000000000004,12.5,23.0,21.25,37.5,25.200000000000003,Low,Low
R0176,Investigator,4.0,4.0,3.0,4.0,2.0,5.0,3.0,4.0,,5.0,3.0,4.0,3.0,3.0,3.0,3.4,4.25,3.2,False,3.571428571428572,False,60.0,81.25,55.00000000000001,58.0,68.125,50.0,60.45,High,High
R0176,Prosecutor,2.0,3.0,3.0,3.0,2.0,2.0,2.0,2.0,3.0,3.0,2.0,2.0,1.0,2.0,3.0,2.6,2.4,2.0,False,2.333333333333333,False,40.0,35.0,25.0,34.0,30.0,50.0,35.6,Low,Low
R0176,Judge,2.0,,2.0,2.0,3.0,2.0,3.0,3.0,2.0,3.0,3.0,3.0,4.0,2.0,3.0,2.25,2.6,3.0,False,2.642857142857143,False,31.25,40.0,50.0,38.75,45.0,50.0,43.5,Moderate,Moderate
R0176,Advocate,1.0,3.0,3.0,3.0,4.0,3.0,2.0,3.0,2.0,2.0,4.0,4.0,3.0,3.0,3.0,2.8,2.4,3.4,False,2.8666666666666667,False,44.99999999999999,35.0,60.0,51.0,47.5,50.0,49.400000000000006,Moderate,Moderate
R0176,CorrectionalOfficer,3.0,3.0,2.0,3.0,3.0,3.0,1.0,2.0,2.0,2.0,2.0,3.0,2.0,2.0,2.0,2.8,2.0,2.2,False,2.333333333333333,False,44.99999999999999,25.0,30.000000000000004,39.0,27.5,50.0,36.6,Low,Low
R0177,Investigator,3.0,3.0,4.0,3.0,3.0,2.0,2.0,1.0,2.0,3.0,2.0,1.0,2.0,1.0,2.0,3.2,2.0,1.6,False,2.2666666666666666,False,55.00000000000001,25.0,15.000000000000002,39.0,20.0,55.00000000000001,34.6,Low,Low
R0177,Prosecutor,2.0,4.0,2.0,3.0,3.0,3.0,3.0,3.0,3.0,3.0,3.0,3.0,3.0,3.0,3.0,2.8,3.0,3.0,False,2.933333333333333,False,44.99999999999999,50.0,50.0,47.0,50.0,55.00000000000001,49.8,Moderate,Moderate
R0177,Judge,3.0,3.0,2.0,,2.0,2.0,1.0,2.0,1.0,1.0,2.0,1.0,2.0,1.0,1.0,2.5,1.4,1.4,False,1.7142857142857142,False,37.5,9.999999999999998,9.999999999999998,26.5,9.999999999999998,55.00000000000001,25.6,Low,Low
R0177,CorrectionalOfficer,2.0,2.0,3.0,2.0,2.0,3.0,3.0,2.0,3.0,2.0,2.0,3.0,2.0,2.0,2.0,2.2,2.6,2.2,False,2.333333333333333,False,30.000000000000004,40.0,30.000000000000004,30.0,35.0,55.00000000000001,37.0,Low,Low
R0178,Investigator,2.0,3.0,2.0,2.0,3.0,5.0,5.0,5.0,5.0,4.0,3.0,4.0,4.0,4.0,3.0,2.4,4.8,3.6,False,3.6,False,35.0,95.0,65.0,47.0,80.0,60.0,62.8,High,High
R0178,Judge,3.0,3.0,4.0,3.0,3.0,5.0,4.0,4.0,4.0,3.0,3.0,4.0,3.0,4.0,4.0,3.2,4.0,3.6,False,3.6,False,55.00000000000001,75.0,65.0,59.0,70.0,60.0,63.6,High,High
R0178,CorrectionalOfficer,5.0,4.0,5.0,4.0,,3.0,3.0,4.0,4.0,4.0,3.0,4.0,4.0,3.0,3.0,4.5,3.6,3.4,False,3.7857142857142856,False,87.5,65.0,60.0,76.5,62.5,60.0,67.6,High,High
R0179,Investigator,3.0,3.0,3.0,3.0,4.0,4.0,4.0,3.0,4.0,4.0,2.0,3.0,2.0,3.0,2.0,3.2,3.8,2.4,False,3.1333333333333333,False,55.00000000000001,70.0,35.0,47.0,52.5,65.0,52.8,Moderate,Moderate
R0179,Prosecutor,3.0,5.0,4.0,4.0,3.0,3.0,2.0,3.0,2.0,2.0,4.0,4.0,4.0,4.0,4.0,3.8,2.4,4.0,False,3.4,False,70.0,35.0,75.0,72.0,55.0,65.0,63.8,High,High
R0179,Judge,5.0,4.0,4.0,4.0,4.0,4.0,4.0,4.0,4.0,5.0,5.0,4.0,5.0,4.0,5.0,4.2,4.2,4.6,False,4.333333333333333,False,80.0,80.0,89.99999999999999,84.0,85.0,65.0,80.6,Very High,High
R0179,CorrectionalOfficer,3.0,3.0,3.0,3.0,2.0,4.0,4.0,3.0,4.0,3.0,2.0,1.0,1.0,1.0,2.0,2.8,3.6,1.4,False,2.6,False,44.99999999999999,65.0,9.999999999999998,30.999999999999996,37.5,65.0,40.4,Moderate,Moderate
R0180,Investigator,3.0,3.0,2.0,4.0,2.0,4.0,4.0,4.0,5.0,5.0,3.0,4.0,3.0,4.0,4.0,2.8,4.4,3.6,False,3.6,False,44.99999999999999,85.00000000000001,65.0,53.0,75.0,62.5,63.7,High,High
R0180,Prosecutor,5.0,5.0,,5.0,5.0,4.0,4.0,4.0,4.0,4.0,4.0,5.0,5.0,5.0,5.0,5.0,4.0,4.8,False,4.571428571428571,False,100.0,75.0,95.0,98.0,85.0,62.5,85.7,Very High,High
R0180,Advocate,5.0,5.0,3.0,4.0,4.0,4.0,4.0,4.0,3.0,4.0,3.0,3.0,3.0,4.0,3.0,4.2,3.8,3.2,False,3.733333333333333,False,80.0,70.0,55.00000000000001,70.0,62.5,62.5,65.5,High,High
R0180,CorrectionalOfficer,5.0,4.0,5.0,5.0,5.0,4.0,4.0,4.0,4.0,5.0,4.0,4.0,3.0,4.0,4.0,4.8,4.2,3.8,False,4.266666666666667,False,95.0,80.0,70.0,85.0,75.0,62.5,76.5,High,High
R0181,Investigator,3.0,4.0,2.0,3.0,3.0,2.0,2.0,2.0,2.0,2.0,3.0,2.0,2.0,2.0,3.0,3.0,2.0,2.4,False,2.466666666666667,False,50.0,25.0,35.0,44.0,30.0,70.0,43.6,Moderate,Moderate
R0181,Prosecutor,1.0,2.0,2.0,3.0,3.0,3.0,3.0,3.0,3.0,3.0,4.0,3.0,3.0,2.0,2.0,2.2,3.0,2.8,False,2.6666666666666665,False,30.000000000000004,50.0,44.99999999999999,36.0,47.5,70.0,47.4,Moderate,Moderate
R0181,Judge,4.0,3.0,4.0,3.0,4.0,2.0,3.0,3.0,2.0,3.0,3.0,3.0,3.0,2.0,3.0,3.6,2.6,2.8,False,3.0,False,65.0,40.0,44.99999999999999,57.0,42.5,70.0,53.8,Moderate,Moderate
R0181,Advocate,2.0,2.0,2.0,2.0,2.0,2.0,,2.0,1.0,2.0,3.0,3.0,3.0,1.0,,2.0,1.75,2.5,False,2.076923076923077,False,25.0,18.75,37.5,30.0,28.125,70.0,37.25,Low,Low
R0181,CorrectionalOfficer,4.0,3.0,2.0,3.0,3.0,1.0,1.0,2.0,2.0,2.0,3.0,3.0,3.0,3.0,2.0,3.0,1.6,2.8,False,2.466666666666667,False,50.0,15.000000000000002,44.99999999999999,48.0,29.999999999999996,70.0,45.2,Moderate,Moderate
R0182,Investigator,4.0,3.0,4.0,3.0,3.0,4.0,4.0,4.0,4.0,4.0,5.0,4.0,4.0,3.0,4.0,3.4,4.0,4.0,False,3.8,False,60.0,75.0,75.0,66.0,75.0,60.0,68.4,High,High
R0182,Prosecutor,2.0,2.0,3.0,2.0,3.0,2.0,2.0,2.0,2.0,3.0,3.0,3.0,3.0,2.0,3.0,2.4,2.2,2.8,False,2.466666666666667,False,35.0,30.000000000000004,44.99999999999999,39.0,37.5,60.0,42.6,Moderate,Moderate
R0182,Judge,2.0,2.0,2.0,2.0,2.0,3.0,3.0,3.0,3.0,3.0,3.0,2.0,3.0,2.0,3.0,2.0,3.0,2.6,False,2.533333333333333,False,25.0,50.0,40.0,31.0,45.0,60.0,42.4,Moderate,Moderate
R0182,Advocate,2.0,2.0,1.0,1.0,1.0,3.0,3.0,3.0,1.0,2.0,1.0,1.0,2.0,2.0,1.0,1.4,2.4,1.4,False,1.7333333333333334,False,9.999999999999998,35.0,9.999999999999998,9.999999999999998,22.5,60.0,25.0,Low,Low
R0182,CorrectionalOfficer,2.0,3.0,2.0,3.0,4.0,4.0,4.0,2.0,3.0,3.0,2.0,2.0,2.0,4.0,2.0,2.8,3.2,2.4,False,2.8,False,44.99999999999999,55.00000000000001,35.0,41.0,45.0,60.0,46.400000000000006,Moderate,Moderate
R0183,Investigator,3.0,2.0,2.0,2.0,2.0,4.0,3.0,3.0,4.0,3.0,3.0,2.0,2.0,2.0,3.0,2.2,3.4,2.4,False,2.6666666666666665,False,30.000000000000004,60.0,35.0,32.0,47.5,55.00000000000001,42.800000000000004,Moderate,Moderate
R0183,Prosecutor,3.0,4.0,4.0,4.0,5.0,4.0,4.0,4.0,4.0,5.0,3.0,3.0,4.0,3.0,3.0,4.0,4.2,3.2,False,3.8,False,75.0,80.0,55.00000000000001,67.0,67.5,55.00000000000001,64.8,High,High
R0183,Judge,4.0,4.0,4.0,3.0,3.0,4.0,4.0,3.0,3.0,4.0,4.0,4.0,5.0,5.0,4.0,3.6,3.6,4.4,False,3.8666666666666663,False,65.0,65.0,85.00000000000001,73.0,75.0,55.00000000000001,70.2,High,High
R0183,CorrectionalOfficer,4.0,4.0,4.0,4.0,,3.0,3.0,2.0,2.0,4.0,5.0,5.0,5.0,5.0,5.0,4.0,2.8,5.0,False,3.928571428571429,False,75.0,44.99999999999999,100.0,85.0,72.5,55.00000000000001,74.0,High,High
R0184,Investigator,5.0,5.0,5.0,5.0,5.0,5.0,5.0,5.0,5.0,5.0,4.0,4.0,5.0,5.0,5.0,5.0,5.0,4.6,False,4.866666666666666,False,100.0,100.0,89.99999999999999,96.0,95.0,30.000000000000004,82.4,Very High,High
R0184,Judge,5.0,5.0,5.0,4.0,4.0,5.0,5.0,5.0,4.0,4.0,5.0,4.0,5.0,5.0,4.0,4.6,4.6,4.6,False,4.6,False,89.99999999999999,89.99999999999999,89.99999999999999,89.99999999999999,89.99999999999999,30.000000000000004,77.99999999999999,High,High
R0184,Advocate,4.0,4.0,3.0,4.0,4.0,5.0,5.0,5.0,5.0,5.0,5.0,4.0,5.0,5.0,4.0,3.8,5.0,4.6,False,4.466666666666667,False,70.0,100.0,89.99999999999999,78.0,95.0,30.000000000000004,75.2,High,High
R0184,CorrectionalOfficer,3.0,4.0,3.0,3.0,3.0,4.0,3.0,3.0,2.0,2.0,3.0,3.0,4.0,3.0,4.0,3.2,2.8,3.4,False,3.1333333333333333,False,55.00000000000001,44.99999999999999,60.0,57.0,52.5,30.000000000000004,49.8,Moderate,Moderate
R0185,Investigator,2.0,2.0,3.0,4.0,3.0,2.0,3.0,4.0,3.0,3.0,3.0,3.0,4.0,3.0,3.0,2.8,3.0,3.2,False,3.0,False,44.99999999999999,50.0,55.00000000000001,49.0,52.5,60.0,52.6,Moderate,Moderate
R0185,Prosecutor,3.0,2.0,2.0,3.0,3.0,3.0,3.0,3.0,3.0,3.0,2.0,,1.0,1.0,2.0,2.6,3.0,1.5,False,2.4285714285714284,False,40.0,50.0,12.5,29.0,31.25,60.0,36.1,Low,Low
R0185,Judge,2.0,2.0,2.0,,3.0,3.0,3.0,3.0,3.0,3.0,3.0,3.0,3.0,3.0,,2.25,3.0,3.0,False,2.769230769230769,False,31.25,50.0,50.0,38.75,50.0,60.0,47.5,Moderate,Moderate
R0185,Advocate,4.0,3.0,3.0,4.0,4.0,2.0,2.0,3.0,2.0,3.0,3.0,3.0,2.0,,2.0,3.6,2.4,2.5,False,2.857142857142857,False,65.0,35.0,37.5,54.0,36.25,60.0,48.1,Moderate,Moderate
R0185,CorrectionalOfficer,2.0,3.0,3.0,2.0,2.0,4.0,3.0,3.0,3.0,3.0,2.0,2.0,2.0,2.0,2.0,2.4,3.2,2.0,False,2.533333333333333,False,35.0,55.00000000000001,25.0,31.0,40.0,60.0,40.4,Moderate,Moderate
R0186,Investigator,3.0,3.0,2.0,3.0,2.0,4.0,5.0,4.0,4.0,3.0,3.0,3.0,3.0,3.0,4.0,2.6,4.0,3.2,False,3.2666666666666666,False,40.0,75.0,55.00000000000001,46.0,65.0,60.0,56.400000000000006,Moderate,Moderate
R0186,Prosecutor,2.0,2.0,2.0,,2.0,3.0,3.0,2.0,3.0,2.0,1.0,2.0,1.0,1.0,2.0,2.0,2.6,1.4,False,2.0,False,25.0,40.0,9.999999999999998,19.0,25.0,60.0,29.6,Low,Low
R0186,Judge,4.0,4.0,4.0,4.0,4.0,3.0,3.0,3.0,3.0,2.0,2.0,3.0,2.0,2.0,2.0,4.0,2.8,2.2,False,3.0,False,75.0,44.99999999999999,30.000000000000004,57.0,37.5,60.0,49.8,Moderate,Moderate
R0186,Advocate,4.0,3.0,,3.0,3.0,3.0,3.0,3.0,3.0,3.0,3.0,2.0,3.0,2.0,2.0,3.25,3.0,2.4,False,2.857142857142857,False,56.25,50.0,35.0,47.75,42.5,60.0,48.1,Moderate,Moderate
R0186,CorrectionalOfficer,3.0,3.0,3.0,3.0,3.0,3.0,3.0,3.0,3.0,3.0,3.0,3.0,3.0,3.0,3.0,3.0,3.0,3.0,True,3.0,False,50.0,50.0,50.0,50.0,50.0,60.0,52.0,Moderate,Moderate
R0187,Investigator,3.0,3.0,3.0,,3.0,3.0,3.0,3.0,3.0,3.0,3.0,4.0,4.0,3.0,4.0,3.0,3.0,3.6,False,3.2142857142857144,False,50.0,50.0,65.0,56.0,57.5,40.0,53.400000000000006,Moderate,Moderate
R0187,Prosecutor,2.0,1.0,2.0,3.0,2.0,2.0,1.0,3.0,2.0,2.0,2.0,,1.0,2.0,1.0,2.0,2.0,1.5,False,1.8571428571428568,False,25.0,25.0,12.5,20.0,18.75,40.0,23.5,Low,Low
R0187,Judge,2.0,3.0,2.0,3.0,3.0,1.0,,2.0,2.0,2.0,1.0,1.0,2.0,2.0,1.0,2.6,1.75,1.4,False,1.9285714285714288,False,40.0,18.75,9.999999999999998,28.0,14.375,40.0,24.950000000000003,Low,Low
R0187,CorrectionalOfficer,2.0,1.0,1.0,2.0,1.0,3.0,2.0,2.0,3.0,3.0,2.0,1.0,,1.0,2.0,1.4,2.6,1.5,False,1.8571428571428568,False,9.999999999999998,40.0,12.5,11.0,26.25,40.0,22.9,Low,Low
R0188,Investigator,4.0,4.0,4.0,4.0,5.0,4.0,3.0,3.0,3.0,3.0,,4.0,3.0,3.0,3.0,4.2,3.2,3.25,False,3.571428571428572,False,80.0,55.00000000000001,56.25,70.5,55.625,55.00000000000001,61.45,High,High
R0188,Prosecutor,3.0,3.0,,2.0,3.0,2.0,2.0,2.0,2.0,2.0,3.0,3.0,3.0,2.0,3.0,2.75,2.0,2.8,False,2.5,False,43.75,25.0,44.99999999999999,44.25,35.0,55.00000000000001,42.7,Moderate,Moderate
R0188,Judge,2.0,3.0,2.0,3.0,2.0,3.0,2.0,2.0,3.0,3.0,3.0,3.0,,3.0,4.0,2.4,2.6,3.25,False,2.7142857142857144,False,35.0,40.0,56.25,43.5,48.125,55.00000000000001,47.650000000000006,Moderate,Moderate
R0188,Advocate,2.0,4.0,3.0,2.0,3.0,2.0,4.0,3.0,2.0,2.0,3.0,3.0,4.0,3.0,3.0,2.8,2.6,3.2,False,2.8666666666666667,False,44.99999999999999,40.0,55.00000000000001,49.0,47.5,55.00000000000001,49.6,Moderate,Moderate
R0188,CorrectionalOfficer,1.0,2.0,2.0,2.0,1.0,1.0,3.0,3.0,2.0,3.0,4.0,3.0,3.0,3.0,4.0,1.6,2.4,3.4,False,2.466666666666667,False,15.000000000000002,35.0,60.0,33.0,47.5,55.00000000000001,43.2,Moderate,Moderate
R0189,Investigator,2.0,2.0,2.0,3.0,3.0,,4.0,3.0,3.0,4.0,4.0,4.0,4.0,4.0,4.0,2.4,3.5,4.0,False,3.2857142857142856,False,35.0,62.5,75.0,51.0,68.75,81.25,64.15,High,High
R0189,Prosecutor,4.0,3.0,4.0,4.0,4.0,4.0,3.0,3.0,3.0,4.0,2.0,2.0,3.0,3.0,2.0,3.8,3.4,2.4,False,3.2,False,70.0,60.0,35.0,56.0,47.5,81.25,57.650000000000006,Moderate,Moderate
R0189,Judge,4.0,5.0,4.0,4.0,4.0,4.0,4.0,4.0,5.0,4.0,5.0,5.0,5.0,5.0,5.0,4.2,4.2,5.0,False,4.466666666666667,False,80.0,80.0,100.0,88.0,90.0,81.25,87.45,Very High,High
R0189,CorrectionalOfficer,4.0,4.0,4.0,4.0,4.0,3.0,4.0,3.0,3.0,3.0,3.0,3.0,2.0,3.0,4.0,4.0,3.2,3.0,False,3.4,False,75.0,55.00000000000001,50.0,65.0,52.5,81.25,63.25,High,High
R0190,Investigator,2.0,3.0,2.0,2.0,1.0,1.0,1.0,3.0,1.0,3.0,3.0,3.0,3.0,,4.0,2.0,1.8,3.25,False,2.2857142857142856,False,25.0,20.0,56.25,37.5,38.125,50.0,40.25,Moderate,Moderate
R0190,Prosecutor,2.0,2.0,2.0,3.0,2.0,1.0,2.0,2.0,3.0,2.0,3.0,4.0,4.0,4.0,3.0,2.2,2.0,3.6,False,2.6,False,30.000000000000004,25.0,65.0,44.0,45.0,50.0,45.6,Moderate,Moderate
R0190,Judge,2.0,2.0,,3.0,2.0,2.0,2.0,3.0,2.0,2.0,2.0,2.0,2.0,1.0,2.0,2.25,2.2,1.8,False,2.071428571428572,False,31.25,30.000000000000004,20.0,26.75,25.0,50.0,30.700000000000003,Low,Low
R0190,CorrectionalOfficer,4.0,3.0,2.0,4.0,3.0,1.0,2.0,2.0,2.0,1.0,1.0,2.0,2.0,2.0,2.0,3.2,1.6,1.8,False,2.2,False,55.00000000000001,15.000000000000002,20.0,41.0,17.5,50.0,33.400000000000006,Low,Low
R0191,Investigator,3.0,2.0,2.0,2.0,2.0,2.0,4.0,2.0,2.0,3.0,3.0,3.0,3.0,2.0,3.0,2.2,2.6,2.8,False,2.533333333333333,False,30.000000000000004,40.0,44.99999999999999,36.0,42.5,75.0,46.4,Moderate,Moderate
R0191,Prosecutor,2.0,2.0,2.0,1.0,2.0,2.0,2.0,2.0,2.0,1.0,3.0,2.0,3.0,2.0,3.0,1.8,1.8,2.6,False,2.066666666666667,False,20.0,20.0,40.0,28.0,30.0,75.0,38.2,Low,Low
R0191,Judge,1.0,2.0,2.0,2.0,1.0,1.0,2.0,2.0,2.0,2.0,3.0,2.0,2.0,2.0,2.0,1.6,1.8,2.2,False,1.8666666666666667,False,15.000000000000002,20.0,30.000000000000004,21.0,25.0,75.0,33.4,Low,Low
R0191,Advocate,2.0,3.0,3.0,2.0,2.0,3.0,4.0,3.0,2.0,3.0,4.0,3.0,3.0,3.0,2.0,2.4,3.0,3.0,False,2.8,False,35.0,50.0,50.0,41.0,50.0,75.0,51.400000000000006,Moderate,Moderate
R0191,CorrectionalOfficer,1.0,1.0,1.0,1.0,1.0,,1.0,1.0,1.0,1.0,,1.0,1.0,1.0,1.0,1.0,1.0,1.0,True,1.0,False,0.0,0.0,0.0,0.0,0.0,75.0,15.0,Very Low,Low
R0192,Investigator,4.0,3.0,2.0,2.0,4.0,3.0,2.0,2.0,3.0,2.0,2.0,3.0,3.0,3.0,3.0,3.0,2.4,2.8,False,2.7333333333333334,False,50.0,35.0,44.99999999999999,48.0,40.0,44.99999999999999,44.2,Moderate,Moderate
R0192,Prosecutor,3.0,,2.0,3.0,3.0,4.0,5.0,3.0,,3.0,4.0,3.0,3.0,3.0,4.0,2.75,3.75,3.4,False,3.3076923076923075,False,43.75,68.75,60.0,50.25,64.375,44.99999999999999,54.85,Moderate,Moderate
R0192,Judge,4.0,4.0,4.0,4.0,4.0,2.0,2.0,2.0,3.0,2.0,3.0,4.0,3.0,3.0,3.0,4.0,2.2,3.2,False,3.1333333333333333,False,75.0,30.000000000000004,55.00000000000001,67.0,42.50000000000001,44.99999999999999,52.800000000000004,Moderate,Moderate
R0192,Advocate,3.0,3.0,3.0,3.0,3.0,4.0,3.0,4.0,4.0,5.0,4.0,4.0,4.0,5.0,4.0,3.0,4.0,4.2,False,3.733333333333333,False,50.0,75.0,80.0,62.0,77.5,44.99999999999999,64.8,High,High
R0192,CorrectionalOfficer,2.0,,1.0,2.0,2.0,3.0,3.0,3.0,3.0,3.0,5.0,5.0,5.0,5.0,5.0,1.75,3.0,5.0,False,3.357142857142857,False,18.75,50.0,100.0,51.25,75.0,44.99999999999999,59.5,Moderate,Moderate
R0193,Investigator,2.0,3.0,3.0,4.0,3.0,2.0,2.0,3.0,3.0,2.0,2.0,1.0,2.0,1.0,2.0,3.0,2.4,1.6,False,2.333333333333333,False,50.0,35.0,15.000000000000002,36.0,25.0,50.0,34.4,Low,Low
R0193,Prosecutor,2.0,2.0,2.0,2.0,1.0,2.0,2.0,2.0,2.0,2.0,2.0,3.0,3.0,2.0,3.0,1.8,2.0,2.6,False,2.1333333333333333,False,20.0,25.0,40.0,28.0,32.5,50.0,34.2,Low,Low
R0193,Judge,4.0,3.0,3.0,3.0,2.0,2.0,2.0,2.0,,,3.0,4.0,3.0,3.0,3.0,3.0,,3.2,False,2.8461538461538463,False,50.0,,55.00000000000001,52.0,,50.0,,,
R0193,CorrectionalOfficer,,2.0,2.0,2.0,2.0,3.0,4.0,4.0,2.0,4.0,2.0,3.0,3.0,3.0,3.0,2.0,3.4,2.8,False,2.7857142857142856,False,25.0,60.0,44.99999999999999,33.0,52.5,50.0,44.2,Moderate,Moderate
R0194,Investigator,3.0,3.0,3.0,4.0,3.0,4.0,3.0,5.0,4.0,,3.0,4.0,3.0,3.0,4.0,3.2,4.0,3.4,False,3.5,False,55.00000000000001,75.0,60.0,57.0,67.5,75.0,64.8,High,High
R0194,Prosecutor,3.0,3.0,3.0,4.0,3.0,3.0,3.0,3.0,3.0,3.0,2.0,2.0,3.0,2.0,3.0,3.2,3.0,2.4,False,2.8666666666666667,False,55.00000000000001,50.0,35.0,47.0,42.5,75.0,50.8,Moderate,Moderate
R0194,Judge,2.0,2.0,3.0,3.0,4.0,2.0,3.0,3.0,3.0,3.0,1.0,2.0,2.0,1.0,,2.8,2.8,1.5,False,2.4285714285714284,False,44.99999999999999,44.99999999999999,12.5,31.999999999999996,28.749999999999996,75.0,39.3,Low,Low
R0194,CorrectionalOfficer,4.0,4.0,4.0,5.0,4.0,4.0,4.0,4.0,4.0,4.0,3.0,2.0,2.0,2.0,4.0,4.2,4.0,2.6,False,3.6,False,80.0,75.0,40.0,64.0,57.5,75.0,63.6,High,High
R0195,Investigator,2.0,2.0,,3.0,2.0,4.0,3.0,3.0,3.0,3.0,3.0,3.0,3.0,3.0,3.0,2.25,3.2,3.0,False,2.857142857142857,False,31.25,55.00000000000001,50.0,38.75,52.5,55.00000000000001,47.5,Moderate,Moderate
R0195,Prosecutor,4.0,4.0,4.0,3.0,4.0,5.0,5.0,4.0,4.0,3.0,3.0,3.0,2.0,2.0,2.0,3.8,4.2,2.4,False,3.466666666666667,False,70.0,80.0,35.0,56.0,57.5,55.00000000000001,56.400000000000006,Moderate,Moderate
R0195,Judge,5.0,4.0,3.0,5.0,5.0,3.0,3.0,2.0,3.0,3.0,5.0,4.0,4.0,5.0,4.0,4.4,2.8,4.4,False,3.8666666666666663,False,85.00000000000001,44.99999999999999,85.00000000000001,85.00000000000001,65.0,55.00000000000001,71.00000000000001,High,High
R0195,CorrectionalOfficer,5.0,4.0,5.0,5.0,4.0,3.0,3.0,4.0,3.0,3.0,3.0,3.0,,4.0,3.0,4.6,3.2,3.25,False,3.7142857142857135,False,89.99999999999999,55.00000000000001,56.25,76.5,55.625,55.00000000000001,63.85,High,High
R0196,Investigator,2.0,1.0,2.0,2.0,2.0,4.0,2.0,,3.0,4.0,2.0,3.0,3.0,3.0,4.0,1.8,3.25,3.0,False,2.642857142857143,False,20.0,56.25,50.0,32.0,53.125,50.0,44.05,Moderate,Moderate
R0196,Prosecutor,2.0,2.0,1.0,2.0,1.0,2.0,2.0,3.0,3.0,3.0,3.0,3.0,2.0,3.0,4.0,1.6,2.6,3.0,False,2.4,False,15.000000000000002,40.0,50.0,29.0,45.0,50.0,39.6,Low,Low
R0196,Judge,3.0,3.0,2.0,2.0,2.0,3.0,3.0,3.0,3.0,3.0,3.0,3.0,4.0,3.0,5.0,2.4,3.0,3.6,False,3.0,False,35.0,50.0,65.0,47.0,57.5,50.0,51.8,Moderate,Moderate
R0196,CorrectionalOfficer,,2.0,2.0,3.0,2.0,2.0,3.0,2.0,2.0,2.0,2.0,1.0,1.0,2.0,1.0,2.25,2.2,1.4,False,1.9285714285714288,False,31.25,30.000000000000004,9.999999999999998,22.75,20.0,50.0,27.1,Low,Low
R0197,Investigator,3.0,2.0,3.0,3.0,3.0,,2.0,1.0,,3.0,3.0,3.0,2.0,,3.0,2.8,,2.75,False,2.583333333333333,False,44.99999999999999,,43.75,44.5,,,,,
R0197,Prosecutor,3.0,4.0,3.0,4.0,3.0,1.0,3.0,3.0,1.0,,2.0,3.0,3.0,2.0,2.0,3.4,2.0,2.4,False,2.642857142857143,False,60.0,25.0,35.0,50.0,30.0,,,,
R0197,Judge,2.0,2.0,2.0,2.0,2.0,5.0,3.0,4.0,4.0,4.0,5.0,3.0,4.0,4.0,,2.0,4.0,4.0,False,3.2857142857142856,False,25.0,75.0,75.0,45.0,75.0,,,,
R0197,Advocate,2.0,2.0,3.0,2.0,3.0,1.0,1.0,2.0,2.0,3.0,3.0,3.0,3.0,3.0,4.0,2.4,1.8,3.2,False,2.466666666666667,False,35.0,20.0,55.00000000000001,43.0,37.5,,,,
R0197,CorrectionalOfficer,2.0,3.0,2.0,2.0,2.0,2.0,2.0,3.0,3.0,3.0,3.0,3.0,3.0,3.0,2.0,2.2,2.6,2.8,False,2.533333333333333,False,30.000000000000004,40.0,44.99999999999999,36.0,42.5,,,,
R0198,Investigator,3.0,3.0,3.0,2.0,4.0,3.0,5.0,4.0,4.0,5.0,3.0,3.0,3.0,3.0,3.0,3.0,4.2,3.0,False,3.4,False,50.0,80.0,50.0,50.0,65.0,43.75,54.75,Moderate,Moderate
R0198,Prosecutor,,3.0,2.0,2.0,2.0,1.0,1.0,1.0,2.0,1.0,1.0,1.0,1.0,,2.0,2.25,1.2,1.25,False,1.5384615384615383,False,31.25,4.999999999999999,6.25,21.25,5.625,43.75,19.5,Very Low,Low
R0198,Judge,1.0,2.0,2.0,1.0,1.0,4.0,3.0,3.0,2.0,3.0,3.0,2.0,3.0,2.0,2.0,1.4,3.0,2.4,False,2.2666666666666666,False,9.999999999999998,50.0,35.0,20.0,42.5,43.75,33.75,Low,Low
R0198,Advocate,,2.0,3.0,3.0,3.0,2.0,3.0,4.0,3.0,2.0,3.0,2.0,2.0,3.0,2.0,2.75,2.8,2.4,False,2.642857142857143,False,43.75,44.99999999999999,35.0,40.25,40.0,43.75,40.85,Moderate,Moderate
R0198,CorrectionalOfficer,2.0,2.0,2.0,3.0,1.0,2.0,2.0,2.0,2.0,2.0,3.0,3.0,2.0,2.0,2.0,2.0,2.0,2.4,False,2.1333333333333333,False,25.0,25.0,35.0,29.0,30.0,43.75,32.35,Low,Low
R0199,Investigator,4.0,4.0,4.0,3.0,3.0,3.0,3.0,3.0,3.0,2.0,2.0,2.0,3.0,3.0,2.0,3.6,2.8,2.4,False,2.933333333333333,False,65.0,44.99999999999999,35.0,53.0,40.0,70.0,51.2,Moderate,Moderate
R0199,Prosecutor,4.0,3.0,4.0,3.0,4.0,2.0,1.0,1.0,1.0,1.0,2.0,1.0,2.0,3.0,2.0,3.6,1.2,2.0,False,2.2666666666666666,False,65.0,4.999999999999999,25.0,49.0,15.0,70.0,39.6,Low,Low
R0199,Judge,4.0,3.0,3.0,3.0,4.0,2.0,3.0,3.0,3.0,2.0,1.0,3.0,3.0,3.0,4.0,3.4,2.6,2.8,False,2.933333333333333,False,60.0,40.0,44.99999999999999,54.0,42.5,70.0,52.6,Moderate,Moderate
R0199,CorrectionalOfficer,1.0,1.0,1.0,2.0,,1.0,2.0,1.0,2.0,2.0,1.0,1.0,1.0,2.0,2.0,1.25,1.6,1.4,False,1.4285714285714286,False,6.25,15.000000000000002,9.999999999999998,7.75,12.5,70.0,22.1,Low,Low
R0200,Investigator,2.0,,2.0,2.0,3.0,3.0,3.0,3.0,,3.0,2.0,2.0,3.0,3.0,2.0,2.25,3.0,2.4,False,2.5384615384615383,False,31.25,50.0,35.0,32.75,42.5,20.0,34.1,Low,Low
R0200,Prosecutor,3.0,3.0,2.0,3.0,4.0,2.0,3.0,2.0,3.0,3.0,4.0,5.0,3.0,4.0,5.0,3.0,2.6,4.2,False,3.2666666666666666,False,50.0,40.0,80.0,62.0,60.0,20.0,52.8,Moderate,Moderate
R0200,Advocate,4.0,5.0,4.0,3.0,4.0,3.0,2.0,3.0,3.0,3.0,4.0,3.0,3.0,4.0,3.0,4.0,2.8,3.4,False,3.4,False,75.0,44.99999999999999,60.0,69.0,52.5,20.0,52.6,Moderate,Moderate
R0200,CorrectionalOfficer,4.0,4.0,4.0,3.0,4.0,4.0,5.0,4.0,5.0,4.0,4.0,5.0,4.0,5.0,5.0,3.8,4.4,4.6,False,4.266666666666667,False,70.0,85.00000000000001,89.99999999999999,78.0,87.5,20.0,70.2,High,High
