respondent_id,actor_category,VfV1,VfV2,VfV3,VfV4,VfV5,FCNC1,FCNC2,FCNC3,FCNC4,FCNC5,ID1,ID2,ID3,ID4,ID5,VfV_score,FCNC_score,ID_score,flag_straightline,total_score,flag_statistical_outlier
R0001,Investigator,3.0,3.0,4.0,3.0,3.0,3.0,3.0,2.0,3.0,2.0,2.0,,2.0,3.0,4.0,3.2,2.6,2.75,False,2.857142857142857,False
R0001,Judge,2.0,2.0,2.0,2.0,2.0,3.0,3.0,3.0,3.0,3.0,3.0,3.0,3.0,3.0,2.0,2.0,3.0,2.8,False,2.6,False
R0001,Advocate,3.0,3.0,3.0,4.0,2.0,3.0,3.0,4.0,4.0,4.0,3.0,4.0,4.0,3.0,4.0,3.0,3.6,3.6,False,3.4,False
R0001,CorrectionalOfficer,2.0,2.0,2.0,2.0,1.0,3.0,2.0,,2.0,2.0,3.0,3.0,3.0,3.0,3.0,1.8,2.25,3.0,False,2.357142857142857,False
R0002,Investigator,2.0,2.0,3.0,3.0,4.0,3.0,3.0,4.0,3.0,3.0,4.0,4.0,4.0,4.0,5.0,2.8,3.2,4.2,False,3.4,False
R0002,Prosecutor,4.0,,3.0,4.0,3.0,3.0,3.0,2.0,3.0,3.0,4.0,4.0,4.0,3.0,4.0,3.5,2.8,3.8,False,3.357142857142857,False
R0002,Judge,,3.0,3.0,3.0,4.0,2.0,3.0,,2.0,2.0,4.0,3.0,2.0,2.0,,3.25,2.25,2.75,False,2.75,False
R0002,Advocate,2.0,2.0,2.0,3.0,2.0,2.0,3.0,2.0,2.0,2.0,3.0,3.0,3.0,3.0,3.0,2.2,2.2,3.0,False,2.466666666666667,False
R0002,CorrectionalOfficer,1.0,2.0,3.0,2.0,2.0,3.0,4.0,3.0,2.0,2.0,2.0,2.0,3.0,3.0,3.0,2.0,2.8,2.6,False,2.466666666666667,False
R0003,Investigator,1.0,2.0,1.0,1.0,1.0,2.0,2.0,2.0,2.0,2.0,1.0,1.0,2.0,1.0,3.0,1.2,2.0,1.6,False,1.6,False
R0003,Prosecutor,4.0,3.0,2.0,3.0,3.0,3.0,1.0,3.0,2.0,3.0,3.0,2.0,2.0,2.0,3.0,3.0,2.4,2.4,False,2.6,False
R0003,Judge,1.0,2.0,2.0,2.0,2.0,3.0,2.0,3.0,3.0,2.0,3.0,2.0,2.0,1.0,2.0,1.8,2.6,2.0,False,2.1333333333333333,False
R0003,Advocate,4.0,4.0,3.0,4.0,4.0,2.0,3.0,2.0,2.0,2.0,3.0,4.0,4.0,3.0,3.0,3.8,2.2,3.4,False,3.1333333333333333,False
R0003,CorrectionalOfficer,2.0,1.0,2.0,2.0,1.0,3.0,2.0,2.0,2.0,2.0,,2.0,3.0,2.0,2.0,1.6,2.2,2.25,False,2.0,False
R0004,Investigator,3.0,3.0,3.0,3.0,3.0,4.0,3.0,3.0,4.0,2.0,3.0,3.0,2.0,3.0,3.0,3.0,3.2,2.8,False,3.0,False
R0004,Prosecutor,4.0,4.0,4.0,3.0,4.0,3.0,4.0,2.0,2.0,3.0,4.0,4.0,4.0,4.0,4.0,3.8,2.8,4.0,False,3.533333333333333,False
R0004,Judge,3.0,4.0,3.0,3.0,2.0,4.0,3.0,4.0,4.0,4.0,3.0,3.0,4.0,3.0,4.0,3.0,3.8,3.4,False,3.4,False
R0004,Advocate,3.0,2.0,3.0,2.0,2.0,4.0,4.0,4.0,4.0,4.0,3.0,3.0,4.0,4.0,3.0,2.4,4.0,3.4,False,3.2666666666666666,False
R0004,CorrectionalOfficer,4.0,4.0,4.0,4.0,4.0,3.0,2.0,2.0,2.0,3.0,4.0,4.0,4.0,4.0,5.0,4.0,2.4,4.2,False,3.533333333333333,False
R0005,Investigator,2.0,3.0,2.0,1.0,2.0,3.0,2.0,1.0,1.0,2.0,2.0,2.0,2.0,2.0,2.0,2.0,1.8,2.0,False,1.9333333333333333,False
R0005,Prosecutor,3.0,2.0,3.0,2.0,2.0,4.0,3.0,3.0,2.0,3.0,3.0,4.0,3.0,4.0,4.0,2.4,3.0,3.6,False,3.0,False
R0005,Judge,3.0,3.0,4.0,4.0,3.0,4.0,5.0,4.0,4.0,4.0,5.0,5.0,4.0,4.0,4.0,3.4,4.2,4.4,False,4.0,False
R0005,Advocate,2.0,,3.0,1.0,2.0,2.0,3.0,2.0,2.0,3.0,2.0,2.0,2.0,2.0,2.0,2.0,2.4,2.0,False,2.142857142857143,False
R0005,CorrectionalOfficer,3.0,3.0,2.0,3.0,3.0,3.0,3.0,4.0,3.0,3.0,3.0,3.0,3.0,4.0,4.0,2.8,3.2,3.4,False,3.1333333333333333,False
R0006,Investigator,2.0,1.0,1.0,2.0,1.0,2.0,1.0,2.0,1.0,2.0,2.0,1.0,2.0,2.0,1.0,1.4,1.6,1.6,False,1.5333333333333334,False
R0006,Prosecutor,3.0,3.0,3.0,4.0,3.0,3.0,3.0,2.0,2.0,3.0,3.0,3.0,3.0,3.0,3.0,3.2,2.6,3.0,False,2.933333333333333,False
R0006,Judge,1.0,1.0,1.0,1.0,1.0,1.0,1.0,1.0,1.0,2.0,1.0,,3.0,2.0,1.0,1.0,1.2,1.75,False,1.2857142857142858,False
R0006,Advocate,2.0,2.0,3.0,2.0,2.0,3.0,2.0,3.0,2.0,3.0,3.0,2.0,2.0,2.0,3.0,2.2,2.6,2.4,False,2.4,False
R0006,CorrectionalOfficer,3.0,3.0,3.0,2.0,3.0,2.0,3.0,3.0,3.0,2.0,3.0,3.0,2.0,3.0,3.0,2.8,2.6,2.8,False,2.7333333333333334,False
R0007,Investigator,3.0,2.0,3.0,3.0,3.0,4.0,1.0,1.0,2.0,2.0,2.0,2.0,3.0,2.0,1.0,2.8,2.0,2.0,False,2.2666666666666666,False
R0007,Prosecutor,3.0,3.0,3.0,4.0,4.0,3.0,2.0,3.0,2.0,3.0,4.0,3.0,4.0,4.0,4.0,3.4,2.6,3.8,False,3.2666666666666666,False
R0007,Judge,3.0,4.0,4.0,4.0,4.0,3.0,3.0,4.0,3.0,3.0,3.0,3.0,3.0,2.0,3.0,3.8,3.2,2.8,False,3.2666666666666666,False
R0007,Advocate,,2.0,2.0,2.0,2.0,1.0,1.0,1.0,1.0,1.0,2.0,1.0,1.0,1.0,1.0,2.0,1.0,1.2,False,1.3571428571428572,False
R0007,CorrectionalOfficer,2.0,3.0,,3.0,3.0,4.0,4.0,3.0,2.0,3.0,3.0,3.0,2.0,3.0,3.0,2.75,3.2,2.8,False,2.9285714285714284,False
R0008,Investigator,3.0,4.0,4.0,3.0,3.0,5.0,3.0,3.0,4.0,4.0,3.0,3.0,3.0,3.0,2.0,3.4,3.8,2.8,False,3.3333333333333335,False
R0008,Prosecutor,3.0,3.0,4.0,3.0,4.0,2.0,3.0,3.0,4.0,2.0,4.0,4.0,4.0,3.0,4.0,3.4,2.8,3.8,False,3.3333333333333335,False
R0008,Judge,3.0,3.0,3.0,3.0,3.0,4.0,4.0,3.0,4.0,3.0,5.0,4.0,4.0,5.0,4.0,3.0,3.6,4.4,False,3.6666666666666665,False
R0008,Advocate,,3.0,3.0,3.0,4.0,4.0,2.0,3.0,3.0,2.0,3.0,3.0,3.0,3.0,3.0,3.25,2.8,3.0,False,3.0,False
R0008,CorrectionalOfficer,4.0,4.0,4.0,5.0,3.0,3.0,4.0,3.0,2.0,,2.0,3.0,2.0,3.0,2.0,4.0,3.0,2.4,False,3.142857142857143,False
R0009,Investigator,3.0,4.0,3.0,4.0,4.0,4.0,3.0,3.0,3.0,4.0,4.0,5.0,5.0,5.0,5.0,3.6,3.4,4.8,False,3.933333333333333,False
R0009,Prosecutor,4.0,3.0,5.0,4.0,5.0,4.0,3.0,4.0,4.0,3.0,4.0,4.0,4.0,4.0,4.0,4.2,3.6,4.0,False,3.933333333333333,False
R0009,Judge,3.0,3.0,3.0,4.0,3.0,3.0,3.0,3.0,3.0,3.0,3.0,1.0,3.0,2.0,3.0,3.2,3.0,2.4,False,2.8666666666666667,False
R0009,Advocate,4.0,5.0,4.0,4.0,5.0,,3.0,3.0,5.0,4.0,2.0,3.0,2.0,3.0,3.0,4.4,3.75,2.6,False,3.5714285714285716,False
R0009,CorrectionalOfficer,2.0,2.0,2.0,2.0,3.0,3.0,2.0,3.0,4.0,3.0,4.0,3.0,3.0,3.0,3.0,2.2,3.0,3.2,False,2.8,False
R0010,Investigator,3.0,3.0,3.0,3.0,3.0,2.0,3.0,2.0,4.0,3.0,4.0,3.0,3.0,4.0,4.0,3.0,2.8,3.6,False,3.1333333333333333,False
R0010,Prosecutor,3.0,3.0,3.0,3.0,3.0,3.0,3.0,2.0,2.0,2.0,2.0,2.0,2.0,2.0,3.0,3.0,2.4,2.2,False,2.533333333333333,False
R0010,Judge,3.0,2.0,3.0,,3.0,3.0,3.0,3.0,3.0,3.0,3.0,1.0,3.0,2.0,3.0,2.75,3.0,2.4,False,2.7142857142857144,False
R0010,Advocate,4.0,2.0,3.0,3.0,3.0,4.0,3.0,3.0,4.0,4.0,3.0,3.0,2.0,,3.0,3.0,3.6,2.75,False,3.142857142857143,False
R0010,CorrectionalOfficer,3.0,2.0,2.0,3.0,3.0,4.0,5.0,4.0,4.0,4.0,3.0,4.0,4.0,4.0,4.0,2.6,4.2,3.8,False,3.533333333333333,False
R0011,Investigator,4.0,4.0,4.0,4.0,3.0,1.0,3.0,3.0,3.0,2.0,5.0,4.0,5.0,5.0,5.0,3.8,2.4,4.8,False,3.6666666666666665,False
R0011,Prosecutor,5.0,5.0,5.0,5.0,4.0,4.0,4.0,4.0,4.0,4.0,5.0,5.0,5.0,4.0,5.0,4.8,4.0,4.8,False,4.533333333333333,False
R0011,Judge,5.0,4.0,4.0,4.0,5.0,4.0,4.0,5.0,3.0,4.0,5.0,4.0,5.0,5.0,5.0,4.4,4.0,4.8,False,4.4,False
R0011,Advocate,5.0,,5.0,5.0,5.0,4.0,5.0,5.0,5.0,5.0,5.0,5.0,5.0,5.0,5.0,5.0,4.8,5.0,True,4.928571428571429,False
R0011,CorrectionalOfficer,3.0,4.0,3.0,3.0,3.0,3.0,3.0,4.0,2.0,4.0,2.0,3.0,3.0,3.0,4.0,3.2,3.2,3.0,False,3.1333333333333333,False
R0012,Investigator,1.0,3.0,2.0,,2.0,3.0,3.0,3.0,4.0,3.0,3.0,2.0,3.0,3.0,3.0,2.0,3.2,2.8,False,2.7142857142857144,False
R0012,Prosecutor,4.0,4.0,4.0,4.0,5.0,3.0,3.0,3.0,1.0,2.0,3.0,4.0,3.0,3.0,3.0,4.2,2.4,3.2,False,3.2666666666666666,False
R0012,Judge,3.0,3.0,3.0,3.0,2.0,2.0,3.0,2.0,3.0,3.0,2.0,2.0,2.0,2.0,2.0,2.8,2.6,2.0,False,2.466666666666667,False
R0012,Advocate,4.0,4.0,3.0,4.0,,3.0,3.0,3.0,4.0,3.0,3.0,2.0,3.0,4.0,3.0,3.75,3.2,3.0,False,3.2857142857142856,False
R0012,CorrectionalOfficer,3.0,2.0,2.0,2.0,1.0,3.0,2.0,2.0,3.0,2.0,2.0,2.0,2.0,1.0,1.0,2.0,2.4,1.6,False,2.0,False
R0013,Investigator,4.0,4.0,4.0,4.0,4.0,4.0,3.0,4.0,4.0,3.0,2.0,2.0,2.0,3.0,3.0,4.0,3.6,2.4,False,3.3333333333333335,False
R0013,Prosecutor,2.0,2.0,3.0,2.0,3.0,2.0,,3.0,2.0,3.0,3.0,3.0,3.0,3.0,3.0,2.4,2.5,3.0,False,2.642857142857143,False
R0013,Judge,2.0,3.0,2.0,2.0,3.0,5.0,3.0,5.0,3.0,5.0,2.0,2.0,1.0,3.0,3.0,2.4,4.2,2.2,False,2.933333333333333,False
R0013,Advocate,4.0,4.0,4.0,4.0,3.0,2.0,4.0,3.0,3.0,3.0,1.0,1.0,2.0,2.0,2.0,3.8,3.0,1.6,False,2.8,False
R0013,CorrectionalOfficer,4.0,,2.0,4.0,3.0,3.0,3.0,3.0,3.0,4.0,3.0,3.0,3.0,3.0,2.0,3.25,3.2,2.8,False,3.0714285714285716,False
R0014,Investigator,2.0,3.0,2.0,3.0,3.0,3.0,,4.0,2.0,4.0,2.0,2.0,1.0,2.0,2.0,2.6,3.25,1.8,False,2.5,False
R0014,Judge,4.0,3.0,3.0,4.0,3.0,3.0,3.0,3.0,3.0,3.0,2.0,3.0,3.0,4.0,3.0,3.4,3.0,3.0,False,3.1333333333333333,False
R0014,CorrectionalOfficer,4.0,4.0,3.0,3.0,4.0,2.0,4.0,3.0,4.0,3.0,2.0,2.0,3.0,3.0,3.0,3.6,3.2,2.6,False,3.1333333333333333,False
R0015,Investigator,2.0,3.0,2.0,3.0,3.0,2.0,2.0,2.0,2.0,2.0,3.0,3.0,2.0,2.0,3.0,2.6,2.0,2.6,False,2.4,False
R0015,Prosecutor,4.0,4.0,4.0,4.0,4.0,3.0,3.0,2.0,3.0,3.0,2.0,3.0,2.0,2.0,2.0,4.0,2.8,2.2,False,3.0,False
R0015,Judge,2.0,2.0,3.0,3.0,2.0,3.0,5.0,3.0,3.0,3.0,3.0,3.0,2.0,,3.0,2.4,3.4,2.75,False,2.857142857142857,False
R0015,CorrectionalOfficer,4.0,2.0,3.0,3.0,3.0,2.0,3.0,2.0,2.0,2.0,2.0,3.0,4.0,4.0,3.0,3.0,2.2,3.2,False,2.8,False
R0016,Investigator,5.0,5.0,5.0,5.0,5.0,5.0,5.0,5.0,5.0,5.0,5.0,5.0,5.0,5.0,5.0,5.0,5.0,5.0,True,5.0,False
R0016,Judge,4.0,4.0,4.0,4.0,4.0,4.0,4.0,5.0,4.0,5.0,5.0,4.0,5.0,5.0,,4.0,4.4,4.75,False,4.357142857142857,False
R0016,Advocate,5.0,4.0,5.0,5.0,5.0,4.0,5.0,4.0,5.0,5.0,5.0,4.0,5.0,4.0,5.0,4.8,4.6,4.6,False,4.666666666666667,False
R0016,CorrectionalOfficer,5.0,5.0,5.0,5.0,5.0,5.0,5.0,,5.0,5.0,5.0,5.0,5.0,5.0,5.0,5.0,5.0,5.0,True,5.0,False
R0017,Investigator,2.0,2.0,2.0,2.0,4.0,3.0,3.0,3.0,3.0,2.0,4.0,4.0,4.0,3.0,3.0,2.4,2.8,3.6,False,2.933333333333333,False
R0017,Prosecutor,3.0,3.0,3.0,3.0,3.0,4.0,3.0,3.0,4.0,3.0,3.0,3.0,3.0,2.0,3.0,3.0,3.4,2.8,False,3.066666666666667,False
R0017,Judge,2.0,2.0,,2.0,2.0,3.0,4.0,3.0,3.0,3.0,3.0,2.0,3.0,3.0,4.0,2.0,3.2,3.0,False,2.7857142857142856,False
R0017,Advocate,2.0,2.0,1.0,2.0,2.0,3.0,3.0,3.0,3.0,4.0,2.0,3.0,3.0,3.0,4.0,1.8,3.2,3.0,False,2.6666666666666665,False
R0017,CorrectionalOfficer,2.0,2.0,1.0,2.0,2.0,2.0,1.0,3.0,2.0,2.0,2.0,3.0,3.0,4.0,4.0,1.8,2.0,3.2,False,2.3333333333333335,False
R0018,Investigator,4.0,4.0,4.0,4.0,4.0,5.0,5.0,5.0,5.0,5.0,3.0,4.0,4.0,4.0,4.0,4.0,5.0,3.8,False,4.266666666666667,False
R0018,Prosecutor,5.0,5.0,5.0,5.0,5.0,,4.0,4.0,5.0,,3.0,4.0,3.0,3.0,3.0,5.0,,3.2,False,4.153846153846154,False
R0018,Judge,4.0,5.0,5.0,4.0,5.0,,4.0,3.0,3.0,3.0,5.0,5.0,5.0,5.0,4.0,4.6,3.25,4.8,False,4.285714285714286,False
R0018,CorrectionalOfficer,2.0,3.0,3.0,3.0,3.0,4.0,4.0,4.0,3.0,3.0,3.0,5.0,3.0,3.0,4.0,2.8,3.6,3.6,False,3.3333333333333335,False
R0019,Investigator,4.0,4.0,3.0,4.0,3.0,5.0,3.0,3.0,4.0,4.0,3.0,4.0,4.0,3.0,3.0,3.6,3.8,3.4,False,3.6,False
R0019,Prosecutor,5.0,4.0,4.0,4.0,4.0,4.0,,4.0,4.0,5.0,5.0,,5.0,4.0,4.0,4.2,4.25,4.5,False,4.3076923076923075,False
R0019,Judge,3.0,3.0,4.0,4.0,4.0,4.0,5.0,4.0,4.0,5.0,3.0,3.0,3.0,3.0,4.0,3.6,4.4,3.2,False,3.7333333333333334,False
R0019,Advocate,3.0,4.0,3.0,5.0,3.0,4.0,4.0,5.0,4.0,4.0,5.0,5.0,5.0,4.0,5.0,3.6,4.2,4.8,False,4.2,False
R0019,CorrectionalOfficer,4.0,5.0,4.0,4.0,4.0,5.0,5.0,4.0,5.0,5.0,4.0,4.0,4.0,4.0,4.0,4.2,4.8,4.0,False,4.333333333333333,False
R0020,Investigator,4.0,3.0,2.0,3.0,3.0,2.0,3.0,3.0,3.0,3.0,4.0,3.0,3.0,3.0,3.0,3.0,2.8,3.2,False,3.0,False
R0020,Prosecutor,3.0,4.0,4.0,4.0,3.0,4.0,4.0,4.0,4.0,4.0,3.0,3.0,3.0,4.0,3.0,3.6,4.0,3.2,False,3.6,False
R0020,Judge,3.0,4.0,5.0,3.0,3.0,3.0,4.0,3.0,3.0,2.0,3.0,2.0,4.0,3.0,3.0,3.6,3.0,3.0,False,3.2,False
R0020,CorrectionalOfficer,5.0,3.0,4.0,,4.0,5.0,5.0,5.0,5.0,5.0,4.0,4.0,4.0,4.0,2.0,4.0,5.0,3.6,False,4.214285714285714,False
R0021,Investigator,3.0,2.0,3.0,2.0,2.0,2.0,2.0,2.0,2.0,3.0,3.0,2.0,3.0,3.0,3.0,2.4,2.2,2.8,False,2.466666666666667,False
R0021,Prosecutor,2.0,3.0,2.0,2.0,3.0,3.0,4.0,4.0,3.0,3.0,2.0,2.0,1.0,2.0,3.0,2.4,3.4,2.0,False,2.6,False
R0021,Judge,1.0,2.0,1.0,1.0,2.0,2.0,2.0,2.0,2.0,1.0,1.0,1.0,1.0,1.0,1.0,1.4,1.8,1.0,False,1.4,False
R0021,CorrectionalOfficer,,2.0,1.0,1.0,1.0,2.0,3.0,3.0,2.0,3.0,3.0,3.0,3.0,2.0,3.0,1.25,2.6,2.8,False,2.2857142857142856,False
R0022,Investigator,3.0,3.0,3.0,3.0,3.0,1.0,1.0,3.0,2.0,1.0,3.0,3.0,3.0,3.0,3.0,3.0,1.6,3.0,False,2.533333333333333,False
R0022,Prosecutor,3.0,3.0,3.0,3.0,3.0,2.0,2.0,3.0,3.0,3.0,2.0,1.0,2.0,1.0,1.0,3.0,2.6,1.4,False,2.3333333333333335,False
R0022,Judge,2.0,2.0,1.0,2.0,1.0,2.0,1.0,1.0,2.0,1.0,3.0,3.0,2.0,3.0,3.0,1.6,1.4,2.8,False,1.9333333333333333,False
R0022,CorrectionalOfficer,2.0,1.0,1.0,,1.0,2.0,3.0,3.0,3.0,,3.0,3.0,3.0,4.0,4.0,1.25,2.75,3.4,False,2.5384615384615383,False
R0023,Investigator,3.0,3.0,4.0,3.0,4.0,3.0,2.0,2.0,2.0,2.0,3.0,2.0,2.0,2.0,3.0,3.4,2.2,2.4,False,2.6666666666666665,False
R0023,Prosecutor,2.0,3.0,3.0,3.0,1.0,1.0,2.0,2.0,2.0,1.0,3.0,3.0,3.0,3.0,3.0,2.4,1.6,3.0,False,2.3333333333333335,False
R0023,Judge,4.0,4.0,3.0,5.0,4.0,4.0,3.0,,4.0,3.0,,3.0,2.0,3.0,2.0,4.0,3.5,2.5,False,3.3846153846153846,False
R0023,Advocate,5.0,4.0,4.0,5.0,5.0,5.0,4.0,5.0,4.0,4.0,5.0,4.0,4.0,4.0,4.0,4.6,4.4,4.2,False,4.4,False
R0023,CorrectionalOfficer,4.0,4.0,4.0,5.0,4.0,4.0,4.0,3.0,,4.0,4.0,3.0,4.0,4.0,4.0,4.2,3.75,3.8,False,3.9285714285714284,False
R0024,Investigator,2.0,3.0,1.0,2.0,2.0,1.0,1.0,1.0,1.0,1.0,2.0,2.0,2.0,2.0,2.0,2.0,1.0,2.0,False,1.6666666666666667,False
R0024,Prosecutor,3.0,2.0,3.0,3.0,2.0,1.0,2.0,2.0,2.0,2.0,3.0,2.0,2.0,2.0,,2.6,1.8,2.25,False,2.2142857142857144,False
R0024,Judge,2.0,1.0,2.0,2.0,1.0,2.0,1.0,1.0,2.0,1.0,3.0,2.0,3.0,3.0,3.0,1.6,1.4,2.8,False,1.9333333333333333,False
R0024,CorrectionalOfficer,2.0,3.0,3.0,3.0,3.0,3.0,2.0,,3.0,3.0,3.0,3.0,3.0,3.0,4.0,2.8,2.75,3.2,False,2.9285714285714284,False
R0025,Investigator,4.0,2.0,2.0,3.0,4.0,3.0,4.0,4.0,3.0,4.0,2.0,2.0,2.0,2.0,3.0,3.0,3.6,2.2,False,2.933333333333333,False
R0025,Prosecutor,1.0,,2.0,1.0,1.0,3.0,3.0,2.0,2.0,3.0,2.0,2.0,1.0,2.0,1.0,1.25,2.6,1.6,False,1.8571428571428572,False
R0025,Judge,3.0,2.0,4.0,2.0,3.0,3.0,3.0,3.0,3.0,3.0,2.0,3.0,2.0,3.0,2.0,2.8,3.0,2.4,False,2.7333333333333334,False
R0025,Advocate,3.0,2.0,3.0,1.0,2.0,3.0,3.0,4.0,3.0,3.0,3.0,3.0,3.0,3.0,3.0,2.2,3.2,3.0,False,2.8,False
R0025,CorrectionalOfficer,,2.0,3.0,2.0,2.0,2.0,1.0,2.0,1.0,1.0,2.0,2.0,1.0,1.0,1.0,2.25,1.4,1.4,False,1.6428571428571428,False
R0026,Investigator,3.0,3.0,3.0,3.0,3.0,4.0,,3.0,2.0,2.0,3.0,3.0,3.0,3.0,3.0,3.0,2.75,3.0,False,2.9285714285714284,False
R0026,Judge,2.0,4.0,3.0,3.0,2.0,2.0,3.0,2.0,2.0,2.0,2.0,3.0,2.0,2.0,3.0,2.8,2.2,2.4,False,2.466666666666667,False
R0026,Advocate,2.0,4.0,3.0,2.0,5.0,4.0,,4.0,,4.0,4.0,2.0,3.0,2.0,3.0,3.2,,2.8,False,3.230769230769231,False
R0026,CorrectionalOfficer,2.0,3.0,2.0,3.0,3.0,5.0,4.0,4.0,4.0,3.0,3.0,3.0,3.0,2.0,3.0,2.6,4.0,2.8,False,3.1333333333333333,False
R0027,Investigator,4.0,4.0,4.0,3.0,3.0,,5.0,5.0,5.0,5.0,3.0,3.0,4.0,3.0,3.0,3.6,5.0,3.2,False,3.857142857142857,False
R0027,Prosecutor,,3.0,4.0,3.0,3.0,4.0,4.0,4.0,3.0,4.0,4.0,4.0,3.0,4.0,4.0,3.25,3.8,3.8,False,3.642857142857143,False
R0027,Judge,5.0,5.0,4.0,4.0,3.0,4.0,4.0,4.0,4.0,2.0,4.0,4.0,3.0,4.0,3.0,4.2,3.6,3.6,False,3.8,False
R0027,Advocate,4.0,4.0,4.0,4.0,4.0,4.0,3.0,5.0,3.0,3.0,3.0,4.0,2.0,3.0,3.0,4.0,3.6,3.0,False,3.533333333333333,False
R0027,CorrectionalOfficer,2.0,4.0,3.0,4.0,4.0,3.0,3.0,3.0,4.0,3.0,3.0,3.0,3.0,4.0,4.0,3.4,3.2,3.4,False,3.3333333333333335,False
R0028,Investigator,3.0,3.0,1.0,2.0,2.0,2.0,2.0,2.0,3.0,1.0,2.0,3.0,3.0,4.0,2.0,2.2,2.0,2.8,False,2.3333333333333335,False
R0028,Prosecutor,2.0,2.0,1.0,1.0,2.0,3.0,2.0,3.0,3.0,2.0,1.0,2.0,2.0,3.0,2.0,1.6,2.6,2.0,False,2.066666666666667,False
R0028,Judge,2.0,2.0,1.0,2.0,,1.0,2.0,2.0,2.0,2.0,2.0,3.0,2.0,2.0,2.0,1.75,1.8,2.2,False,1.9285714285714286,False
R0028,Advocate,3.0,2.0,3.0,3.0,3.0,3.0,3.0,4.0,3.0,2.0,4.0,3.0,3.0,4.0,4.0,2.8,3.0,3.6,False,3.1333333333333333,False
R0028,CorrectionalOfficer,2.0,2.0,2.0,2.0,3.0,1.0,1.0,2.0,2.0,2.0,2.0,3.0,1.0,3.0,2.0,2.2,1.6,2.2,False,2.0,False
R0029,Investigator,3.0,3.0,2.0,3.0,2.0,1.0,1.0,1.0,2.0,2.0,2.0,2.0,3.0,3.0,2.0,2.6,1.4,2.4,False,2.1333333333333333,False
R0029,Prosecutor,4.0,3.0,3.0,4.0,4.0,2.0,3.0,3.0,2.0,2.0,3.0,3.0,3.0,3.0,3.0,3.6,2.4,3.0,False,3.0,False
R0029,Judge,4.0,3.0,3.0,4.0,3.0,4.0,4.0,4.0,5.0,4.0,4.0,3.0,3.0,5.0,4.0,3.4,4.2,3.8,False,3.8,False
R0029,Advocate,3.0,3.0,3.0,2.0,2.0,4.0,4.0,4.0,3.0,4.0,3.0,3.0,3.0,4.0,3.0,2.6,3.8,3.2,False,3.2,False
R0029,CorrectionalOfficer,2.0,2.0,2.0,2.0,2.0,3.0,2.0,3.0,3.0,3.0,3.0,4.0,3.0,3.0,3.0,2.0,2.8,3.2,False,2.6666666666666665,False
R0030,Investigator,2.0,1.0,1.0,1.0,1.0,2.0,3.0,1.0,2.0,2.0,4.0,3.0,3.0,2.0,2.0,1.2,2.0,2.8,False,2.0,False
R0030,Prosecutor,1.0,,1.0,1.0,1.0,3.0,2.0,2.0,2.0,2.0,1.0,2.0,1.0,1.0,1.0,1.0,2.2,1.2,False,1.5,False
R0030,Judge,3.0,2.0,2.0,2.0,3.0,2.0,1.0,3.0,3.0,3.0,2.0,2.0,2.0,3.0,3.0,2.4,2.4,2.4,False,2.4,False
R0030,CorrectionalOfficer,2.0,2.0,1.0,2.0,1.0,2.0,3.0,3.0,2.0,3.0,1.0,1.0,2.0,1.0,1.0,1.6,2.6,1.2,False,1.8,False
R0031,Investigator,3.0,,4.0,4.0,4.0,3.0,4.0,4.0,4.0,4.0,3.0,3.0,2.0,,3.0,3.75,3.8,2.75,False,3.4615384615384617,False
R0031,Prosecutor,3.0,2.0,3.0,2.0,1.0,4.0,2.0,3.0,3.0,2.0,4.0,4.0,4.0,4.0,4.0,2.2,2.8,4.0,False,3.0,False
R0031,Advocate,3.0,3.0,4.0,3.0,4.0,3.0,3.0,3.0,3.0,3.0,3.0,4.0,3.0,4.0,4.0,3.4,3.0,3.6,False,3.3333333333333335,False
R0031,CorrectionalOfficer,3.0,4.0,3.0,5.0,4.0,,3.0,3.0,2.0,3.0,3.0,4.0,4.0,3.0,3.0,3.8,2.75,3.4,False,3.357142857142857,False
R0032,Investigator,3.0,3.0,3.0,3.0,3.0,3.0,3.0,2.0,2.0,2.0,2.0,2.0,2.0,2.0,2.0,3.0,2.4,2.0,False,2.466666666666667,False
R0032,Prosecutor,4.0,4.0,4.0,5.0,4.0,4.0,3.0,4.0,4.0,4.0,5.0,3.0,4.0,4.0,2.0,4.2,3.8,3.6,False,3.8666666666666667,False
R0032,Judge,3.0,3.0,4.0,3.0,4.0,3.0,3.0,3.0,2.0,2.0,2.0,2.0,2.0,2.0,2.0,3.4,2.6,2.0,False,2.6666666666666665,False
R0032,Advocate,2.0,1.0,2.0,3.0,2.0,2.0,3.0,,3.0,3.0,3.0,4.0,3.0,4.0,3.0,2.0,2.75,3.4,False,2.7142857142857144,False
R0032,CorrectionalOfficer,3.0,4.0,3.0,4.0,3.0,3.0,3.0,4.0,4.0,,4.0,3.0,3.0,3.0,3.0,3.4,3.5,3.2,False,3.357142857142857,False
R0033,Investigator,3.0,4.0,4.0,4.0,3.0,3.0,4.0,3.0,3.0,4.0,4.0,4.0,4.0,5.0,4.0,3.6,3.4,4.2,False,3.7333333333333334,False
R0033,Prosecutor,3.0,3.0,2.0,2.0,3.0,4.0,4.0,4.0,3.0,3.0,4.0,3.0,4.0,3.0,4.0,2.6,3.6,3.6,False,3.2666666666666666,False
R0033,Judge,3.0,4.0,4.0,4.0,5.0,4.0,4.0,4.0,4.0,4.0,5.0,5.0,4.0,5.0,4.0,4.0,4.0,4.6,False,4.2,False
R0033,CorrectionalOfficer,5.0,5.0,5.0,5.0,5.0,5.0,5.0,5.0,5.0,5.0,4.0,4.0,3.0,4.0,4.0,5.0,5.0,3.8,False,4.6,False
R0034,Investigator,3.0,3.0,4.0,3.0,3.0,2.0,1.0,1.0,2.0,1.0,2.0,1.0,2.0,1.0,2.0,3.2,1.4,1.6,False,2.066666666666667,False
R0034,Prosecutor,3.0,3.0,3.0,4.0,4.0,2.0,1.0,3.0,2.0,3.0,2.0,,3.0,2.0,3.0,3.4,2.2,2.5,False,2.7142857142857144,False
R0034,CorrectionalOfficer,3.0,3.0,2.0,3.0,4.0,2.0,3.0,3.0,3.0,2.0,2.0,3.0,2.0,1.0,2.0,3.0,2.6,2.0,False,2.533333333333333,False
R0035,Investigator,3.0,4.0,2.0,3.0,3.0,3.0,3.0,4.0,2.0,4.0,4.0,4.0,4.0,3.0,2.0,3.0,3.2,3.4,False,3.2,False
R0035,Prosecutor,3.0,3.0,3.0,3.0,4.0,4.0,5.0,5.0,4.0,5.0,4.0,4.0,4.0,4.0,3.0,3.2,4.6,3.8,False,3.8666666666666667,False
R0035,Judge,3.0,3.0,2.0,3.0,,4.0,3.0,4.0,4.0,4.0,3.0,4.0,3.0,3.0,2.0,2.75,3.8,3.0,False,3.2142857142857144,False
R0035,Advocate,2.0,3.0,3.0,3.0,4.0,3.0,3.0,3.0,3.0,3.0,4.0,4.0,3.0,3.0,4.0,3.0,3.0,3.6,False,3.2,False
R0035,CorrectionalOfficer,4.0,4.0,4.0,4.0,4.0,3.0,4.0,4.0,4.0,,4.0,4.0,3.0,3.0,3.0,4.0,3.75,3.4,False,3.7142857142857144,False
R0036,Investigator,5.0,4.0,4.0,4.0,4.0,2.0,3.0,2.0,3.0,2.0,4.0,4.0,4.0,5.0,3.0,4.2,2.4,4.0,False,3.533333333333333,False
R0036,Prosecutor,3.0,4.0,3.0,2.0,4.0,3.0,3.0,3.0,3.0,3.0,3.0,2.0,,3.0,2.0,3.2,3.0,2.5,False,2.9285714285714284,False
R0036,Judge,2.0,2.0,1.0,2.0,2.0,2.0,1.0,,1.0,2.0,2.0,2.0,2.0,2.0,2.0,1.8,1.5,2.0,False,1.7857142857142858,False
R0036,Advocate,3.0,3.0,3.0,2.0,2.0,3.0,3.0,3.0,4.0,3.0,,4.0,3.0,2.0,3.0,2.6,3.2,3.0,False,2.9285714285714284,False
R0036,CorrectionalOfficer,2.0,3.0,2.0,3.0,2.0,1.0,2.0,2.0,2.0,1.0,4.0,3.0,4.0,5.0,3.0,2.4,1.6,3.8,False,2.6,False
R0037,Investigator,4.0,4.0,3.0,3.0,5.0,4.0,4.0,3.0,3.0,3.0,4.0,4.0,4.0,4.0,3.0,3.8,3.4,3.8,False,3.6666666666666665,False
R0037,Prosecutor,3.0,2.0,3.0,3.0,3.0,2.0,3.0,3.0,2.0,3.0,2.0,2.0,2.0,,2.0,2.8,2.6,2.0,False,2.5,False
R0037,Judge,2.0,3.0,3.0,4.0,3.0,3.0,3.0,3.0,3.0,3.0,3.0,3.0,3.0,2.0,3.0,3.0,3.0,2.8,False,2.933333333333333,False
R0037,Advocate,4.0,5.0,3.0,4.0,3.0,4.0,4.0,4.0,3.0,4.0,3.0,4.0,4.0,3.0,4.0,3.8,3.8,3.6,False,3.7333333333333334,False
R0037,CorrectionalOfficer,3.0,3.0,3.0,4.0,3.0,2.0,4.0,2.0,3.0,3.0,5.0,3.0,3.0,4.0,4.0,3.2,2.8,3.8,False,3.2666666666666666,False
R0038,Investigator,3.0,3.0,3.0,3.0,3.0,3.0,3.0,3.0,3.0,3.0,3.0,3.0,3.0,3.0,3.0,3.0,3.0,3.0,True,3.0,False
R0038,Prosecutor,3.0,2.0,3.0,2.0,3.0,2.0,3.0,3.0,3.0,4.0,3.0,3.0,3.0,4.0,4.0,2.6,3.0,3.4,False,3.0,False
R0038,Judge,3.0,3.0,3.0,2.0,3.0,3.0,3.0,3.0,4.0,3.0,2.0,3.0,,3.0,3.0,2.8,3.2,2.75,False,2.9285714285714284,False
R0038,CorrectionalOfficer,3.0,3.0,5.0,3.0,3.0,4.0,4.0,4.0,5.0,4.0,3.0,4.0,5.0,5.0,4.0,3.4,4.2,4.2,False,3.933333333333333,False
R0039,Investigator,2.0,2.0,3.0,3.0,3.0,2.0,3.0,3.0,2.0,2.0,3.0,2.0,3.0,2.0,,2.6,2.4,2.5,False,2.5,False
R0039,Judge,3.0,2.0,2.0,2.0,1.0,1.0,2.0,3.0,3.0,2.0,3.0,3.0,3.0,4.0,3.0,2.0,2.2,3.2,False,2.466666666666667,False
R0039,Advocate,3.0,4.0,3.0,2.0,4.0,4.0,4.0,4.0,4.0,4.0,1.0,2.0,2.0,1.0,2.0,3.2,4.0,1.6,False,2.933333333333333,False
R0039,CorrectionalOfficer,1.0,1.0,2.0,1.0,2.0,2.0,2.0,2.0,1.0,2.0,2.0,1.0,1.0,2.0,2.0,1.4,1.8,1.6,False,1.6,False
R0040,Investigator,4.0,2.0,3.0,3.0,2.0,1.0,2.0,2.0,2.0,2.0,3.0,1.0,3.0,1.0,2.0,2.8,1.8,2.0,False,2.2,False
R0040,Prosecutor,3.0,3.0,3.0,3.0,3.0,2.0,,2.0,2.0,2.0,2.0,1.0,2.0,2.0,,3.0,2.0,1.75,False,2.3076923076923075,False
R0040,Judge,1.0,1.0,1.0,1.0,2.0,2.0,2.0,2.0,2.0,2.0,2.0,3.0,2.0,3.0,2.0,1.2,2.0,2.4,False,1.8666666666666667,False
R0040,Advocate,2.0,3.0,2.0,2.0,3.0,1.0,3.0,2.0,2.0,2.0,1.0,1.0,1.0,1.0,1.0,2.4,2.0,1.0,False,1.8,False
R0040,CorrectionalOfficer,2.0,1.0,1.0,1.0,1.0,2.0,1.0,1.0,2.0,1.0,2.0,2.0,2.0,1.0,1.0,1.2,1.4,1.6,False,1.4,False
R0041,Investigator,5.0,5.0,5.0,5.0,5.0,4.0,4.0,4.0,3.0,3.0,5.0,5.0,5.0,5.0,5.0,5.0,3.6,5.0,False,4.533333333333333,False
R0041,Prosecutor,5.0,5.0,,5.0,3.0,5.0,5.0,5.0,5.0,5.0,4.0,5.0,4.0,4.0,4.0,4.5,5.0,4.2,False,4.571428571428571,False
R0041,Judge,5.0,5.0,5.0,5.0,5.0,5.0,5.0,5.0,5.0,5.0,5.0,5.0,5.0,4.0,5.0,5.0,5.0,4.8,True,4.933333333333334,False
R0041,Advocate,4.0,5.0,5.0,4.0,5.0,4.0,3.0,4.0,3.0,4.0,4.0,,5.0,5.0,5.0,4.6,3.6,4.75,False,4.285714285714286,False
R0041,CorrectionalOfficer,5.0,5.0,5.0,5.0,5.0,4.0,5.0,5.0,5.0,5.0,5.0,5.0,5.0,5.0,5.0,5.0,4.8,5.0,True,4.933333333333334,False
R0042,Investigator,,4.0,4.0,3.0,4.0,5.0,4.0,5.0,,5.0,3.0,4.0,4.0,5.0,5.0,3.75,4.75,4.2,False,4.230769230769231,False
R0042,Prosecutor,4.0,4.0,,4.0,3.0,3.0,4.0,4.0,3.0,4.0,5.0,4.0,5.0,4.0,4.0,3.75,3.6,4.4,False,3.9285714285714284,False
R0042,Judge,5.0,4.0,4.0,4.0,4.0,4.0,4.0,4.0,4.0,4.0,4.0,5.0,4.0,5.0,5.0,4.2,4.0,4.6,False,4.266666666666667,False
R0042,Advocate,3.0,3.0,3.0,4.0,2.0,3.0,4.0,4.0,3.0,3.0,4.0,3.0,4.0,3.0,4.0,3.0,3.4,3.6,False,3.3333333333333335,False
R0042,CorrectionalOfficer,3.0,4.0,4.0,3.0,3.0,2.0,2.0,2.0,,2.0,3.0,2.0,4.0,3.0,3.0,3.4,2.0,3.0,False,2.857142857142857,False
R0043,Investigator,2.0,2.0,2.0,1.0,2.0,3.0,2.0,3.0,3.0,3.0,2.0,2.0,3.0,2.0,1.0,1.8,2.8,2.0,False,2.2,False
R0043,Prosecutor,1.0,2.0,1.0,1.0,1.0,1.0,1.0,1.0,1.0,1.0,1.0,1.0,1.0,1.0,1.0,1.2,1.0,1.0,True,1.0666666666666667,False
R0043,Judge,1.0,1.0,2.0,1.0,1.0,1.0,2.0,2.0,2.0,,1.0,3.0,,1.0,3.0,1.2,1.75,2.0,False,1.6153846153846154,False
R0043,Advocate,1.0,,1.0,1.0,1.0,2.0,2.0,4.0,2.0,2.0,2.0,3.0,3.0,3.0,2.0,1.0,2.4,2.6,False,2.0714285714285716,False
R0043,CorrectionalOfficer,,1.0,2.0,1.0,1.0,1.0,1.0,1.0,1.0,1.0,1.0,1.0,1.0,1.0,1.0,1.25,1.0,1.0,True,1.0714285714285714,False
R0044,Investigator,3.0,1.0,2.0,3.0,2.0,2.0,,2.0,2.0,2.0,2.0,2.0,2.0,3.0,2.0,2.2,2.0,2.2,False,2.142857142857143,False
R0044,Prosecutor,2.0,2.0,3.0,2.0,3.0,2.0,2.0,2.0,1.0,2.0,1.0,1.0,2.0,2.0,2.0,2.4,1.8,1.6,False,1.9333333333333333,False
R0044,Judge,3.0,2.0,2.0,2.0,3.0,1.0,1.0,1.0,2.0,2.0,2.0,2.0,2.0,2.0,2.0,2.4,1.4,2.0,False,1.9333333333333333,False
R0044,Advocate,2.0,3.0,1.0,2.0,1.0,2.0,3.0,2.0,1.0,1.0,2.0,2.0,2.0,2.0,1.0,1.8,1.8,1.8,False,1.8,False
R0044,CorrectionalOfficer,2.0,1.0,2.0,1.0,1.0,1.0,1.0,1.0,1.0,1.0,2.0,1.0,1.0,1.0,1.0,1.4,1.0,1.2,False,1.2,False
R0045,Investigator,3.0,2.0,3.0,4.0,4.0,1.0,1.0,1.0,1.0,1.0,1.0,1.0,1.0,1.0,1.0,3.2,1.0,1.0,False,1.7333333333333334,False
R0045,Prosecutor,2.0,2.0,3.0,1.0,2.0,2.0,2.0,3.0,1.0,2.0,1.0,2.0,1.0,1.0,1.0,2.0,2.0,1.2,False,1.7333333333333334,False
R0045,Judge,2.0,2.0,1.0,2.0,3.0,3.0,2.0,3.0,2.0,3.0,3.0,2.0,2.0,2.0,2.0,2.0,2.6,2.2,False,2.2666666666666666,False
R0045,Advocate,3.0,3.0,3.0,2.0,2.0,2.0,2.0,2.0,1.0,1.0,1.0,1.0,2.0,1.0,1.0,2.6,1.6,1.2,False,1.8,False
R0045,CorrectionalOfficer,2.0,2.0,2.0,1.0,2.0,1.0,2.0,1.0,2.0,1.0,1.0,1.0,1.0,1.0,2.0,1.8,1.4,1.2,False,1.4666666666666666,False
R0046,Investigator,2.0,3.0,3.0,3.0,3.0,1.0,1.0,1.0,2.0,1.0,2.0,,2.0,4.0,3.0,2.8,1.2,2.75,False,2.2142857142857144,False
R0046,Prosecutor,3.0,1.0,2.0,2.0,2.0,4.0,3.0,3.0,3.0,3.0,3.0,3.0,3.0,3.0,3.0,2.0,3.2,3.0,False,2.7333333333333334,False
R0046,Judge,2.0,2.0,2.0,1.0,1.0,2.0,2.0,2.0,2.0,2.0,2.0,3.0,3.0,1.0,3.0,1.6,2.0,2.4,False,2.0,False
R0046,Advocate,1.0,2.0,2.0,2.0,2.0,4.0,4.0,3.0,4.0,3.0,3.0,2.0,2.0,3.0,3.0,1.8,3.6,2.6,False,2.6666666666666665,False
R0046,CorrectionalOfficer,3.0,3.0,3.0,3.0,4.0,2.0,4.0,4.0,2.0,4.0,3.0,4.0,3.0,3.0,3.0,3.2,3.2,3.2,False,3.2,False
R0047,Investigator,3.0,3.0,3.0,3.0,2.0,3.0,4.0,3.0,3.0,3.0,4.0,3.0,4.0,4.0,3.0,2.8,3.2,3.6,False,3.2,False
R0047,Prosecutor,2.0,2.0,2.0,2.0,2.0,1.0,2.0,3.0,1.0,2.0,1.0,2.0,2.0,1.0,1.0,2.0,1.8,1.4,False,1.7333333333333334,False
R0047,Judge,4.0,2.0,3.0,3.0,3.0,3.0,2.0,3.0,3.0,2.0,2.0,3.0,2.0,2.0,3.0,3.0,2.6,2.4,False,2.6666666666666665,False
R0047,CorrectionalOfficer,2.0,3.0,2.0,3.0,3.0,3.0,3.0,4.0,3.0,4.0,4.0,4.0,5.0,4.0,4.0,2.6,3.4,4.2,False,3.4,False
R0048,Investigator,2.0,1.0,2.0,2.0,3.0,2.0,2.0,3.0,3.0,2.0,3.0,3.0,2.0,3.0,3.0,2.0,2.4,2.8,False,2.4,False
R0048,Prosecutor,2.0,2.0,1.0,2.0,3.0,3.0,3.0,4.0,3.0,3.0,2.0,,2.0,2.0,2.0,2.0,3.2,2.0,False,2.4285714285714284,False
R0048,Judge,2.0,3.0,2.0,3.0,2.0,2.0,3.0,3.0,3.0,3.0,2.0,2.0,3.0,2.0,3.0,2.4,2.8,2.4,False,2.533333333333333,False
R0048,Advocate,3.0,2.0,3.0,4.0,3.0,1.0,1.0,2.0,3.0,2.0,3.0,4.0,3.0,4.0,4.0,3.0,1.8,3.6,False,2.8,False
R0048,CorrectionalOfficer,2.0,2.0,2.0,3.0,2.0,3.0,,2.0,3.0,,4.0,3.0,4.0,3.0,3.0,2.2,,3.4,False,2.769230769230769,False
R0049,Investigator,3.0,3.0,3.0,3.0,1.0,3.0,3.0,4.0,4.0,3.0,3.0,3.0,4.0,3.0,3.0,2.6,3.4,3.2,False,3.066666666666667,False
R0049,Prosecutor,2.0,3.0,3.0,3.0,2.0,3.0,3.0,3.0,3.0,3.0,3.0,3.0,1.0,3.0,1.0,2.6,3.0,2.2,False,2.6,False
R0049,Judge,2.0,2.0,3.0,3.0,3.0,4.0,4.0,3.0,3.0,3.0,,3.0,3.0,3.0,4.0,2.6,3.4,3.25,False,3.0714285714285716,False
R0049,CorrectionalOfficer,2.0,2.0,3.0,3.0,1.0,,2.0,2.0,2.0,1.0,3.0,2.0,3.0,2.0,3.0,2.2,1.75,2.6,False,2.2142857142857144,False
R0050,Investigator,1.0,1.0,1.0,1.0,1.0,3.0,3.0,1.0,3.0,4.0,3.0,3.0,3.0,3.0,2.0,1.0,2.8,2.8,False,2.2,False
R0050,Prosecutor,2.0,3.0,3.0,2.0,2.0,2.0,3.0,3.0,3.0,3.0,3.0,2.0,1.0,2.0,2.0,2.4,2.8,2.0,False,2.4,False
R0050,Judge,4.0,3.0,3.0,4.0,3.0,3.0,3.0,3.0,3.0,4.0,2.0,3.0,3.0,3.0,3.0,3.4,3.2,2.8,False,3.1333333333333333,False
R0050,CorrectionalOfficer,2.0,2.0,1.0,3.0,2.0,1.0,1.0,2.0,2.0,2.0,1.0,2.0,2.0,2.0,3.0,2.0,1.6,2.0,False,1.8666666666666667,False
R0051,Investigator,3.0,4.0,3.0,3.0,4.0,4.0,4.0,5.0,4.0,4.0,5.0,5.0,5.0,5.0,5.0,3.4,4.2,5.0,False,4.2,False
R0051,Prosecutor,4.0,4.0,,4.0,4.0,3.0,3.0,2.0,2.0,3.0,2.0,4.0,4.0,4.0,4.0,4.0,2.6,3.6,False,3.357142857142857,False
R0051,Judge,4.0,3.0,4.0,3.0,4.0,3.0,3.0,3.0,3.0,3.0,4.0,3.0,4.0,3.0,3.0,3.6,3.0,3.4,False,3.3333333333333335,False
R0051,CorrectionalOfficer,4.0,3.0,4.0,3.0,3.0,4.0,5.0,5.0,5.0,5.0,,5.0,3.0,4.0,4.0,3.4,4.8,4.0,False,4.071428571428571,False
R0052,Investigator,4.0,3.0,3.0,3.0,2.0,3.0,3.0,3.0,4.0,3.0,4.0,3.0,3.0,,4.0,3.0,3.2,3.5,False,3.2142857142857144,False
R0052,Prosecutor,3.0,,3.0,4.0,3.0,2.0,3.0,2.0,2.0,3.0,2.0,2.0,2.0,2.0,2.0,3.25,2.4,2.0,False,2.5,False
R0052,Judge,,3.0,4.0,3.0,3.0,3.0,4.0,2.0,2.0,3.0,4.0,3.0,3.0,4.0,2.0,3.25,2.8,3.2,False,3.0714285714285716,False
R0052,CorrectionalOfficer,5.0,5.0,5.0,5.0,5.0,4.0,4.0,4.0,3.0,5.0,,4.0,4.0,4.0,3.0,5.0,4.0,3.75,False,4.285714285714286,False
R0053,Investigator,2.0,2.0,2.0,2.0,3.0,2.0,,2.0,2.0,3.0,1.0,1.0,2.0,1.0,2.0,2.2,2.25,1.4,False,1.9285714285714286,False
R0053,Prosecutor,3.0,2.0,2.0,1.0,2.0,4.0,4.0,2.0,3.0,,2.0,1.0,1.0,1.0,2.0,2.0,3.25,1.4,False,2.142857142857143,False
R0053,CorrectionalOfficer,1.0,1.0,1.0,,1.0,2.0,,1.0,1.0,1.0,2.0,1.0,1.0,1.0,1.0,1.0,1.25,1.2,False,1.1538461538461537,False
R0054,Investigator,3.0,2.0,3.0,,4.0,2.0,2.0,2.0,2.0,3.0,3.0,3.0,3.0,3.0,3.0,3.0,2.2,3.0,False,2.7142857142857144,False
R0054,Prosecutor,2.0,2.0,3.0,3.0,2.0,3.0,3.0,2.0,3.0,3.0,4.0,3.0,4.0,3.0,4.0,2.4,2.8,3.6,False,2.933333333333333,False
R0054,Judge,2.0,3.0,1.0,2.0,2.0,2.0,2.0,1.0,2.0,1.0,1.0,2.0,2.0,3.0,2.0,2.0,1.6,2.0,False,1.8666666666666667,False
R0054,CorrectionalOfficer,1.0,2.0,3.0,2.0,1.0,4.0,3.0,4.0,3.0,3.0,3.0,2.0,3.0,2.0,3.0,1.8,3.4,2.6,False,2.6,False
R0055,Investigator,1.0,2.0,2.0,2.0,2.0,5.0,4.0,4.0,4.0,5.0,2.0,3.0,3.0,3.0,3.0,1.8,4.4,2.8,False,3.0,False
R0055,Prosecutor,3.0,2.0,2.0,4.0,2.0,5.0,,5.0,5.0,4.0,5.0,5.0,4.0,4.0,3.0,2.6,4.75,4.2,False,3.7857142857142856,False
R0055,Judge,4.0,3.0,4.0,3.0,3.0,3.0,4.0,4.0,4.0,4.0,2.0,2.0,3.0,3.0,2.0,3.4,3.8,2.4,False,3.2,False
R0055,Advocate,4.0,4.0,,4.0,3.0,3.0,3.0,3.0,3.0,3.0,3.0,3.0,2.0,,3.0,3.75,3.0,2.75,False,3.1538461538461537,False
R0055,CorrectionalOfficer,5.0,4.0,4.0,5.0,4.0,3.0,3.0,4.0,3.0,4.0,3.0,4.0,4.0,3.0,3.0,4.4,3.4,3.4,False,3.7333333333333334,False
R0056,Investigator,3.0,3.0,4.0,4.0,3.0,3.0,4.0,3.0,3.0,3.0,3.0,3.0,3.0,3.0,4.0,3.4,3.2,3.2,False,3.2666666666666666,False
R0056,Prosecutor,3.0,3.0,,2.0,3.0,3.0,2.0,3.0,2.0,2.0,2.0,1.0,3.0,3.0,2.0,2.75,2.4,2.2,False,2.4285714285714284,False
R0056,Judge,3.0,3.0,3.0,4.0,3.0,3.0,4.0,4.0,,4.0,5.0,,3.0,3.0,3.0,3.2,3.75,3.5,False,3.4615384615384617,False
R0056,Advocate,4.0,3.0,3.0,3.0,,2.0,2.0,2.0,3.0,3.0,3.0,4.0,3.0,4.0,3.0,3.25,2.4,3.4,False,3.0,False
R0056,CorrectionalOfficer,2.0,2.0,3.0,2.0,1.0,2.0,3.0,2.0,3.0,4.0,2.0,3.0,2.0,3.0,3.0,2.0,2.8,2.6,False,2.466666666666667,False
R0057,Investigator,4.0,4.0,3.0,3.0,3.0,4.0,3.0,3.0,3.0,4.0,4.0,3.0,3.0,4.0,3.0,3.4,3.4,3.4,False,3.4,False
R0057,Prosecutor,4.0,3.0,4.0,3.0,4.0,4.0,4.0,4.0,5.0,3.0,3.0,2.0,3.0,3.0,2.0,3.6,4.0,2.6,False,3.4,False
R0057,Judge,3.0,3.0,3.0,3.0,3.0,2.0,3.0,2.0,1.0,3.0,4.0,3.0,3.0,4.0,3.0,3.0,2.2,3.4,False,2.8666666666666667,False
R0057,Advocate,3.0,3.0,4.0,3.0,4.0,4.0,4.0,4.0,4.0,3.0,3.0,4.0,3.0,2.0,3.0,3.4,3.8,3.0,False,3.4,False
R0057,CorrectionalOfficer,3.0,3.0,4.0,3.0,3.0,3.0,4.0,3.0,4.0,4.0,4.0,4.0,4.0,4.0,4.0,3.2,3.6,4.0,False,3.6,False
R0058,Investigator,4.0,4.0,3.0,4.0,5.0,,3.0,3.0,3.0,,5.0,4.0,,3.0,4.0,4.0,,4.0,False,3.75,False
R0058,Prosecutor,3.0,3.0,2.0,3.0,2.0,4.0,3.0,4.0,4.0,4.0,5.0,5.0,5.0,4.0,5.0,2.6,3.8,4.8,False,3.7333333333333334,False
R0058,Judge,5.0,4.0,4.0,4.0,5.0,3.0,3.0,2.0,2.0,4.0,3.0,3.0,3.0,3.0,3.0,4.4,2.8,3.0,False,3.4,False
R0058,Advocate,3.0,2.0,2.0,2.0,3.0,3.0,4.0,3.0,3.0,3.0,3.0,3.0,3.0,3.0,3.0,2.4,3.2,3.0,False,2.8666666666666667,False
R0058,CorrectionalOfficer,2.0,2.0,3.0,3.0,3.0,3.0,4.0,,4.0,4.0,4.0,3.0,4.0,4.0,4.0,2.6,3.75,3.8,False,3.357142857142857,False
R0059,Investigator,4.0,3.0,3.0,4.0,4.0,2.0,3.0,3.0,,3.0,2.0,3.0,3.0,3.0,2.0,3.6,2.75,2.6,False,3.0,False
R0059,Prosecutor,2.0,3.0,3.0,3.0,2.0,4.0,4.0,3.0,4.0,3.0,3.0,3.0,3.0,2.0,3.0,2.6,3.6,2.8,False,3.0,False
R0059,Judge,4.0,4.0,3.0,4.0,4.0,4.0,3.0,4.0,4.0,4.0,1.0,1.0,,2.0,2.0,3.8,3.8,1.5,False,3.142857142857143,False
R0059,Advocate,4.0,3.0,3.0,3.0,4.0,3.0,2.0,2.0,2.0,3.0,3.0,3.0,3.0,3.0,3.0,3.4,2.4,3.0,False,2.933333333333333,False
R0059,CorrectionalOfficer,3.0,4.0,4.0,3.0,4.0,4.0,,4.0,4.0,4.0,4.0,4.0,3.0,5.0,5.0,3.6,4.0,4.2,False,3.9285714285714284,False
R0060,Investigator,3.0,4.0,3.0,,2.0,4.0,4.0,4.0,4.0,4.0,3.0,3.0,3.0,3.0,3.0,3.0,4.0,3.0,False,3.357142857142857,False
R0060,Judge,3.0,3.0,3.0,3.0,2.0,3.0,4.0,4.0,4.0,4.0,3.0,2.0,2.0,3.0,2.0,2.8,3.8,2.4,False,3.0,False
R0060,Advocate,2.0,4.0,3.0,3.0,2.0,3.0,3.0,3.0,2.0,3.0,2.0,4.0,3.0,3.0,4.0,2.8,2.8,3.2,False,2.933333333333333,False
R0060,CorrectionalOfficer,3.0,3.0,1.0,2.0,2.0,1.0,2.0,1.0,2.0,1.0,3.0,3.0,2.0,3.0,2.0,2.2,1.4,2.6,False,2.066666666666667,False
R0061,Investigator,5.0,4.0,4.0,4.0,4.0,5.0,4.0,3.0,4.0,,4.0,4.0,4.0,5.0,4.0,4.2,4.0,4.2,False,4.142857142857143,False
R0061,Prosecutor,4.0,4.0,4.0,3.0,4.0,3.0,4.0,3.0,4.0,4.0,4.0,3.0,3.0,3.0,5.0,3.8,3.6,3.6,False,3.6666666666666665,False
R0061,Advocate,5.0,4.0,5.0,5.0,4.0,4.0,5.0,4.0,5.0,4.0,5.0,5.0,4.0,5.0,4.0,4.6,4.4,4.6,False,4.533333333333333,False
R0061,CorrectionalOfficer,5.0,5.0,5.0,5.0,4.0,4.0,5.0,5.0,5.0,5.0,5.0,5.0,,5.0,5.0,4.8,4.8,5.0,False,4.857142857142857,False
R0062,Investigator,3.0,2.0,2.0,3.0,3.0,1.0,1.0,1.0,1.0,1.0,3.0,1.0,1.0,2.0,2.0,2.6,1.0,1.8,False,1.8,False
R0062,Prosecutor,3.0,2.0,2.0,2.0,2.0,1.0,2.0,1.0,1.0,2.0,1.0,1.0,3.0,2.0,3.0,2.2,1.4,2.0,False,1.8666666666666667,False
R0062,Judge,2.0,2.0,2.0,2.0,1.0,3.0,3.0,2.0,2.0,3.0,2.0,2.0,3.0,2.0,2.0,1.8,2.6,2.2,False,2.2,False
R0062,Advocate,2.0,3.0,2.0,2.0,3.0,3.0,3.0,3.0,2.0,3.0,2.0,3.0,3.0,3.0,1.0,2.4,2.8,2.4,False,2.533333333333333,False
R0062,CorrectionalOfficer,3.0,4.0,3.0,3.0,4.0,5.0,5.0,4.0,4.0,5.0,3.0,2.0,3.0,3.0,3.0,3.4,4.6,2.8,False,3.6,False
R0063,Investigator,3.0,3.0,4.0,3.0,3.0,4.0,4.0,4.0,5.0,4.0,4.0,4.0,3.0,3.0,3.0,3.2,4.2,3.4,False,3.6,False
R0063,Judge,2.0,3.0,3.0,4.0,3.0,2.0,3.0,3.0,2.0,3.0,2.0,2.0,1.0,2.0,1.0,3.0,2.6,1.6,False,2.4,False
R0063,Advocate,5.0,5.0,5.0,5.0,5.0,5.0,5.0,5.0,5.0,,4.0,3.0,4.0,3.0,4.0,5.0,5.0,3.6,False,4.5,False
R0063,CorrectionalOfficer,4.0,4.0,3.0,5.0,5.0,3.0,2.0,3.0,3.0,4.0,4.0,4.0,4.0,5.0,3.0,4.2,3.0,4.0,False,3.7333333333333334,False
R0064,Investigator,3.0,2.0,3.0,3.0,3.0,3.0,2.0,2.0,3.0,2.0,3.0,2.0,3.0,3.0,3.0,2.8,2.4,2.8,False,2.6666666666666665,False
R0064,Prosecutor,1.0,2.0,2.0,1.0,1.0,1.0,2.0,1.0,1.0,2.0,2.0,2.0,2.0,2.0,2.0,1.4,1.4,2.0,False,1.6,False
R0064,Judge,3.0,3.0,3.0,2.0,,3.0,3.0,4.0,4.0,3.0,3.0,2.0,3.0,2.0,3.0,2.75,3.4,2.6,False,2.9285714285714284,False
R0064,Advocate,3.0,2.0,2.0,3.0,4.0,2.0,2.0,3.0,2.0,3.0,3.0,2.0,3.0,2.0,2.0,2.8,2.4,2.4,False,2.533333333333333,False
R0064,CorrectionalOfficer,2.0,1.0,1.0,3.0,2.0,2.0,2.0,2.0,2.0,2.0,2.0,2.0,2.0,2.0,1.0,1.8,2.0,1.8,False,1.8666666666666667,False
R0065,Investigator,4.0,4.0,4.0,4.0,4.0,3.0,4.0,2.0,3.0,3.0,5.0,4.0,5.0,4.0,5.0,4.0,3.0,4.6,False,3.8666666666666667,False
R0065,Prosecutor,4.0,4.0,2.0,,3.0,5.0,4.0,5.0,4.0,4.0,5.0,4.0,5.0,5.0,5.0,3.25,4.4,4.8,False,4.214285714285714,False
R0065,Judge,5.0,5.0,3.0,5.0,5.0,5.0,5.0,5.0,5.0,5.0,5.0,5.0,5.0,5.0,5.0,4.6,5.0,5.0,False,4.866666666666666,False
R0065,Advocate,5.0,5.0,,5.0,5.0,4.0,5.0,5.0,5.0,5.0,4.0,5.0,4.0,4.0,4.0,5.0,4.8,4.2,False,4.642857142857143,False
R0065,CorrectionalOfficer,4.0,3.0,4.0,3.0,4.0,4.0,4.0,4.0,3.0,4.0,4.0,5.0,4.0,5.0,4.0,3.6,3.8,4.4,False,3.933333333333333,False
R0066,Investigator,2.0,3.0,2.0,3.0,3.0,,3.0,3.0,3.0,5.0,3.0,3.0,,2.0,3.0,2.6,3.5,2.75,False,2.923076923076923,False
R0066,Prosecutor,2.0,2.0,3.0,2.0,2.0,1.0,2.0,1.0,2.0,1.0,2.0,1.0,1.0,1.0,1.0,2.2,1.4,1.2,False,1.6,False
R0066,Judge,2.0,1.0,1.0,1.0,1.0,1.0,1.0,1.0,2.0,1.0,3.0,2.0,1.0,2.0,3.0,1.2,1.2,2.2,False,1.5333333333333334,False
R0066,CorrectionalOfficer,2.0,3.0,3.0,3.0,3.0,1.0,2.0,2.0,3.0,2.0,1.0,2.0,1.0,1.0,1.0,2.8,2.0,1.2,False,2.0,False
R0067,Investigator,2.0,4.0,4.0,3.0,2.0,3.0,3.0,3.0,3.0,,3.0,2.0,2.0,3.0,2.0,3.0,3.0,2.4,False,2.7857142857142856,False
R0067,Prosecutor,4.0,4.0,4.0,5.0,4.0,3.0,4.0,3.0,3.0,3.0,4.0,5.0,4.0,4.0,5.0,4.2,3.2,4.4,False,3.933333333333333,False
R0067,Judge,4.0,5.0,4.0,4.0,4.0,4.0,4.0,3.0,4.0,5.0,4.0,4.0,4.0,4.0,3.0,4.2,4.0,3.8,False,4.0,False
R0067,CorrectionalOfficer,4.0,3.0,3.0,3.0,3.0,3.0,3.0,3.0,2.0,3.0,2.0,2.0,3.0,3.0,4.0,3.2,2.8,2.8,False,2.933333333333333,False
R0068,Investigator,2.0,2.0,2.0,2.0,3.0,4.0,3.0,3.0,4.0,4.0,3.0,5.0,3.0,3.0,4.0,2.2,3.6,3.6,False,3.1333333333333333,False
R0068,Prosecutor,2.0,2.0,3.0,2.0,3.0,3.0,2.0,2.0,3.0,1.0,2.0,2.0,2.0,2.0,2.0,2.4,2.2,2.0,False,2.2,False
R0068,Judge,2.0,,2.0,3.0,2.0,4.0,5.0,4.0,4.0,3.0,3.0,,2.0,2.0,3.0,2.25,4.0,2.5,False,3.0,False
R0068,CorrectionalOfficer,1.0,1.0,2.0,1.0,1.0,1.0,2.0,1.0,2.0,1.0,1.0,1.0,2.0,1.0,2.0,1.2,1.4,1.4,False,1.3333333333333333,False
R0069,Investigator,1.0,3.0,2.0,2.0,2.0,2.0,2.0,2.0,3.0,2.0,3.0,3.0,3.0,3.0,4.0,2.0,2.2,3.2,False,2.466666666666667,False
R0069,Prosecutor,1.0,1.0,1.0,1.0,1.0,1.0,1.0,1.0,1.0,1.0,3.0,2.0,2.0,,3.0,1.0,1.0,2.5,False,1.4285714285714286,False
R0069,Judge,1.0,1.0,1.0,1.0,1.0,1.0,1.0,1.0,1.0,1.0,2.0,1.0,1.0,1.0,1.0,1.0,1.0,1.2,True,1.0666666666666667,False
R0069,Advocate,1.0,1.0,1.0,1.0,,1.0,1.0,1.0,1.0,2.0,2.0,2.0,1.0,2.0,1.0,1.0,1.2,1.6,False,1.2857142857142858,False
R0069,CorrectionalOfficer,2.0,2.0,2.0,2.0,,1.0,2.0,1.0,1.0,1.0,1.0,1.0,1.0,1.0,1.0,2.0,1.2,1.0,False,1.3571428571428572,False
R0070,Investigator,2.0,3.0,3.0,3.0,3.0,3.0,2.0,2.0,1.0,2.0,3.0,3.0,3.0,3.0,2.0,2.8,2.0,2.8,False,2.533333333333333,False
R0070,Prosecutor,3.0,3.0,2.0,3.0,4.0,4.0,4.0,4.0,4.0,,3.0,3.0,4.0,4.0,3.0,3.0,4.0,3.4,False,3.4285714285714284,False
R0070,Judge,3.0,4.0,4.0,4.0,3.0,4.0,4.0,4.0,3.0,3.0,4.0,5.0,5.0,4.0,5.0,3.6,3.6,4.6,False,3.933333333333333,False
R0070,Advocate,4.0,3.0,2.0,3.0,3.0,4.0,4.0,4.0,4.0,4.0,4.0,3.0,4.0,5.0,4.0,3.0,4.0,4.0,False,3.6666666666666665,False
R0070,CorrectionalOfficer,4.0,3.0,4.0,5.0,,4.0,4.0,3.0,4.0,4.0,4.0,3.0,3.0,4.0,5.0,4.0,3.8,3.8,False,3.857142857142857,False
R0071,Investigator,4.0,4.0,3.0,3.0,3.0,3.0,3.0,3.0,2.0,4.0,1.0,2.0,3.0,3.0,2.0,3.4,3.0,2.2,False,2.8666666666666667,False
R0071,Prosecutor,,4.0,4.0,4.0,4.0,4.0,3.0,4.0,3.0,3.0,,2.0,3.0,4.0,3.0,4.0,3.4,3.0,False,3.4615384615384617,False
R0071,Judge,2.0,2.0,1.0,2.0,3.0,2.0,2.0,1.0,3.0,2.0,3.0,2.0,1.0,3.0,2.0,2.0,2.0,2.2,False,2.066666666666667,False
R0071,CorrectionalOfficer,3.0,3.0,3.0,3.0,3.0,3.0,2.0,2.0,2.0,3.0,3.0,2.0,4.0,3.0,3.0,3.0,2.4,3.0,False,2.8,False
R0072,Investigator,3.0,3.0,,4.0,4.0,3.0,5.0,4.0,5.0,4.0,4.0,4.0,4.0,3.0,3.0,3.5,4.2,3.6,False,3.7857142857142856,False
R0072,Judge,3.0,2.0,4.0,3.0,3.0,4.0,4.0,4.0,5.0,4.0,4.0,4.0,4.0,3.0,4.0,3.0,4.2,3.8,False,3.6666666666666665,False
R0072,Advocate,2.0,2.0,2.0,3.0,,3.0,2.0,3.0,2.0,3.0,3.0,3.0,3.0,2.0,3.0,2.25,2.6,2.8,False,2.5714285714285716,False
R0072,CorrectionalOfficer,2.0,2.0,2.0,2.0,3.0,3.0,1.0,2.0,2.0,2.0,2.0,1.0,2.0,2.0,2.0,2.2,2.0,1.8,False,2.0,False
R0073,Investigator,1.0,1.0,1.0,1.0,2.0,1.0,,1.0,2.0,1.0,3.0,2.0,2.0,2.0,1.0,1.2,1.25,2.0,False,1.5,False
R0073,Prosecutor,3.0,3.0,3.0,3.0,3.0,3.0,2.0,3.0,2.0,3.0,3.0,2.0,2.0,3.0,3.0,3.0,2.6,2.6,False,2.7333333333333334,False
R0073,Judge,3.0,2.0,2.0,2.0,2.0,2.0,,3.0,2.0,2.0,2.0,,3.0,2.0,2.0,2.2,2.25,2.25,False,2.230769230769231,False
R0073,Advocate,2.0,1.0,1.0,1.0,1.0,2.0,3.0,3.0,3.0,2.0,4.0,3.0,5.0,4.0,4.0,1.2,2.6,4.0,False,2.6,False
R0073,CorrectionalOfficer,5.0,4.0,4.0,3.0,4.0,3.0,3.0,3.0,3.0,3.0,4.0,4.0,4.0,4.0,5.0,4.0,3.0,4.2,False,3.7333333333333334,False
R0074,Investigator,2.0,2.0,2.0,3.0,2.0,3.0,3.0,2.0,2.0,3.0,2.0,1.0,2.0,2.0,3.0,2.2,2.6,2.0,False,2.2666666666666666,False
R0074,Judge,3.0,2.0,2.0,2.0,2.0,2.0,3.0,2.0,4.0,4.0,2.0,3.0,3.0,3.0,3.0,2.2,3.0,2.8,False,2.6666666666666665,False
R0074,Advocate,2.0,2.0,1.0,1.0,2.0,2.0,3.0,2.0,2.0,2.0,2.0,1.0,2.0,2.0,2.0,1.6,2.2,1.8,False,1.8666666666666667,False
R0074,CorrectionalOfficer,2.0,,3.0,2.0,1.0,3.0,2.0,3.0,3.0,2.0,2.0,2.0,1.0,2.0,1.0,2.0,2.6,1.6,False,2.0714285714285716,False
R0075,Investigator,5.0,5.0,5.0,5.0,5.0,5.0,5.0,5.0,5.0,5.0,3.0,4.0,4.0,4.0,3.0,5.0,5.0,3.6,False,4.533333333333333,False
R0075,Prosecutor,5.0,5.0,5.0,5.0,,5.0,5.0,5.0,5.0,5.0,5.0,5.0,5.0,5.0,5.0,5.0,5.0,5.0,True,5.0,False
R0075,Judge,5.0,5.0,5.0,5.0,5.0,5.0,,5.0,5.0,5.0,4.0,4.0,5.0,5.0,5.0,5.0,5.0,4.6,False,4.857142857142857,False
R0075,CorrectionalOfficer,5.0,5.0,5.0,5.0,5.0,5.0,5.0,5.0,5.0,5.0,5.0,5.0,5.0,5.0,5.0,5.0,5.0,5.0,True,5.0,False
R0076,Investigator,5.0,4.0,4.0,4.0,4.0,4.0,4.0,3.0,4.0,4.0,4.0,3.0,4.0,4.0,4.0,4.2,3.8,3.8,False,3.933333333333333,False
R0076,Prosecutor,3.0,3.0,4.0,3.0,3.0,3.0,3.0,3.0,2.0,4.0,3.0,3.0,3.0,4.0,4.0,3.2,3.0,3.4,False,3.2,False
R0076,Judge,4.0,4.0,4.0,3.0,3.0,3.0,4.0,3.0,3.0,4.0,3.0,3.0,4.0,3.0,4.0,3.6,3.4,3.4,False,3.466666666666667,False
R0076,Advocate,2.0,2.0,3.0,3.0,3.0,2.0,3.0,2.0,4.0,2.0,4.0,3.0,4.0,3.0,3.0,2.6,2.6,3.4,False,2.8666666666666667,False
R0076,CorrectionalOfficer,2.0,3.0,2.0,3.0,2.0,3.0,3.0,3.0,4.0,3.0,3.0,2.0,2.0,2.0,2.0,2.4,3.2,2.2,False,2.6,False
R0077,Investigator,4.0,4.0,5.0,4.0,4.0,5.0,4.0,4.0,5.0,4.0,3.0,4.0,4.0,4.0,3.0,4.2,4.4,3.6,False,4.066666666666666,False
R0077,Prosecutor,3.0,3.0,3.0,2.0,3.0,3.0,3.0,3.0,4.0,4.0,3.0,3.0,3.0,4.0,4.0,2.8,3.4,3.4,False,3.2,False
R0077,Judge,5.0,5.0,4.0,5.0,5.0,5.0,5.0,4.0,3.0,4.0,3.0,4.0,4.0,4.0,4.0,4.8,4.2,3.8,False,4.266666666666667,False
R0077,Advocate,5.0,4.0,5.0,4.0,4.0,3.0,3.0,4.0,4.0,4.0,3.0,3.0,3.0,3.0,3.0,4.4,3.6,3.0,False,3.6666666666666665,False
R0077,CorrectionalOfficer,4.0,4.0,4.0,4.0,3.0,3.0,2.0,,3.0,2.0,3.0,4.0,5.0,4.0,3.0,3.8,2.5,3.8,False,3.4285714285714284,False
R0078,Investigator,4.0,4.0,4.0,4.0,3.0,3.0,3.0,3.0,3.0,3.0,3.0,3.0,3.0,3.0,3.0,3.8,3.0,3.0,False,3.2666666666666666,False
R0078,Prosecutor,4.0,4.0,4.0,4.0,4.0,,3.0,3.0,5.0,4.0,4.0,4.0,4.0,3.0,4.0,4.0,3.75,3.8,False,3.857142857142857,False
R0078,Advocate,5.0,5.0,4.0,3.0,4.0,2.0,3.0,3.0,3.0,,4.0,3.0,3.0,3.0,3.0,4.2,2.75,3.2,False,3.4285714285714284,False
R0078,CorrectionalOfficer,3.0,2.0,3.0,,4.0,2.0,2.0,2.0,3.0,3.0,3.0,3.0,3.0,3.0,3.0,3.0,2.4,3.0,False,2.7857142857142856,False
R0079,Investigator,2.0,1.0,2.0,1.0,2.0,1.0,2.0,1.0,1.0,1.0,3.0,3.0,2.0,3.0,3.0,1.6,1.2,2.8,False,1.8666666666666667,False
R0079,Judge,3.0,2.0,1.0,2.0,2.0,3.0,1.0,2.0,,2.0,1.0,1.0,1.0,1.0,1.0,2.0,2.0,1.0,False,1.6428571428571428,False
R0079,Advocate,2.0,2.0,2.0,1.0,2.0,2.0,2.0,1.0,2.0,2.0,1.0,2.0,1.0,1.0,1.0,1.8,1.8,1.2,False,1.6,False
R0079,CorrectionalOfficer,3.0,4.0,4.0,2.0,4.0,1.0,2.0,1.0,1.0,2.0,3.0,3.0,2.0,2.0,2.0,3.4,1.4,2.4,False,2.4,False
R0080,Investigator,3.0,3.0,3.0,4.0,4.0,3.0,3.0,2.0,3.0,2.0,3.0,3.0,3.0,3.0,3.0,3.4,2.6,3.0,False,3.0,False
R0080,Prosecutor,1.0,2.0,3.0,2.0,2.0,1.0,,1.0,2.0,2.0,3.0,3.0,2.0,4.0,2.0,2.0,1.5,2.8,False,2.142857142857143,False
R0080,Judge,2.0,2.0,2.0,1.0,1.0,2.0,3.0,2.0,2.0,2.0,1.0,1.0,1.0,1.0,2.0,1.6,2.2,1.2,False,1.6666666666666667,False
R0080,CorrectionalOfficer,1.0,2.0,3.0,1.0,2.0,3.0,4.0,3.0,3.0,2.0,,2.0,3.0,3.0,3.0,1.8,3.0,2.75,False,2.5,False
R0081,Investigator,3.0,3.0,3.0,2.0,3.0,4.0,4.0,4.0,5.0,4.0,4.0,2.0,4.0,3.0,4.0,2.8,4.2,3.4,False,3.466666666666667,False
R0081,Prosecutor,2.0,3.0,3.0,3.0,2.0,4.0,3.0,4.0,3.0,3.0,2.0,3.0,2.0,2.0,3.0,2.6,3.4,2.4,False,2.8,False
R0081,Judge,3.0,2.0,3.0,3.0,3.0,2.0,4.0,3.0,3.0,3.0,3.0,4.0,4.0,3.0,3.0,2.8,3.0,3.4,False,3.066666666666667,False
R0081,CorrectionalOfficer,4.0,,4.0,4.0,5.0,5.0,,5.0,5.0,5.0,5.0,5.0,5.0,5.0,5.0,4.25,5.0,5.0,False,4.769230769230769,False
R0082,Investigator,3.0,3.0,3.0,3.0,3.0,4.0,4.0,5.0,3.0,4.0,4.0,4.0,3.0,3.0,3.0,3.0,4.0,3.4,False,3.466666666666667,False
R0082,Prosecutor,3.0,3.0,3.0,2.0,3.0,3.0,2.0,2.0,3.0,3.0,3.0,3.0,3.0,3.0,3.0,2.8,2.6,3.0,False,2.8,False
R0082,Judge,4.0,3.0,4.0,4.0,3.0,3.0,4.0,3.0,4.0,3.0,4.0,4.0,4.0,4.0,3.0,3.6,3.4,3.8,False,3.6,False
R0082,CorrectionalOfficer,5.0,4.0,4.0,4.0,5.0,3.0,2.0,3.0,3.0,3.0,5.0,4.0,,5.0,5.0,4.4,2.8,4.75,False,3.9285714285714284,False
R0083,Investigator,4.0,3.0,3.0,3.0,3.0,,3.0,4.0,4.0,3.0,2.0,,2.0,1.0,1.0,3.2,3.5,1.5,False,2.769230769230769,False
R0083,Prosecutor,4.0,3.0,3.0,3.0,4.0,4.0,3.0,3.0,,3.0,4.0,4.0,2.0,2.0,3.0,3.4,3.25,3.0,False,3.2142857142857144,False
R0083,Judge,4.0,4.0,3.0,4.0,4.0,3.0,2.0,3.0,3.0,4.0,2.0,3.0,3.0,3.0,3.0,3.8,3.0,2.8,False,3.2,False
R0083,CorrectionalOfficer,2.0,3.0,3.0,4.0,3.0,3.0,2.0,3.0,2.0,2.0,2.0,2.0,3.0,3.0,3.0,3.0,2.4,2.6,False,2.6666666666666665,False
R0084,Investigator,3.0,3.0,3.0,3.0,3.0,2.0,2.0,3.0,3.0,3.0,4.0,3.0,4.0,4.0,3.0,3.0,2.6,3.6,False,3.066666666666667,False
R0084,Prosecutor,4.0,5.0,4.0,3.0,4.0,,3.0,3.0,3.0,3.0,2.0,3.0,2.0,2.0,2.0,4.0,3.0,2.2,False,3.0714285714285716,False
R0084,Judge,4.0,3.0,5.0,4.0,4.0,4.0,3.0,4.0,,,4.0,3.0,3.0,4.0,4.0,4.0,,3.6,False,3.769230769230769,False
R0084,Advocate,3.0,2.0,3.0,3.0,3.0,2.0,3.0,2.0,2.0,2.0,3.0,3.0,3.0,3.0,4.0,2.8,2.2,3.2,False,2.7333333333333334,False
R0084,CorrectionalOfficer,3.0,4.0,4.0,4.0,3.0,4.0,4.0,3.0,4.0,4.0,3.0,3.0,3.0,4.0,4.0,3.6,3.8,3.4,False,3.6,False
R0085,Investigator,2.0,1.0,2.0,2.0,2.0,3.0,3.0,3.0,4.0,3.0,3.0,3.0,2.0,2.0,2.0,1.8,3.2,2.4,False,2.466666666666667,False
R0085,Prosecutor,2.0,2.0,3.0,3.0,2.0,2.0,3.0,,3.0,3.0,4.0,4.0,4.0,5.0,4.0,2.4,2.75,4.2,False,3.142857142857143,False
R0085,Judge,3.0,3.0,3.0,3.0,3.0,2.0,3.0,2.0,2.0,3.0,3.0,4.0,4.0,3.0,3.0,3.0,2.4,3.4,False,2.933333333333333,False
R0085,Advocate,3.0,2.0,2.0,3.0,2.0,3.0,3.0,3.0,4.0,4.0,5.0,4.0,4.0,5.0,4.0,2.4,3.4,4.4,False,3.4,False
R0085,CorrectionalOfficer,3.0,3.0,2.0,3.0,3.0,2.0,3.0,2.0,2.0,2.0,2.0,3.0,2.0,2.0,3.0,2.8,2.2,2.4,False,2.466666666666667,False
R0086,Investigator,4.0,3.0,4.0,4.0,4.0,5.0,4.0,5.0,,4.0,4.0,4.0,3.0,3.0,4.0,3.8,4.5,3.6,False,3.9285714285714284,False
R0086,Prosecutor,4.0,4.0,4.0,4.0,4.0,3.0,3.0,3.0,4.0,3.0,,2.0,3.0,3.0,3.0,4.0,3.2,2.75,False,3.357142857142857,False
R0086,Judge,3.0,2.0,3.0,2.0,2.0,1.0,2.0,2.0,2.0,2.0,2.0,2.0,2.0,2.0,3.0,2.4,1.8,2.2,False,2.1333333333333333,False
R0086,CorrectionalOfficer,3.0,2.0,3.0,2.0,2.0,2.0,2.0,2.0,2.0,2.0,3.0,2.0,4.0,3.0,3.0,2.4,2.0,3.0,False,2.466666666666667,False
R0087,Investigator,4.0,4.0,2.0,3.0,4.0,3.0,3.0,3.0,3.0,4.0,3.0,4.0,,3.0,3.0,3.4,3.2,3.25,False,3.2857142857142856,False
R0087,Prosecutor,2.0,2.0,3.0,2.0,2.0,4.0,3.0,4.0,3.0,3.0,3.0,2.0,3.0,3.0,3.0,2.2,3.4,2.8,False,2.8,False
R0087,Judge,2.0,2.0,3.0,2.0,3.0,2.0,2.0,2.0,2.0,3.0,2.0,2.0,3.0,2.0,2.0,2.4,2.2,2.2,False,2.2666666666666666,False
R0087,Advocate,3.0,3.0,3.0,3.0,2.0,2.0,,2.0,2.0,3.0,1.0,1.0,1.0,2.0,1.0,2.8,2.25,1.2,False,2.0714285714285716,False
R0087,CorrectionalOfficer,4.0,4.0,4.0,4.0,4.0,3.0,3.0,3.0,3.0,4.0,3.0,3.0,3.0,4.0,3.0,4.0,3.2,3.2,False,3.466666666666667,False
R0088,Investigator,5.0,5.0,3.0,5.0,5.0,4.0,4.0,4.0,4.0,3.0,4.0,4.0,4.0,3.0,5.0,4.6,3.8,4.0,False,4.133333333333334,False
R0088,Prosecutor,4.0,4.0,4.0,3.0,4.0,3.0,2.0,2.0,3.0,2.0,1.0,1.0,2.0,2.0,2.0,3.8,2.4,1.6,False,2.6,False
R0088,Judge,1.0,1.0,2.0,,2.0,2.0,2.0,2.0,3.0,3.0,2.0,3.0,3.0,3.0,3.0,1.5,2.4,2.8,False,2.2857142857142856,False
R0088,Advocate,3.0,3.0,3.0,3.0,3.0,3.0,3.0,3.0,3.0,4.0,4.0,3.0,3.0,3.0,3.0,3.0,3.2,3.2,False,3.1333333333333333,False
R0088,CorrectionalOfficer,3.0,3.0,2.0,2.0,3.0,1.0,1.0,3.0,1.0,3.0,3.0,1.0,2.0,2.0,2.0,2.6,1.8,2.0,False,2.1333333333333333,False
R0089,Investigator,4.0,4.0,3.0,,3.0,4.0,4.0,4.0,4.0,5.0,4.0,2.0,3.0,4.0,3.0,3.5,4.2,3.2,False,3.642857142857143,False
R0089,Prosecutor,3.0,4.0,3.0,4.0,3.0,4.0,4.0,4.0,4.0,3.0,4.0,3.0,4.0,3.0,3.0,3.4,3.8,3.4,False,3.533333333333333,False
R0089,Judge,2.0,1.0,2.0,2.0,1.0,2.0,3.0,3.0,3.0,2.0,3.0,4.0,2.0,1.0,2.0,1.6,2.6,2.4,False,2.2,False
R0089,Advocate,3.0,3.0,2.0,3.0,3.0,4.0,3.0,4.0,4.0,3.0,4.0,5.0,4.0,4.0,5.0,2.8,3.6,4.4,False,3.6,False
R0089,CorrectionalOfficer,2.0,3.0,3.0,3.0,4.0,4.0,5.0,4.0,5.0,5.0,4.0,3.0,3.0,3.0,3.0,3.0,4.6,3.2,False,3.6,False
R0090,Investigator,1.0,1.0,1.0,1.0,5.0,1.0,1.0,5.0,5.0,1.0,1.0,1.0,5.0,1.0,1.0,1.8,2.6,1.8,False,2.066666666666667,False
R0090,Prosecutor,3.0,4.0,3.0,3.0,3.0,4.0,4.0,4.0,4.0,4.0,4.0,5.0,4.0,4.0,4.0,3.2,4.0,4.2,False,3.8,False
R0090,Judge,4.0,5.0,,4.0,3.0,5.0,4.0,5.0,5.0,5.0,5.0,5.0,5.0,5.0,5.0,4.0,4.8,5.0,False,4.642857142857143,False
R0090,Advocate,4.0,4.0,4.0,4.0,5.0,4.0,5.0,3.0,4.0,5.0,4.0,3.0,4.0,4.0,4.0,4.2,4.2,3.8,False,4.066666666666666,False
R0090,CorrectionalOfficer,3.0,2.0,2.0,3.0,3.0,3.0,3.0,4.0,3.0,4.0,3.0,3.0,3.0,,2.0,2.6,3.4,2.75,False,2.9285714285714284,False
R0091,Investigator,2.0,3.0,2.0,3.0,3.0,,2.0,2.0,3.0,2.0,2.0,2.0,2.0,1.0,2.0,2.6,2.25,1.8,False,2.2142857142857144,False
R0091,Prosecutor,2.0,4.0,3.0,3.0,3.0,3.0,4.0,2.0,4.0,3.0,2.0,3.0,2.0,3.0,2.0,3.0,3.2,2.4,False,2.8666666666666667,False
R0091,Judge,2.0,2.0,4.0,,3.0,2.0,2.0,2.0,3.0,3.0,2.0,2.0,,1.0,3.0,2.75,2.4,2.0,False,2.3846153846153846,False
R0091,Advocate,2.0,4.0,3.0,4.0,4.0,2.0,2.0,3.0,3.0,3.0,2.0,2.0,2.0,1.0,,3.4,2.6,1.75,False,2.642857142857143,False
R0091,CorrectionalOfficer,3.0,3.0,3.0,4.0,3.0,4.0,4.0,3.0,3.0,4.0,4.0,3.0,4.0,3.0,3.0,3.2,3.6,3.4,False,3.4,False
R0092,Investigator,1.0,1.0,2.0,2.0,2.0,2.0,2.0,2.0,2.0,2.0,2.0,2.0,2.0,2.0,2.0,1.6,2.0,2.0,False,1.8666666666666667,False
R0092,Prosecutor,3.0,3.0,2.0,2.0,3.0,1.0,1.0,1.0,1.0,1.0,2.0,2.0,2.0,,2.0,2.6,1.0,2.0,False,1.8571428571428572,False
R0092,Judge,1.0,2.0,2.0,2.0,2.0,2.0,3.0,2.0,2.0,2.0,2.0,2.0,3.0,2.0,2.0,1.8,2.2,2.2,False,2.066666666666667,False
R0092,Advocate,2.0,3.0,3.0,3.0,2.0,2.0,2.0,2.0,2.0,2.0,2.0,2.0,3.0,3.0,3.0,2.6,2.0,2.6,False,2.4,False
R0092,CorrectionalOfficer,1.0,1.0,1.0,1.0,1.0,1.0,1.0,2.0,1.0,1.0,2.0,2.0,1.0,1.0,1.0,1.0,1.2,1.4,False,1.2,False
R0093,Investigator,3.0,2.0,3.0,2.0,3.0,2.0,3.0,1.0,3.0,1.0,3.0,2.0,3.0,3.0,4.0,2.6,2.0,3.0,False,2.533333333333333,False
R0093,Prosecutor,3.0,3.0,3.0,3.0,2.0,2.0,2.0,2.0,3.0,3.0,3.0,3.0,3.0,,1.0,2.8,2.4,2.5,False,2.5714285714285716,False
R0093,Judge,3.0,3.0,2.0,3.0,2.0,3.0,3.0,4.0,4.0,3.0,3.0,3.0,4.0,2.0,2.0,2.6,3.4,2.8,False,2.933333333333333,False
R0093,CorrectionalOfficer,2.0,3.0,3.0,2.0,2.0,3.0,3.0,4.0,2.0,3.0,4.0,3.0,2.0,3.0,3.0,2.4,3.0,3.0,False,2.8,False
R0094,Investigator,5.0,5.0,5.0,5.0,5.0,5.0,5.0,5.0,5.0,5.0,4.0,4.0,4.0,3.0,5.0,5.0,5.0,4.0,False,4.666666666666667,False
R0094,Prosecutor,3.0,3.0,3.0,3.0,3.0,3.0,3.0,3.0,4.0,4.0,4.0,4.0,4.0,,4.0,3.0,3.4,4.0,False,3.4285714285714284,False
R0094,CorrectionalOfficer,2.0,2.0,3.0,2.0,2.0,4.0,4.0,4.0,5.0,4.0,5.0,4.0,5.0,4.0,4.0,2.2,4.2,4.4,False,3.6,False
R0095,Investigator,,2.0,2.0,3.0,2.0,2.0,2.0,3.0,2.0,2.0,2.0,2.0,,3.0,2.0,2.25,2.2,2.25,False,2.230769230769231,False
R0095,Prosecutor,2.0,3.0,2.0,3.0,2.0,3.0,2.0,3.0,2.0,3.0,3.0,3.0,3.0,3.0,3.0,2.4,2.6,3.0,False,2.6666666666666665,False
R0095,Judge,2.0,2.0,2.0,3.0,2.0,2.0,2.0,2.0,2.0,2.0,3.0,2.0,2.0,2.0,3.0,2.2,2.0,2.4,False,2.2,False
R0095,Advocate,2.0,1.0,1.0,1.0,1.0,2.0,2.0,2.0,2.0,2.0,2.0,1.0,3.0,2.0,2.0,1.2,2.0,2.0,False,1.7333333333333334,False
R0095,CorrectionalOfficer,3.0,3.0,3.0,3.0,3.0,1.0,1.0,2.0,1.0,1.0,3.0,3.0,4.0,4.0,3.0,3.0,1.2,3.4,False,2.533333333333333,False
R0096,Investigator,2.0,2.0,2.0,2.0,2.0,2.0,1.0,1.0,2.0,1.0,2.0,2.0,2.0,3.0,1.0,2.0,1.4,2.0,False,1.8,False
R0096,Judge,2.0,3.0,3.0,3.0,3.0,3.0,,,2.0,3.0,2.0,2.0,2.0,3.0,2.0,2.8,,2.2,False,2.5384615384615383,False
R0096,Advocate,2.0,3.0,2.0,2.0,2.0,2.0,3.0,3.0,3.0,2.0,3.0,3.0,2.0,3.0,3.0,2.2,2.6,2.8,False,2.533333333333333,False
R0096,CorrectionalOfficer,1.0,2.0,1.0,2.0,2.0,1.0,2.0,3.0,2.0,2.0,2.0,1.0,2.0,1.0,1.0,1.6,2.0,1.4,False,1.6666666666666667,False
R0097,Investigator,4.0,3.0,4.0,4.0,4.0,4.0,3.0,3.0,4.0,3.0,4.0,5.0,4.0,4.0,4.0,3.8,3.4,4.2,False,3.8,False
R0097,Prosecutor,3.0,3.0,,3.0,3.0,3.0,2.0,3.0,2.0,2.0,2.0,1.0,1.0,1.0,2.0,3.0,2.4,1.4,False,2.2142857142857144,False
R0097,Judge,2.0,4.0,4.0,3.0,3.0,2.0,3.0,2.0,2.0,1.0,2.0,2.0,3.0,3.0,,3.2,2.0,2.5,False,2.5714285714285716,False
R0097,Advocate,4.0,3.0,4.0,3.0,3.0,2.0,2.0,1.0,2.0,,1.0,2.0,2.0,2.0,1.0,3.4,1.75,1.6,False,2.2857142857142856,False
R0097,CorrectionalOfficer,3.0,2.0,3.0,,3.0,2.0,2.0,2.0,3.0,3.0,3.0,4.0,3.0,3.0,4.0,2.75,2.4,3.4,False,2.857142857142857,False
R0098,Investigator,5.0,4.0,4.0,3.0,4.0,3.0,3.0,3.0,4.0,3.0,4.0,4.0,4.0,4.0,5.0,4.0,3.2,4.2,False,3.8,False
R0098,Prosecutor,4.0,3.0,4.0,4.0,4.0,3.0,2.0,4.0,3.0,3.0,2.0,3.0,2.0,3.0,2.0,3.8,3.0,2.4,False,3.066666666666667,False
R0098,Judge,2.0,2.0,3.0,2.0,3.0,5.0,5.0,5.0,4.0,5.0,5.0,5.0,5.0,4.0,4.0,2.4,4.8,4.6,False,3.933333333333333,False
R0098,CorrectionalOfficer,4.0,4.0,4.0,4.0,4.0,3.0,3.0,3.0,4.0,2.0,2.0,3.0,2.0,3.0,3.0,4.0,3.0,2.6,False,3.2,False
R0099,Investigator,5.0,5.0,5.0,5.0,5.0,4.0,4.0,4.0,4.0,4.0,3.0,5.0,5.0,5.0,5.0,5.0,4.0,4.6,False,4.533333333333333,False
R0099,Prosecutor,4.0,,4.0,3.0,4.0,4.0,3.0,2.0,3.0,3.0,2.0,2.0,2.0,2.0,2.0,3.75,3.0,2.0,False,2.857142857142857,False
R0099,Judge,4.0,2.0,4.0,3.0,4.0,4.0,4.0,5.0,5.0,5.0,5.0,4.0,4.0,4.0,5.0,3.4,4.6,4.4,False,4.133333333333334,False
R0099,Advocate,4.0,3.0,4.0,4.0,3.0,3.0,3.0,3.0,4.0,4.0,3.0,3.0,,4.0,3.0,3.6,3.4,3.25,False,3.4285714285714284,False
R0099,CorrectionalOfficer,4.0,3.0,3.0,3.0,2.0,2.0,2.0,3.0,3.0,2.0,3.0,3.0,3.0,2.0,2.0,3.0,2.4,2.6,False,2.6666666666666665,False
R0100,Investigator,1.0,1.0,1.0,1.0,2.0,2.0,2.0,2.0,2.0,2.0,2.0,2.0,2.0,2.0,2.0,1.2,2.0,2.0,False,1.7333333333333334,False
R0100,Prosecutor,3.0,4.0,3.0,3.0,,3.0,3.0,2.0,3.0,,3.0,3.0,1.0,3.0,3.0,3.25,2.75,2.6,False,2.8461538461538463,False
R0100,Judge,2.0,3.0,1.0,2.0,2.0,3.0,2.0,2.0,3.0,3.0,3.0,4.0,3.0,3.0,2.0,2.0,2.6,3.0,False,2.533333333333333,False
R0100,CorrectionalOfficer,3.0,2.0,1.0,2.0,,3.0,,3.0,3.0,3.0,3.0,2.0,2.0,1.0,2.0,2.0,3.0,2.0,False,2.3076923076923075,False
R0101,Investigator,3.0,3.0,2.0,3.0,3.0,2.0,3.0,4.0,3.0,3.0,3.0,3.0,4.0,3.0,3.0,2.8,3.0,3.2,False,3.0,False
R0101,Prosecutor,2.0,3.0,2.0,1.0,3.0,4.0,3.0,3.0,3.0,4.0,3.0,3.0,3.0,3.0,3.0,2.2,3.4,3.0,False,2.8666666666666667,False
R0101,Judge,1.0,3.0,3.0,3.0,3.0,3.0,1.0,2.0,3.0,2.0,3.0,3.0,3.0,3.0,3.0,2.6,2.2,3.0,False,2.6,False
R0101,CorrectionalOfficer,2.0,3.0,1.0,2.0,2.0,2.0,3.0,2.0,3.0,4.0,3.0,2.0,3.0,3.0,3.0,2.0,2.8,2.8,False,2.533333333333333,False
R0102,Investigator,3.0,3.0,4.0,3.0,3.0,,2.0,2.0,2.0,2.0,2.0,1.0,2.0,2.0,1.0,3.2,2.0,1.6,False,2.2857142857142856,False
R0102,Prosecutor,1.0,1.0,1.0,2.0,1.0,1.0,1.0,1.0,1.0,1.0,2.0,2.0,2.0,3.0,3.0,1.2,1.0,2.4,False,1.5333333333333334,False
R0102,Judge,4.0,3.0,3.0,4.0,3.0,4.0,3.0,4.0,4.0,3.0,3.0,2.0,3.0,3.0,2.0,3.4,3.6,2.6,False,3.2,False
R0102,Advocate,2.0,3.0,3.0,2.0,3.0,4.0,4.0,3.0,3.0,4.0,2.0,3.0,2.0,3.0,2.0,2.6,3.6,2.4,False,2.8666666666666667,False
R0102,CorrectionalOfficer,3.0,2.0,3.0,2.0,2.0,3.0,4.0,4.0,4.0,3.0,3.0,4.0,3.0,3.0,2.0,2.4,3.6,3.0,False,3.0,False
R0103,Investigator,3.0,3.0,3.0,3.0,3.0,2.0,3.0,2.0,3.0,2.0,4.0,3.0,3.0,4.0,4.0,3.0,2.4,3.6,False,3.0,False
R0103,Prosecutor,2.0,2.0,2.0,2.0,1.0,2.0,1.0,2.0,2.0,1.0,2.0,2.0,2.0,1.0,3.0,1.8,1.6,2.0,False,1.8,False
R0103,Judge,2.0,1.0,1.0,1.0,1.0,1.0,2.0,1.0,1.0,1.0,3.0,2.0,3.0,3.0,1.0,1.2,1.2,2.4,False,1.6,False
R0103,Advocate,2.0,3.0,3.0,2.0,2.0,1.0,2.0,2.0,2.0,,4.0,4.0,3.0,4.0,3.0,2.4,1.75,3.6,False,2.642857142857143,False
R0103,CorrectionalOfficer,4.0,5.0,4.0,4.0,,2.0,3.0,2.0,3.0,3.0,3.0,3.0,4.0,,3.0,4.25,2.6,3.25,False,3.3076923076923075,False
R0104,Investigator,1.0,3.0,2.0,2.0,4.0,2.0,3.0,4.0,4.0,3.0,2.0,3.0,2.0,3.0,4.0,2.4,3.2,2.8,False,2.8,False
R0104,Prosecutor,4.0,3.0,3.0,3.0,4.0,2.0,3.0,3.0,2.0,,3.0,5.0,4.0,4.0,3.0,3.4,2.5,3.8,False,3.2857142857142856,False
R0104,Judge,4.0,3.0,4.0,3.0,3.0,5.0,4.0,4.0,4.0,4.0,4.0,3.0,4.0,3.0,3.0,3.4,4.2,3.4,False,3.6666666666666665,False
R0104,CorrectionalOfficer,3.0,2.0,2.0,2.0,3.0,4.0,3.0,3.0,3.0,3.0,3.0,3.0,4.0,3.0,4.0,2.4,3.2,3.4,False,3.0,False
R0105,Investigator,1.0,2.0,,1.0,1.0,3.0,3.0,2.0,3.0,3.0,2.0,2.0,3.0,2.0,2.0,1.25,2.8,2.2,False,2.142857142857143,False
R0105,Prosecutor,2.0,2.0,2.0,2.0,2.0,3.0,4.0,3.0,3.0,2.0,4.0,4.0,5.0,5.0,4.0,2.0,3.0,4.4,False,3.1333333333333333,False
R0105,Judge,2.0,3.0,4.0,3.0,2.0,3.0,2.0,3.0,2.0,2.0,3.0,3.0,3.0,2.0,3.0,2.8,2.4,2.8,False,2.6666666666666665,False
R0105,Advocate,3.0,3.0,2.0,3.0,3.0,2.0,2.0,2.0,1.0,2.0,1.0,1.0,1.0,2.0,2.0,2.8,1.8,1.4,False,2.0,False
R0105,CorrectionalOfficer,3.0,3.0,4.0,2.0,4.0,3.0,3.0,3.0,2.0,3.0,4.0,3.0,3.0,3.0,3.0,3.2,2.8,3.2,False,3.066666666666667,False
R0106,Investigator,4.0,2.0,3.0,4.0,3.0,3.0,3.0,3.0,2.0,1.0,5.0,4.0,4.0,4.0,3.0,3.2,2.4,4.0,False,3.2,False
R0106,Prosecutor,3.0,3.0,2.0,3.0,4.0,3.0,3.0,3.0,3.0,3.0,3.0,3.0,3.0,3.0,4.0,3.0,3.0,3.2,False,3.066666666666667,False
R0106,Judge,1.0,2.0,2.0,2.0,2.0,3.0,3.0,4.0,4.0,5.0,,1.0,3.0,2.0,3.0,1.8,3.8,2.25,False,2.642857142857143,False
R0106,Advocate,2.0,3.0,3.0,2.0,3.0,4.0,4.0,3.0,3.0,4.0,4.0,3.0,4.0,3.0,3.0,2.6,3.6,3.4,False,3.2,False
R0106,CorrectionalOfficer,3.0,3.0,2.0,2.0,3.0,2.0,3.0,2.0,2.0,2.0,2.0,1.0,2.0,,1.0,2.6,2.2,1.5,False,2.142857142857143,False
R0107,Investigator,2.0,1.0,,2.0,2.0,4.0,3.0,3.0,4.0,4.0,1.0,1.0,2.0,2.0,2.0,1.75,3.6,1.6,False,2.357142857142857,False
R0107,Prosecutor,4.0,4.0,4.0,4.0,4.0,5.0,5.0,5.0,5.0,5.0,4.0,2.0,3.0,3.0,3.0,4.0,5.0,3.0,False,4.0,False
R0107,Judge,5.0,5.0,4.0,3.0,4.0,3.0,4.0,4.0,4.0,4.0,4.0,4.0,4.0,3.0,4.0,4.2,3.8,3.8,False,3.933333333333333,False
R0107,CorrectionalOfficer,4.0,3.0,4.0,3.0,3.0,3.0,3.0,3.0,4.0,4.0,3.0,3.0,3.0,4.0,4.0,3.4,3.4,3.4,False,3.4,False
R0108,Investigator,5.0,4.0,5.0,4.0,4.0,3.0,4.0,5.0,4.0,3.0,4.0,4.0,5.0,4.0,4.0,4.4,3.8,4.2,False,4.133333333333334,False
R0108,Prosecutor,4.0,4.0,4.0,4.0,5.0,5.0,5.0,5.0,5.0,4.0,4.0,5.0,4.0,5.0,5.0,4.2,4.8,4.6,False,4.533333333333333,False
R0108,Judge,4.0,4.0,4.0,5.0,3.0,3.0,3.0,3.0,3.0,3.0,5.0,4.0,5.0,4.0,4.0,4.0,3.0,4.4,False,3.8,False
R0108,Advocate,5.0,,4.0,4.0,4.0,5.0,5.0,5.0,4.0,5.0,,2.0,3.0,3.0,3.0,4.25,4.8,2.75,False,4.0,False
R0108,CorrectionalOfficer,3.0,3.0,3.0,3.0,3.0,2.0,3.0,3.0,4.0,3.0,4.0,3.0,4.0,4.0,4.0,3.0,3.0,3.8,False,3.2666666666666666,False
R0109,Investigator,4.0,4.0,5.0,4.0,5.0,5.0,5.0,5.0,4.0,5.0,5.0,4.0,5.0,3.0,4.0,4.4,4.8,4.2,False,4.466666666666667,False
R0109,Prosecutor,4.0,4.0,4.0,3.0,3.0,3.0,3.0,2.0,3.0,3.0,3.0,4.0,3.0,2.0,,3.6,2.8,3.0,False,3.142857142857143,False
R0109,Judge,2.0,2.0,1.0,2.0,1.0,3.0,3.0,4.0,3.0,3.0,3.0,3.0,2.0,3.0,3.0,1.6,3.2,2.8,False,2.533333333333333,False
R0109,Advocate,5.0,4.0,5.0,5.0,4.0,3.0,4.0,5.0,3.0,4.0,4.0,4.0,4.0,3.0,3.0,4.6,3.8,3.6,False,4.0,False
R0109,CorrectionalOfficer,3.0,3.0,3.0,3.0,,5.0,5.0,5.0,5.0,5.0,5.0,5.0,5.0,5.0,5.0,3.0,5.0,5.0,False,4.428571428571429,False
R0110,Investigator,4.0,3.0,3.0,3.0,2.0,2.0,2.0,2.0,2.0,2.0,3.0,3.0,3.0,4.0,5.0,3.0,2.0,3.6,False,2.8666666666666667,False
R0110,Prosecutor,1.0,2.0,1.0,2.0,1.0,3.0,2.0,3.0,3.0,3.0,3.0,3.0,4.0,3.0,3.0,1.4,2.8,3.2,False,2.466666666666667,False
R0110,Judge,3.0,3.0,4.0,4.0,3.0,2.0,2.0,3.0,3.0,2.0,2.0,2.0,2.0,,2.0,3.4,2.4,2.0,False,2.642857142857143,False
R0110,Advocate,4.0,5.0,4.0,4.0,,4.0,3.0,4.0,3.0,4.0,4.0,4.0,3.0,4.0,3.0,4.25,3.6,3.6,False,3.7857142857142856,False
R0110,CorrectionalOfficer,2.0,3.0,3.0,3.0,2.0,2.0,1.0,2.0,2.0,2.0,1.0,1.0,1.0,2.0,1.0,2.6,1.8,1.2,False,1.8666666666666667,False
R0111,Investigator,4.0,3.0,3.0,3.0,3.0,4.0,4.0,4.0,4.0,4.0,3.0,4.0,4.0,,4.0,3.2,4.0,3.75,False,3.642857142857143,False
R0111,Prosecutor,4.0,3.0,3.0,4.0,4.0,3.0,3.0,3.0,3.0,3.0,3.0,3.0,3.0,3.0,3.0,3.6,3.0,3.0,False,3.2,False
R0111,Judge,4.0,4.0,5.0,4.0,4.0,3.0,3.0,3.0,4.0,3.0,4.0,5.0,3.0,5.0,4.0,4.2,3.2,4.2,False,3.8666666666666667,False
R0111,Advocate,3.0,2.0,3.0,1.0,3.0,2.0,2.0,2.0,3.0,2.0,4.0,4.0,4.0,5.0,4.0,2.4,2.2,4.2,False,2.933333333333333,False
R0111,CorrectionalOfficer,3.0,4.0,5.0,4.0,4.0,3.0,3.0,3.0,4.0,4.0,4.0,2.0,3.0,3.0,3.0,4.0,3.4,3.0,False,3.466666666666667,False
R0112,Investigator,3.0,3.0,4.0,4.0,4.0,2.0,3.0,4.0,4.0,3.0,3.0,3.0,3.0,3.0,2.0,3.6,3.2,2.8,False,3.2,False
R0112,Prosecutor,2.0,2.0,2.0,2.0,2.0,2.0,2.0,1.0,1.0,1.0,4.0,4.0,3.0,4.0,3.0,2.0,1.4,3.6,False,2.3333333333333335,False
R0112,Judge,2.0,2.0,1.0,2.0,,4.0,3.0,3.0,,3.0,4.0,3.0,3.0,3.0,3.0,1.75,3.25,3.2,False,2.769230769230769,False
R0112,Advocate,4.0,4.0,4.0,4.0,4.0,4.0,4.0,4.0,4.0,4.0,3.0,,3.0,3.0,3.0,4.0,4.0,3.0,False,3.7142857142857144,False
R0112,CorrectionalOfficer,2.0,2.0,2.0,2.0,2.0,4.0,3.0,4.0,4.0,3.0,,3.0,3.0,2.0,2.0,2.0,3.6,2.5,False,2.7142857142857144,False
R0113,Investigator,2.0,2.0,2.0,2.0,1.0,2.0,1.0,2.0,2.0,2.0,1.0,2.0,2.0,1.0,1.0,1.8,1.8,1.4,False,1.6666666666666667,False
R0113,Prosecutor,3.0,3.0,2.0,2.0,3.0,3.0,3.0,4.0,3.0,3.0,2.0,3.0,3.0,4.0,3.0,2.6,3.2,3.0,False,2.933333333333333,False
R0113,Judge,3.0,2.0,2.0,3.0,2.0,1.0,,3.0,1.0,2.0,4.0,3.0,2.0,2.0,2.0,2.4,1.75,2.6,False,2.2857142857142856,False
R0113,CorrectionalOfficer,4.0,3.0,3.0,3.0,4.0,3.0,3.0,2.0,4.0,4.0,3.0,3.0,2.0,3.0,3.0,3.4,3.2,2.8,False,3.1333333333333333,False
R0114,Investigator,2.0,2.0,2.0,1.0,2.0,3.0,,3.0,3.0,3.0,3.0,3.0,2.0,3.0,2.0,1.8,3.0,2.6,False,2.4285714285714284,False
R0114,Prosecutor,3.0,3.0,4.0,3.0,3.0,3.0,4.0,3.0,4.0,4.0,4.0,4.0,3.0,4.0,4.0,3.2,3.6,3.8,False,3.533333333333333,False
R0114,Judge,3.0,3.0,3.0,4.0,4.0,3.0,3.0,3.0,3.0,2.0,3.0,2.0,3.0,2.0,3.0,3.4,2.8,2.6,False,2.933333333333333,False
R0114,CorrectionalOfficer,4.0,4.0,4.0,4.0,4.0,4.0,3.0,4.0,3.0,4.0,4.0,4.0,5.0,4.0,4.0,4.0,3.6,4.2,False,3.933333333333333,False
R0115,Investigator,2.0,2.0,2.0,2.0,3.0,4.0,3.0,,2.0,2.0,2.0,2.0,1.0,1.0,1.0,2.2,2.75,1.4,False,2.0714285714285716,False
R0115,Prosecutor,3.0,3.0,3.0,3.0,3.0,3.0,2.0,2.0,2.0,4.0,3.0,1.0,3.0,2.0,2.0,3.0,2.6,2.2,False,2.6,False
R0115,Judge,5.0,4.0,4.0,4.0,4.0,4.0,3.0,3.0,3.0,2.0,,1.0,2.0,1.0,1.0,4.2,3.0,1.25,False,2.9285714285714284,False
R0115,Advocate,3.0,4.0,4.0,3.0,3.0,2.0,3.0,2.0,3.0,3.0,3.0,2.0,2.0,2.0,2.0,3.4,2.6,2.2,False,2.7333333333333334,False
R0115,CorrectionalOfficer,2.0,3.0,3.0,3.0,4.0,1.0,2.0,1.0,1.0,2.0,2.0,4.0,2.0,2.0,2.0,3.0,1.4,2.4,False,2.2666666666666666,False
R0116,Investigator,3.0,3.0,,3.0,2.0,2.0,3.0,2.0,3.0,2.0,2.0,3.0,2.0,3.0,3.0,2.75,2.4,2.6,False,2.5714285714285716,False
R0116,Prosecutor,1.0,1.0,1.0,2.0,1.0,1.0,1.0,2.0,2.0,2.0,1.0,1.0,1.0,1.0,2.0,1.2,1.6,1.2,False,1.3333333333333333,False
R0116,Judge,1.0,1.0,1.0,1.0,1.0,3.0,2.0,3.0,3.0,1.0,2.0,2.0,2.0,3.0,2.0,1.0,2.4,2.2,False,1.8666666666666667,False
R0116,CorrectionalOfficer,3.0,2.0,2.0,2.0,2.0,1.0,2.0,2.0,1.0,2.0,1.0,2.0,3.0,2.0,1.0,2.2,1.6,1.8,False,1.8666666666666667,False
R0117,Investigator,3.0,2.0,3.0,3.0,3.0,3.0,3.0,3.0,3.0,3.0,2.0,3.0,3.0,3.0,4.0,2.8,3.0,3.0,False,2.933333333333333,False
R0117,Prosecutor,2.0,4.0,2.0,3.0,1.0,4.0,3.0,4.0,2.0,3.0,2.0,3.0,3.0,1.0,2.0,2.4,3.2,2.2,False,2.6,False
R0117,Advocate,4.0,3.0,3.0,,3.0,2.0,3.0,2.0,2.0,3.0,4.0,4.0,3.0,4.0,4.0,3.25,2.4,3.8,False,3.142857142857143,False
R0117,CorrectionalOfficer,2.0,4.0,3.0,3.0,3.0,5.0,3.0,3.0,4.0,3.0,,4.0,4.0,4.0,4.0,3.0,3.6,4.0,False,3.5,False
R0118,Investigator,3.0,3.0,3.0,2.0,2.0,3.0,3.0,3.0,3.0,2.0,3.0,3.0,3.0,3.0,3.0,2.6,2.8,3.0,False,2.8,False
R0118,Prosecutor,2.0,2.0,2.0,2.0,1.0,1.0,3.0,3.0,2.0,2.0,3.0,1.0,2.0,2.0,1.0,1.8,2.2,1.8,False,1.9333333333333333,False
R0118,Judge,1.0,1.0,1.0,1.0,1.0,1.0,1.0,1.0,2.0,1.0,1.0,3.0,2.0,2.0,2.0,1.0,1.2,2.0,False,1.4,False
R0118,Advocate,3.0,3.0,3.0,3.0,2.0,3.0,3.0,3.0,2.0,3.0,3.0,3.0,2.0,3.0,2.0,2.8,2.8,2.6,False,2.7333333333333334,False
R0118,CorrectionalOfficer,4.0,4.0,4.0,4.0,4.0,3.0,3.0,,4.0,4.0,4.0,5.0,4.0,5.0,4.0,4.0,3.5,4.4,False,4.0,False
R0119,Investigator,3.0,3.0,3.0,3.0,3.0,3.0,4.0,3.0,,4.0,,3.0,4.0,4.0,3.0,3.0,3.5,3.5,False,3.3076923076923075,False
R0119,Prosecutor,5.0,5.0,4.0,5.0,3.0,5.0,5.0,4.0,5.0,5.0,2.0,3.0,3.0,3.0,2.0,4.4,4.8,2.6,False,3.933333333333333,False
R0119,Judge,3.0,5.0,3.0,4.0,3.0,,3.0,3.0,3.0,2.0,3.0,3.0,4.0,4.0,3.0,3.6,2.75,3.4,False,3.2857142857142856,False
R0119,Advocate,3.0,3.0,3.0,3.0,2.0,3.0,2.0,3.0,3.0,2.0,1.0,1.0,1.0,1.0,2.0,2.8,2.6,1.2,False,2.2,False
R0119,CorrectionalOfficer,3.0,3.0,3.0,2.0,3.0,5.0,4.0,5.0,3.0,4.0,4.0,3.0,3.0,4.0,4.0,2.8,4.2,3.6,False,3.533333333333333,False
R0120,Investigator,5.0,5.0,,,5.0,4.0,,5.0,5.0,3.0,4.0,5.0,5.0,4.0,4.0,,4.25,4.4,False,4.5,False
R0120,Prosecutor,4.0,3.0,5.0,4.0,4.0,3.0,3.0,3.0,3.0,2.0,3.0,3.0,3.0,4.0,3.0,4.0,2.8,3.2,False,3.3333333333333335,False
R0120,Judge,2.0,1.0,2.0,2.0,2.0,3.0,2.0,3.0,4.0,4.0,2.0,2.0,2.0,2.0,3.0,1.8,3.2,2.2,False,2.4,False
R0120,Advocate,3.0,2.0,3.0,3.0,2.0,2.0,3.0,3.0,3.0,2.0,2.0,3.0,3.0,3.0,4.0,2.6,2.6,3.0,False,2.7333333333333334,False
R0120,CorrectionalOfficer,3.0,3.0,3.0,4.0,3.0,4.0,2.0,3.0,4.0,3.0,3.0,2.0,3.0,3.0,3.0,3.2,3.2,2.8,False,3.066666666666667,False
R0121,Investigator,3.0,3.0,3.0,2.0,3.0,3.0,3.0,2.0,2.0,,3.0,3.0,2.0,2.0,2.0,2.8,2.5,2.4,False,2.5714285714285716,False
R0121,Prosecutor,3.0,3.0,2.0,3.0,3.0,3.0,2.0,3.0,2.0,3.0,2.0,3.0,3.0,2.0,1.0,2.8,2.6,2.2,False,2.533333333333333,False
R0121,Judge,4.0,2.0,4.0,4.0,3.0,3.0,,3.0,2.0,3.0,4.0,3.0,4.0,3.0,3.0,3.4,2.75,3.4,False,3.2142857142857144,False
R0121,Advocate,3.0,3.0,2.0,3.0,3.0,4.0,4.0,3.0,3.0,3.0,4.0,5.0,4.0,,4.0,2.8,3.4,4.25,False,3.4285714285714284,False
R0121,CorrectionalOfficer,3.0,4.0,4.0,3.0,5.0,3.0,3.0,3.0,3.0,3.0,3.0,3.0,3.0,3.0,3.0,3.8,3.0,3.0,False,3.2666666666666666,False
R0122,Investigator,5.0,5.0,4.0,4.0,,5.0,5.0,5.0,4.0,5.0,5.0,5.0,4.0,4.0,5.0,4.5,4.8,4.6,False,4.642857142857143,False
R0122,Prosecutor,2.0,3.0,2.0,2.0,2.0,4.0,3.0,3.0,3.0,4.0,3.0,3.0,4.0,2.0,3.0,2.2,3.4,3.0,False,2.8666666666666667,False
R0122,CorrectionalOfficer,4.0,3.0,4.0,4.0,5.0,4.0,3.0,3.0,3.0,4.0,3.0,3.0,4.0,4.0,5.0,4.0,3.4,3.8,False,3.7333333333333334,False
R0123,Investigator,4.0,5.0,5.0,,5.0,4.0,4.0,4.0,4.0,4.0,5.0,4.0,4.0,5.0,4.0,4.75,4.0,4.4,False,4.357142857142857,False
R0123,Prosecutor,5.0,5.0,5.0,4.0,5.0,4.0,4.0,4.0,4.0,4.0,4.0,5.0,4.0,5.0,5.0,4.8,4.0,4.6,False,4.466666666666667,False
R0123,Judge,4.0,3.0,4.0,4.0,4.0,4.0,4.0,4.0,,4.0,4.0,4.0,4.0,4.0,4.0,3.8,4.0,4.0,True,3.9285714285714284,False
R0123,CorrectionalOfficer,3.0,3.0,3.0,4.0,3.0,2.0,3.0,3.0,2.0,3.0,4.0,4.0,4.0,4.0,4.0,3.2,2.6,4.0,False,3.2666666666666666,False
R0124,Investigator,4.0,4.0,,4.0,3.0,4.0,5.0,4.0,4.0,,4.0,3.0,4.0,4.0,4.0,3.75,4.25,3.8,False,3.923076923076923,False
R0124,Prosecutor,,5.0,4.0,4.0,4.0,4.0,5.0,5.0,5.0,3.0,3.0,3.0,3.0,3.0,3.0,4.25,4.4,3.0,False,3.857142857142857,False
R0124,Judge,2.0,2.0,2.0,3.0,3.0,3.0,2.0,3.0,3.0,3.0,2.0,3.0,2.0,3.0,2.0,2.4,2.8,2.4,False,2.533333333333333,False
R0124,Advocate,2.0,1.0,2.0,1.0,2.0,4.0,5.0,5.0,3.0,4.0,3.0,4.0,3.0,4.0,4.0,1.6,4.2,3.6,False,3.1333333333333333,False
R0124,CorrectionalOfficer,3.0,3.0,2.0,3.0,2.0,4.0,3.0,4.0,4.0,4.0,4.0,4.0,5.0,5.0,4.0,2.6,3.8,4.4,False,3.6,False
R0125,Investigator,,3.0,3.0,2.0,3.0,1.0,2.0,2.0,3.0,2.0,3.0,2.0,2.0,3.0,3.0,2.75,2.0,2.6,False,2.4285714285714284,False
R0125,Prosecutor,2.0,2.0,1.0,1.0,1.0,1.0,2.0,1.0,1.0,,2.0,2.0,1.0,2.0,2.0,1.4,1.25,1.8,False,1.5,False
R0125,Judge,2.0,2.0,1.0,2.0,1.0,3.0,4.0,3.0,3.0,3.0,2.0,2.0,2.0,2.0,2.0,1.6,3.2,2.0,False,2.2666666666666666,False
R0125,CorrectionalOfficer,3.0,2.0,3.0,3.0,3.0,4.0,3.0,3.0,3.0,3.0,3.0,2.0,2.0,2.0,2.0,2.8,3.2,2.2,False,2.7333333333333334,False
R0126,Investigator,3.0,3.0,2.0,2.0,3.0,3.0,4.0,3.0,3.0,3.0,2.0,2.0,3.0,2.0,2.0,2.6,3.2,2.2,False,2.6666666666666665,False
R0126,Prosecutor,2.0,3.0,3.0,3.0,3.0,3.0,3.0,3.0,2.0,2.0,,5.0,4.0,5.0,4.0,2.8,2.6,4.5,False,3.2142857142857144,False
R0126,Judge,1.0,1.0,1.0,1.0,2.0,2.0,2.0,2.0,2.0,1.0,1.0,1.0,1.0,1.0,1.0,1.2,1.8,1.0,False,1.3333333333333333,False
R0126,Advocate,3.0,3.0,3.0,2.0,3.0,3.0,3.0,4.0,4.0,3.0,3.0,3.0,3.0,3.0,3.0,2.8,3.4,3.0,False,3.066666666666667,False
R0126,CorrectionalOfficer,3.0,,2.0,2.0,3.0,1.0,1.0,2.0,2.0,2.0,2.0,2.0,2.0,2.0,2.0,2.5,1.6,2.0,False,2.0,False
R0127,Investigator,2.0,2.0,2.0,1.0,2.0,2.0,1.0,1.0,1.0,1.0,3.0,3.0,4.0,3.0,3.0,1.8,1.2,3.2,False,2.066666666666667,False
R0127,Prosecutor,2.0,4.0,3.0,3.0,2.0,5.0,5.0,5.0,5.0,3.0,3.0,1.0,2.0,3.0,3.0,2.8,4.6,2.4,False,3.2666666666666666,False
R0127,Judge,3.0,2.0,3.0,4.0,3.0,4.0,4.0,4.0,,,3.0,,2.0,2.0,3.0,3.0,,2.5,False,3.0833333333333335,False
R0127,CorrectionalOfficer,3.0,3.0,4.0,,3.0,3.0,2.0,3.0,3.0,3.0,3.0,3.0,3.0,,4.0,3.25,2.8,3.25,False,3.076923076923077,False
R0128,Investigator,2.0,3.0,,3.0,3.0,2.0,2.0,2.0,2.0,2.0,1.0,1.0,2.0,,2.0,2.75,2.0,1.5,False,2.076923076923077,False
R0128,Prosecutor,1.0,1.0,1.0,1.0,2.0,3.0,4.0,2.0,2.0,3.0,4.0,4.0,3.0,2.0,2.0,1.2,2.8,3.0,False,2.3333333333333335,False
R0128,Judge,1.0,2.0,1.0,2.0,1.0,1.0,2.0,2.0,2.0,2.0,3.0,3.0,2.0,3.0,3.0,1.4,1.8,2.8,False,2.0,False
R0128,Advocate,3.0,4.0,4.0,3.0,3.0,1.0,2.0,1.0,2.0,2.0,1.0,2.0,1.0,1.0,1.0,3.4,1.6,1.2,False,2.066666666666667,False
R0128,CorrectionalOfficer,2.0,2.0,2.0,2.0,2.0,3.0,2.0,2.0,2.0,2.0,1.0,2.0,1.0,2.0,1.0,2.0,2.2,1.4,False,1.8666666666666667,False
R0129,Investigator,2.0,2.0,2.0,2.0,2.0,3.0,3.0,3.0,2.0,,3.0,2.0,2.0,1.0,1.0,2.0,2.75,1.8,False,2.142857142857143,False
R0129,Prosecutor,2.0,3.0,4.0,3.0,3.0,5.0,3.0,,5.0,3.0,4.0,4.0,4.0,3.0,4.0,3.0,4.0,3.8,False,3.5714285714285716,False
R0129,Judge,4.0,4.0,5.0,4.0,4.0,5.0,4.0,5.0,4.0,4.0,3.0,2.0,3.0,3.0,,4.2,4.4,2.75,False,3.857142857142857,False
R0129,Advocate,2.0,1.0,2.0,2.0,2.0,3.0,3.0,4.0,3.0,2.0,3.0,2.0,3.0,3.0,3.0,1.8,3.0,2.8,False,2.533333333333333,False
R0129,CorrectionalOfficer,4.0,3.0,3.0,3.0,3.0,3.0,2.0,2.0,2.0,2.0,,,3.0,3.0,3.0,3.2,2.2,,False,2.769230769230769,False
R0130,Investigator,1.0,1.0,1.0,1.0,1.0,1.0,2.0,2.0,3.0,2.0,1.0,1.0,2.0,2.0,2.0,1.0,2.0,1.6,False,1.5333333333333334,False
R0130,Prosecutor,2.0,1.0,2.0,3.0,1.0,2.0,2.0,4.0,3.0,3.0,2.0,4.0,3.0,3.0,2.0,1.8,2.8,2.8,False,2.466666666666667,False
R0130,Judge,4.0,4.0,3.0,4.0,4.0,,3.0,3.0,3.0,3.0,4.0,,4.0,4.0,4.0,3.8,3.0,4.0,False,3.6153846153846154,False
R0130,Advocate,2.0,2.0,2.0,,3.0,5.0,4.0,3.0,4.0,5.0,3.0,4.0,4.0,3.0,4.0,2.25,4.2,3.6,False,3.4285714285714284,False
R0130,CorrectionalOfficer,4.0,4.0,4.0,3.0,5.0,4.0,3.0,4.0,4.0,4.0,3.0,3.0,3.0,3.0,3.0,4.0,3.8,3.0,False,3.6,False
R0131,Investigator,4.0,3.0,3.0,4.0,4.0,2.0,2.0,2.0,2.0,2.0,2.0,3.0,3.0,3.0,3.0,3.6,2.0,2.8,False,2.8,False
R0131,Prosecutor,3.0,2.0,2.0,3.0,3.0,3.0,2.0,2.0,2.0,3.0,4.0,3.0,2.0,3.0,2.0,2.6,2.4,2.8,False,2.6,False
R0131,Judge,2.0,3.0,3.0,3.0,,3.0,3.0,3.0,3.0,3.0,2.0,2.0,2.0,3.0,3.0,2.75,3.0,2.4,False,2.7142857142857144,False
R0131,CorrectionalOfficer,4.0,5.0,4.0,4.0,3.0,3.0,3.0,3.0,3.0,3.0,3.0,2.0,2.0,2.0,3.0,4.0,3.0,2.4,False,3.1333333333333333,False
R0132,Investigator,2.0,1.0,2.0,2.0,1.0,2.0,2.0,2.0,2.0,1.0,3.0,,3.0,1.0,2.0,1.6,1.8,2.25,False,1.8571428571428572,False
R0132,Prosecutor,2.0,2.0,,4.0,3.0,2.0,4.0,4.0,3.0,2.0,2.0,3.0,3.0,3.0,3.0,2.75,3.0,2.8,False,2.857142857142857,False
R0132,Judge,3.0,3.0,3.0,2.0,2.0,3.0,2.0,2.0,2.0,2.0,4.0,2.0,4.0,2.0,3.0,2.6,2.2,3.0,False,2.6,False
R0132,CorrectionalOfficer,,3.0,3.0,3.0,3.0,3.0,3.0,4.0,2.0,3.0,3.0,,4.0,3.0,4.0,3.0,3.0,3.5,False,3.1538461538461537,False
R0133,Investigator,3.0,3.0,3.0,4.0,3.0,4.0,4.0,4.0,4.0,4.0,3.0,3.0,4.0,4.0,3.0,3.2,4.0,3.4,False,3.533333333333333,False
R0133,Prosecutor,3.0,2.0,2.0,2.0,3.0,4.0,3.0,2.0,2.0,3.0,2.0,3.0,3.0,3.0,3.0,2.4,2.8,2.8,False,2.6666666666666665,False
R0133,Judge,1.0,3.0,2.0,2.0,2.0,2.0,3.0,3.0,2.0,2.0,2.0,1.0,1.0,2.0,2.0,2.0,2.4,1.6,False,2.0,False
R0133,Advocate,4.0,3.0,4.0,4.0,4.0,4.0,3.0,3.0,3.0,3.0,2.0,2.0,3.0,2.0,3.0,3.8,3.2,2.4,False,3.1333333333333333,False
R0133,CorrectionalOfficer,3.0,4.0,3.0,3.0,,2.0,2.0,1.0,2.0,2.0,,1.0,1.0,2.0,3.0,3.25,1.8,1.75,False,2.230769230769231,False
R0134,Investigator,4.0,3.0,3.0,4.0,5.0,3.0,4.0,3.0,4.0,3.0,4.0,4.0,4.0,3.0,3.0,3.8,3.4,3.6,False,3.6,False
R0134,Prosecutor,5.0,5.0,5.0,4.0,5.0,4.0,5.0,4.0,5.0,4.0,4.0,3.0,4.0,3.0,3.0,4.8,4.4,3.4,False,4.2,False
R0134,Judge,4.0,4.0,4.0,4.0,4.0,3.0,4.0,3.0,3.0,4.0,4.0,5.0,5.0,4.0,4.0,4.0,3.4,4.4,False,3.933333333333333,False
R0134,CorrectionalOfficer,3.0,3.0,4.0,3.0,4.0,4.0,3.0,4.0,4.0,5.0,4.0,4.0,3.0,,3.0,3.4,4.0,3.5,False,3.642857142857143,False
R0135,Investigator,2.0,2.0,1.0,2.0,2.0,1.0,1.0,2.0,1.0,2.0,3.0,3.0,3.0,3.0,2.0,1.8,1.4,2.8,False,2.0,False
R0135,CorrectionalOfficer,2.0,2.0,1.0,1.0,3.0,2.0,1.0,2.0,,1.0,3.0,2.0,3.0,2.0,2.0,1.8,1.5,2.4,False,1.9285714285714286,False
R0136,Investigator,3.0,3.0,2.0,2.0,3.0,3.0,1.0,2.0,2.0,3.0,2.0,2.0,2.0,3.0,2.0,2.6,2.2,2.2,False,2.3333333333333335,False
R0136,Prosecutor,3.0,4.0,4.0,3.0,3.0,4.0,4.0,3.0,3.0,2.0,3.0,2.0,2.0,2.0,3.0,3.4,3.2,2.4,False,3.0,False
R0136,Judge,3.0,2.0,3.0,2.0,2.0,3.0,4.0,3.0,4.0,3.0,,3.0,4.0,4.0,5.0,2.4,3.4,4.0,False,3.2142857142857144,False
R0136,Advocate,2.0,3.0,2.0,3.0,3.0,2.0,2.0,1.0,2.0,1.0,2.0,3.0,2.0,,2.0,2.6,1.6,2.25,False,2.142857142857143,False
R0136,CorrectionalOfficer,3.0,5.0,4.0,3.0,4.0,3.0,1.0,2.0,2.0,3.0,3.0,4.0,4.0,4.0,4.0,3.8,2.2,3.8,False,3.2666666666666666,False
R0137,Investigator,5.0,4.0,5.0,4.0,5.0,4.0,3.0,4.0,3.0,3.0,3.0,3.0,2.0,3.0,2.0,4.6,3.4,2.6,False,3.533333333333333,False
R0137,Prosecutor,,3.0,3.0,3.0,3.0,,3.0,2.0,3.0,,4.0,4.0,5.0,5.0,4.0,3.0,,4.4,False,3.5,False
R0137,Judge,5.0,4.0,3.0,2.0,,3.0,3.0,3.0,3.0,4.0,4.0,3.0,,5.0,4.0,3.5,3.2,4.0,False,3.5384615384615383,False
R0137,CorrectionalOfficer,3.0,2.0,1.0,2.0,3.0,3.0,3.0,3.0,,4.0,4.0,4.0,3.0,4.0,2.0,2.2,3.25,3.4,False,2.9285714285714284,False
R0138,Investigator,3.0,2.0,3.0,3.0,2.0,3.0,3.0,3.0,2.0,3.0,3.0,3.0,3.0,2.0,,2.6,2.8,2.75,False,2.7142857142857144,False
R0138,Prosecutor,3.0,4.0,4.0,5.0,4.0,4.0,5.0,,3.0,4.0,5.0,5.0,5.0,5.0,5.0,4.0,4.0,5.0,False,4.357142857142857,False
R0138,Judge,3.0,,3.0,4.0,3.0,4.0,5.0,4.0,4.0,,,3.0,4.0,4.0,3.0,3.25,4.25,3.5,False,3.6666666666666665,False
R0138,CorrectionalOfficer,2.0,2.0,2.0,2.0,2.0,1.0,1.0,2.0,1.0,1.0,3.0,3.0,2.0,2.0,3.0,2.0,1.2,2.6,False,1.9333333333333333,False
R0139,Investigator,5.0,4.0,5.0,5.0,5.0,4.0,5.0,5.0,4.0,5.0,3.0,4.0,3.0,,4.0,4.8,4.6,3.5,False,4.357142857142857,False
R0139,Prosecutor,4.0,2.0,3.0,3.0,3.0,3.0,3.0,4.0,4.0,3.0,3.0,3.0,4.0,3.0,3.0,3.0,3.4,3.2,False,3.2,False
R0139,Judge,4.0,5.0,5.0,4.0,4.0,4.0,4.0,5.0,4.0,5.0,5.0,5.0,4.0,,5.0,4.4,4.4,4.75,False,4.5,False
R0139,Advocate,3.0,2.0,3.0,3.0,3.0,3.0,3.0,4.0,3.0,4.0,2.0,3.0,3.0,3.0,2.0,2.8,3.4,2.6,False,2.933333333333333,False
R0139,CorrectionalOfficer,5.0,4.0,4.0,3.0,,5.0,4.0,5.0,4.0,3.0,3.0,4.0,3.0,3.0,4.0,4.0,4.2,3.4,False,3.857142857142857,False
R0140,Investigator,1.0,2.0,2.0,3.0,2.0,,4.0,4.0,3.0,4.0,4.0,4.0,4.0,5.0,4.0,2.0,3.75,4.2,False,3.2857142857142856,False
R0140,Prosecutor,4.0,4.0,4.0,4.0,4.0,4.0,3.0,3.0,3.0,3.0,4.0,4.0,3.0,4.0,4.0,4.0,3.2,3.8,False,3.6666666666666665,False
R0140,Judge,4.0,4.0,4.0,3.0,4.0,2.0,3.0,4.0,3.0,1.0,4.0,3.0,4.0,5.0,4.0,3.8,2.6,4.0,False,3.466666666666667,False
R0140,CorrectionalOfficer,3.0,4.0,4.0,4.0,4.0,4.0,3.0,3.0,4.0,4.0,4.0,4.0,4.0,5.0,5.0,3.8,3.6,4.4,False,3.933333333333333,False
R0141,Investigator,4.0,4.0,4.0,5.0,,5.0,4.0,4.0,5.0,4.0,4.0,3.0,3.0,3.0,3.0,4.25,4.4,3.2,False,3.9285714285714284,False
R0141,Prosecutor,5.0,5.0,4.0,4.0,5.0,3.0,3.0,4.0,4.0,4.0,4.0,4.0,4.0,4.0,4.0,4.6,3.6,4.0,False,4.066666666666666,False
R0141,Judge,2.0,4.0,3.0,4.0,3.0,3.0,2.0,3.0,2.0,3.0,4.0,3.0,3.0,2.0,3.0,3.2,2.6,3.0,False,2.933333333333333,False
R0141,CorrectionalOfficer,3.0,4.0,4.0,4.0,4.0,3.0,2.0,3.0,4.0,4.0,4.0,4.0,5.0,4.0,5.0,3.8,3.2,4.4,False,3.8,False
R0142,Investigator,3.0,3.0,3.0,4.0,4.0,4.0,3.0,3.0,,4.0,3.0,4.0,4.0,3.0,3.0,3.4,3.5,3.4,False,3.4285714285714284,False
R0142,Prosecutor,3.0,3.0,3.0,3.0,2.0,3.0,3.0,3.0,3.0,3.0,3.0,3.0,3.0,3.0,2.0,2.8,3.0,2.8,False,2.8666666666666667,False
R0142,Judge,3.0,2.0,2.0,2.0,2.0,4.0,3.0,3.0,3.0,4.0,3.0,3.0,3.0,3.0,3.0,2.2,3.4,3.0,False,2.8666666666666667,False
R0142,Advocate,3.0,2.0,3.0,2.0,3.0,2.0,2.0,2.0,2.0,1.0,2.0,1.0,1.0,3.0,2.0,2.6,1.8,1.8,False,2.066666666666667,False
R0142,CorrectionalOfficer,4.0,1.0,2.0,3.0,2.0,4.0,4.0,4.0,5.0,3.0,3.0,3.0,3.0,3.0,3.0,2.4,4.0,3.0,False,3.1333333333333333,False
R0143,Investigator,2.0,2.0,2.0,1.0,2.0,3.0,3.0,3.0,3.0,3.0,3.0,3.0,2.0,3.0,2.0,1.8,3.0,2.6,False,2.466666666666667,False
R0143,Prosecutor,3.0,2.0,4.0,3.0,3.0,4.0,3.0,4.0,3.0,4.0,3.0,2.0,3.0,2.0,2.0,3.0,3.6,2.4,False,3.0,False
R0143,Advocate,2.0,3.0,2.0,2.0,2.0,3.0,3.0,2.0,2.0,3.0,3.0,4.0,2.0,3.0,3.0,2.2,2.6,3.0,False,2.6,False
R0143,CorrectionalOfficer,2.0,3.0,3.0,3.0,,2.0,2.0,2.0,,3.0,3.0,2.0,4.0,3.0,3.0,2.75,2.25,3.0,False,2.6923076923076925,False
R0144,Investigator,4.0,4.0,5.0,5.0,4.0,3.0,4.0,5.0,3.0,4.0,2.0,2.0,2.0,3.0,3.0,4.4,3.8,2.4,False,3.533333333333333,False
R0144,Prosecutor,3.0,3.0,2.0,3.0,3.0,3.0,2.0,3.0,3.0,3.0,3.0,4.0,5.0,5.0,4.0,2.8,2.8,4.2,False,3.2666666666666666,False
R0144,Judge,4.0,4.0,3.0,4.0,4.0,3.0,3.0,3.0,4.0,4.0,4.0,3.0,5.0,4.0,5.0,3.8,3.4,4.2,False,3.8,False
R0144,Advocate,4.0,4.0,4.0,3.0,4.0,5.0,5.0,5.0,5.0,5.0,3.0,4.0,5.0,4.0,4.0,3.8,5.0,4.0,False,4.266666666666667,False
R0144,CorrectionalOfficer,4.0,,4.0,3.0,5.0,4.0,4.0,5.0,5.0,4.0,5.0,4.0,5.0,4.0,4.0,4.0,4.4,4.4,False,4.285714285714286,False
R0145,Investigator,,2.0,3.0,3.0,3.0,1.0,1.0,1.0,1.0,1.0,1.0,2.0,1.0,1.0,1.0,2.75,1.0,1.2,False,1.5714285714285714,False
R0145,Prosecutor,4.0,4.0,3.0,3.0,5.0,4.0,3.0,3.0,3.0,3.0,3.0,2.0,2.0,3.0,3.0,3.8,3.2,2.6,False,3.2,False
R0145,Judge,4.0,3.0,3.0,3.0,3.0,3.0,4.0,4.0,4.0,4.0,3.0,4.0,,3.0,3.0,3.2,3.8,3.25,False,3.4285714285714284,False
R0145,Advocate,3.0,3.0,3.0,3.0,2.0,3.0,3.0,3.0,3.0,4.0,3.0,3.0,2.0,3.0,2.0,2.8,3.2,2.6,False,2.8666666666666667,False
R0145,CorrectionalOfficer,3.0,3.0,2.0,2.0,2.0,2.0,2.0,1.0,1.0,1.0,3.0,2.0,2.0,3.0,3.0,2.4,1.4,2.6,False,2.1333333333333333,False
R0146,Investigator,3.0,4.0,4.0,3.0,3.0,3.0,4.0,5.0,4.0,4.0,3.0,3.0,4.0,3.0,4.0,3.4,4.0,3.4,False,3.6,False
R0146,Prosecutor,3.0,2.0,3.0,4.0,2.0,3.0,3.0,3.0,3.0,3.0,4.0,4.0,4.0,3.0,3.0,2.8,3.0,3.6,False,3.1333333333333333,False
R0146,Judge,4.0,4.0,3.0,3.0,4.0,4.0,3.0,5.0,4.0,4.0,2.0,2.0,2.0,3.0,2.0,3.6,4.0,2.2,False,3.2666666666666666,False
R0146,Advocate,4.0,5.0,5.0,4.0,4.0,4.0,4.0,5.0,4.0,4.0,3.0,,3.0,,3.0,4.4,4.2,,False,4.0,False
R0146,CorrectionalOfficer,2.0,2.0,3.0,3.0,3.0,2.0,3.0,2.0,4.0,1.0,2.0,5.0,3.0,3.0,3.0,2.6,2.4,3.2,False,2.7333333333333334,False
R0147,Investigator,1.0,,1.0,1.0,1.0,2.0,,2.0,2.0,2.0,1.0,1.0,1.0,,2.0,1.0,2.0,1.25,False,1.4166666666666667,False
R0147,Prosecutor,1.0,1.0,1.0,1.0,2.0,2.0,1.0,2.0,2.0,2.0,1.0,1.0,2.0,2.0,1.0,1.2,1.8,1.4,False,1.4666666666666666,False
R0147,Judge,2.0,2.0,2.0,2.0,2.0,4.0,2.0,2.0,3.0,2.0,,3.0,2.0,3.0,3.0,2.0,2.6,2.75,False,2.4285714285714284,False
R0147,Advocate,2.0,3.0,3.0,2.0,4.0,3.0,2.0,2.0,2.0,3.0,4.0,3.0,,2.0,3.0,2.8,2.4,3.0,False,2.7142857142857144,False
R0147,CorrectionalOfficer,2.0,2.0,2.0,1.0,2.0,2.0,1.0,1.0,2.0,,2.0,2.0,1.0,2.0,1.0,1.8,1.5,1.6,False,1.6428571428571428,False
R0148,Investigator,4.0,4.0,4.0,4.0,5.0,5.0,5.0,4.0,5.0,4.0,4.0,4.0,3.0,4.0,4.0,4.2,4.6,3.8,False,4.2,False
R0148,Prosecutor,4.0,3.0,3.0,4.0,4.0,3.0,4.0,4.0,3.0,3.0,3.0,3.0,,3.0,3.0,3.6,3.4,3.0,False,3.357142857142857,False
R0148,Judge,4.0,4.0,5.0,5.0,5.0,5.0,5.0,5.0,5.0,5.0,5.0,4.0,4.0,5.0,5.0,4.6,5.0,4.6,False,4.733333333333333,False
R0148,Advocate,5.0,4.0,5.0,3.0,5.0,3.0,2.0,4.0,3.0,4.0,5.0,5.0,4.0,4.0,4.0,4.4,3.2,4.4,False,4.0,False
R0148,CorrectionalOfficer,3.0,3.0,2.0,2.0,2.0,2.0,3.0,2.0,2.0,2.0,2.0,3.0,3.0,3.0,2.0,2.4,2.2,2.6,False,2.4,False
R0149,Investigator,3.0,2.0,2.0,2.0,3.0,1.0,1.0,2.0,1.0,2.0,2.0,3.0,3.0,2.0,3.0,2.4,1.4,2.6,False,2.1333333333333333,False
R0149,Prosecutor,1.0,1.0,1.0,1.0,2.0,1.0,2.0,1.0,2.0,2.0,2.0,2.0,2.0,2.0,2.0,1.2,1.6,2.0,False,1.6,False
R0149,Judge,1.0,1.0,2.0,1.0,2.0,,2.0,3.0,2.0,2.0,2.0,3.0,2.0,4.0,2.0,1.4,2.25,2.6,False,2.0714285714285716,False
R0149,CorrectionalOfficer,4.0,2.0,2.0,3.0,2.0,3.0,3.0,2.0,3.0,2.0,1.0,2.0,1.0,2.0,2.0,2.6,2.6,1.6,False,2.2666666666666666,False
R0150,Investigator,3.0,2.0,2.0,2.0,1.0,1.0,1.0,1.0,2.0,2.0,1.0,1.0,1.0,1.0,2.0,2.0,1.4,1.2,False,1.5333333333333334,False
R0150,Prosecutor,5.0,4.0,3.0,4.0,4.0,3.0,3.0,3.0,3.0,3.0,4.0,4.0,4.0,5.0,4.0,4.0,3.0,4.2,False,3.7333333333333334,False
R0150,Judge,3.0,2.0,3.0,2.0,2.0,2.0,3.0,2.0,2.0,2.0,2.0,2.0,3.0,3.0,2.0,2.4,2.2,2.4,False,2.3333333333333335,False
R0150,Advocate,2.0,2.0,2.0,1.0,2.0,2.0,1.0,1.0,1.0,1.0,2.0,2.0,3.0,2.0,2.0,1.8,1.2,2.2,False,1.7333333333333334,False
R0150,CorrectionalOfficer,3.0,2.0,4.0,3.0,3.0,3.0,2.0,2.0,2.0,2.0,2.0,1.0,2.0,2.0,3.0,3.0,2.2,2.0,False,2.4,False
R0151,Investigator,3.0,4.0,3.0,3.0,2.0,4.0,3.0,2.0,3.0,3.0,4.0,5.0,4.0,5.0,4.0,3.0,3.0,4.4,False,3.466666666666667,False
R0151,Prosecutor,4.0,5.0,4.0,5.0,5.0,5.0,5.0,5.0,5.0,5.0,5.0,5.0,4.0,5.0,5.0,4.6,5.0,4.8,False,4.8,False
R0151,Judge,3.0,4.0,5.0,4.0,5.0,,3.0,4.0,3.0,3.0,4.0,5.0,5.0,5.0,5.0,4.2,3.25,4.8,False,4.142857142857143,False
R0151,Advocate,,4.0,5.0,5.0,5.0,5.0,5.0,4.0,,5.0,4.0,4.0,4.0,4.0,4.0,4.75,4.75,4.0,False,4.461538461538462,False
R0151,CorrectionalOfficer,3.0,4.0,3.0,3.0,3.0,3.0,4.0,4.0,3.0,5.0,4.0,3.0,4.0,5.0,4.0,3.2,3.8,4.0,False,3.6666666666666665,False
R0152,Investigator,2.0,4.0,3.0,4.0,4.0,3.0,4.0,,4.0,4.0,3.0,3.0,3.0,2.0,3.0,3.4,3.75,2.8,False,3.2857142857142856,False
R0152,Prosecutor,4.0,4.0,3.0,4.0,3.0,4.0,3.0,4.0,3.0,3.0,3.0,3.0,3.0,4.0,4.0,3.6,3.4,3.4,False,3.466666666666667,False
R0152,Advocate,4.0,,4.0,4.0,4.0,5.0,4.0,4.0,5.0,3.0,4.0,4.0,4.0,5.0,4.0,4.0,4.2,4.2,False,4.142857142857143,False
R0152,CorrectionalOfficer,4.0,4.0,4.0,,4.0,4.0,3.0,3.0,2.0,3.0,2.0,4.0,3.0,3.0,4.0,4.0,3.0,3.2,False,3.357142857142857,False
R0153,Investigator,2.0,3.0,2.0,3.0,3.0,3.0,3.0,2.0,2.0,3.0,3.0,3.0,5.0,3.0,4.0,2.6,2.6,3.6,False,2.933333333333333,False
R0153,Prosecutor,2.0,2.0,2.0,2.0,,2.0,3.0,2.0,3.0,3.0,4.0,3.0,3.0,3.0,3.0,2.0,2.6,3.2,False,2.642857142857143,False
R0153,Judge,1.0,2.0,2.0,1.0,1.0,2.0,1.0,3.0,3.0,3.0,2.0,2.0,2.0,2.0,2.0,1.4,2.4,2.0,False,1.9333333333333333,False
R0153,Advocate,3.0,4.0,4.0,4.0,4.0,3.0,2.0,2.0,3.0,3.0,3.0,2.0,3.0,,3.0,3.8,2.6,2.75,False,3.0714285714285716,False
R0153,CorrectionalOfficer,5.0,4.0,4.0,5.0,4.0,5.0,3.0,3.0,4.0,4.0,4.0,2.0,2.0,2.0,2.0,4.4,3.8,2.4,False,3.533333333333333,False
R0154,Investigator,3.0,,4.0,4.0,3.0,3.0,2.0,3.0,,3.0,4.0,4.0,4.0,5.0,4.0,3.5,2.75,4.2,False,3.5384615384615383,False
R0154,Prosecutor,3.0,4.0,4.0,3.0,3.0,4.0,3.0,5.0,3.0,4.0,2.0,2.0,3.0,1.0,3.0,3.4,3.8,2.2,False,3.1333333333333333,False
R0154,Judge,2.0,2.0,2.0,2.0,2.0,4.0,3.0,4.0,4.0,3.0,3.0,3.0,3.0,3.0,,2.0,3.6,3.0,False,2.857142857142857,False
R0154,Advocate,2.0,1.0,1.0,,1.0,3.0,2.0,3.0,2.0,3.0,2.0,3.0,2.0,2.0,1.0,1.25,2.6,2.0,False,2.0,False
R0154,CorrectionalOfficer,2.0,2.0,1.0,2.0,2.0,3.0,4.0,2.0,3.0,1.0,3.0,,3.0,3.0,3.0,1.8,2.6,3.0,False,2.4285714285714284,False
R0155,Investigator,1.0,1.0,2.0,2.0,3.0,3.0,2.0,3.0,3.0,2.0,3.0,2.0,2.0,2.0,2.0,1.8,2.6,2.2,False,2.2,False
R0155,Judge,3.0,2.0,3.0,3.0,3.0,1.0,1.0,1.0,2.0,1.0,1.0,1.0,2.0,2.0,2.0,2.8,1.2,1.6,False,1.8666666666666667,False
R0155,Advocate,3.0,2.0,2.0,2.0,2.0,2.0,2.0,1.0,2.0,2.0,1.0,1.0,1.0,1.0,1.0,2.2,1.8,1.0,False,1.6666666666666667,False
R0155,CorrectionalOfficer,3.0,3.0,2.0,3.0,2.0,3.0,2.0,2.0,2.0,2.0,3.0,4.0,3.0,3.0,4.0,2.6,2.2,3.4,False,2.7333333333333334,False
R0156,Investigator,1.0,1.0,2.0,1.0,1.0,1.0,1.0,1.0,2.0,2.0,2.0,2.0,2.0,2.0,2.0,1.2,1.4,2.0,False,1.5333333333333334,False
R0156,Prosecutor,2.0,2.0,1.0,2.0,1.0,1.0,3.0,2.0,2.0,2.0,1.0,1.0,1.0,1.0,2.0,1.6,2.0,1.2,False,1.6,False
R0156,Judge,2.0,2.0,2.0,2.0,2.0,1.0,2.0,1.0,1.0,1.0,2.0,2.0,1.0,1.0,1.0,2.0,1.2,1.4,False,1.5333333333333334,False
R0156,CorrectionalOfficer,2.0,3.0,3.0,3.0,3.0,2.0,2.0,2.0,1.0,2.0,2.0,2.0,2.0,3.0,3.0,2.8,1.8,2.4,False,2.3333333333333335,False
R0157,Investigator,4.0,4.0,4.0,5.0,3.0,5.0,5.0,5.0,5.0,4.0,3.0,4.0,3.0,4.0,4.0,4.0,4.8,3.6,False,4.133333333333334,False
R0157,Prosecutor,3.0,3.0,3.0,2.0,2.0,3.0,4.0,4.0,2.0,3.0,5.0,4.0,5.0,5.0,4.0,2.6,3.2,4.6,False,3.466666666666667,False
R0157,Judge,3.0,3.0,,3.0,2.0,2.0,3.0,3.0,3.0,2.0,3.0,4.0,3.0,4.0,3.0,2.75,2.6,3.4,False,2.9285714285714284,False
R0157,CorrectionalOfficer,4.0,4.0,4.0,,4.0,2.0,2.0,2.0,2.0,1.0,3.0,2.0,2.0,2.0,2.0,4.0,1.8,2.2,False,2.5714285714285716,False
R0158,Investigator,3.0,3.0,2.0,3.0,3.0,3.0,4.0,4.0,2.0,3.0,3.0,2.0,2.0,2.0,2.0,2.8,3.2,2.2,False,2.7333333333333334,False
R0158,Prosecutor,2.0,1.0,2.0,2.0,2.0,1.0,1.0,1.0,2.0,1.0,2.0,3.0,3.0,2.0,,1.8,1.2,2.5,False,1.7857142857142858,False
R0158,CorrectionalOfficer,4.0,4.0,4.0,4.0,3.0,3.0,3.0,3.0,3.0,3.0,3.0,3.0,4.0,3.0,3.0,3.8,3.0,3.2,False,3.3333333333333335,False
R0159,Investigator,3.0,2.0,2.0,3.0,2.0,4.0,4.0,3.0,3.0,3.0,,2.0,2.0,2.0,2.0,2.4,3.4,2.0,False,2.642857142857143,False
R0159,Judge,4.0,4.0,3.0,4.0,3.0,3.0,3.0,3.0,3.0,4.0,4.0,4.0,4.0,3.0,5.0,3.6,3.2,4.0,False,3.6,False
R0159,Advocate,3.0,3.0,3.0,4.0,3.0,3.0,3.0,4.0,4.0,3.0,3.0,4.0,4.0,2.0,4.0,3.2,3.4,3.4,False,3.3333333333333335,False
R0159,CorrectionalOfficer,3.0,3.0,3.0,3.0,3.0,3.0,3.0,,3.0,4.0,2.0,3.0,3.0,2.0,3.0,3.0,3.25,2.6,False,2.9285714285714284,False
R0160,Investigator,3.0,2.0,4.0,3.0,3.0,,,3.0,4.0,4.0,3.0,3.0,4.0,,3.0,3.0,,3.25,False,3.25,False
R0160,Prosecutor,2.0,3.0,3.0,3.0,3.0,3.0,4.0,4.0,3.0,3.0,4.0,4.0,4.0,4.0,4.0,2.8,3.4,4.0,False,3.4,False
R0160,Judge,5.0,4.0,4.0,5.0,4.0,4.0,5.0,4.0,4.0,4.0,4.0,3.0,4.0,4.0,4.0,4.4,4.2,3.8,False,4.133333333333334,False
R0160,Advocate,3.0,2.0,2.0,2.0,2.0,2.0,3.0,2.0,1.0,2.0,,2.0,3.0,3.0,2.0,2.2,2.0,2.5,False,2.2142857142857144,False
R0160,CorrectionalOfficer,4.0,3.0,4.0,3.0,4.0,3.0,4.0,3.0,3.0,3.0,3.0,4.0,2.0,2.0,4.0,3.6,3.2,3.0,False,3.2666666666666666,False
R0161,Investigator,3.0,4.0,4.0,4.0,3.0,4.0,5.0,5.0,5.0,4.0,4.0,5.0,4.0,4.0,5.0,3.6,4.6,4.4,False,4.2,False
R0161,Prosecutor,4.0,4.0,3.0,,2.0,,4.0,3.0,3.0,3.0,4.0,4.0,4.0,4.0,4.0,3.25,3.25,4.0,False,3.5384615384615383,False
R0161,Judge,4.0,3.0,3.0,4.0,3.0,3.0,4.0,4.0,3.0,4.0,5.0,4.0,5.0,4.0,4.0,3.4,3.6,4.4,False,3.8,False
R0161,Advocate,3.0,3.0,4.0,3.0,3.0,3.0,2.0,3.0,,2.0,3.0,4.0,4.0,3.0,4.0,3.2,2.5,3.6,False,3.142857142857143,False
R0161,CorrectionalOfficer,3.0,3.0,3.0,3.0,3.0,4.0,,3.0,3.0,4.0,4.0,3.0,3.0,3.0,3.0,3.0,3.5,3.2,False,3.2142857142857144,False
R0162,Investigator,4.0,3.0,,3.0,4.0,,3.0,3.0,3.0,3.0,3.0,4.0,3.0,3.0,4.0,3.5,3.0,3.4,False,3.3076923076923075,False
R0162,Judge,3.0,3.0,3.0,4.0,3.0,3.0,2.0,2.0,2.0,2.0,2.0,2.0,2.0,2.0,3.0,3.2,2.2,2.2,False,2.533333333333333,False
R0162,CorrectionalOfficer,2.0,2.0,3.0,2.0,2.0,3.0,3.0,2.0,3.0,3.0,3.0,2.0,1.0,2.0,3.0,2.2,2.8,2.2,False,2.4,False
R0163,Investigator,1.0,1.0,2.0,1.0,1.0,2.0,2.0,2.0,3.0,2.0,3.0,3.0,2.0,2.0,2.0,1.2,2.2,2.4,False,1.9333333333333333,False
R0163,Judge,2.0,2.0,2.0,1.0,1.0,2.0,1.0,2.0,2.0,2.0,3.0,3.0,2.0,3.0,2.0,1.6,1.8,2.6,False,2.0,False
R0163,Advocate,4.0,,3.0,4.0,3.0,4.0,4.0,5.0,4.0,5.0,3.0,4.0,3.0,4.0,3.0,3.5,4.4,3.4,False,3.7857142857142856,False
R0163,CorrectionalOfficer,4.0,4.0,4.0,4.0,4.0,4.0,4.0,4.0,4.0,3.0,4.0,4.0,4.0,4.0,4.0,4.0,3.8,4.0,True,3.933333333333333,False
R0164,Investigator,2.0,3.0,2.0,3.0,3.0,2.0,4.0,2.0,4.0,3.0,4.0,4.0,4.0,3.0,4.0,2.6,3.0,3.8,False,3.1333333333333333,False
R0164,Prosecutor,4.0,4.0,4.0,3.0,4.0,4.0,3.0,3.0,4.0,3.0,4.0,4.0,3.0,3.0,3.0,3.8,3.4,3.4,False,3.533333333333333,False
R0164,Judge,3.0,3.0,2.0,4.0,2.0,5.0,4.0,4.0,4.0,5.0,4.0,3.0,3.0,4.0,3.0,2.8,4.4,3.4,False,3.533333333333333,False
R0164,CorrectionalOfficer,3.0,2.0,2.0,2.0,2.0,3.0,3.0,2.0,3.0,3.0,2.0,3.0,3.0,3.0,2.0,2.2,2.8,2.6,False,2.533333333333333,False
R0165,Investigator,4.0,,3.0,3.0,3.0,2.0,1.0,1.0,1.0,2.0,4.0,2.0,2.0,2.0,3.0,3.25,1.4,2.6,False,2.357142857142857,False
R0165,Prosecutor,4.0,3.0,3.0,2.0,4.0,3.0,3.0,4.0,4.0,3.0,3.0,4.0,4.0,4.0,4.0,3.2,3.4,3.8,False,3.466666666666667,False
R0165,Judge,5.0,4.0,4.0,4.0,4.0,4.0,2.0,3.0,4.0,3.0,3.0,3.0,3.0,,3.0,4.2,3.2,3.0,False,3.5,False
R0165,Advocate,4.0,3.0,3.0,4.0,3.0,3.0,4.0,2.0,3.0,4.0,3.0,3.0,3.0,3.0,3.0,3.4,3.2,3.0,False,3.2,False
R0165,CorrectionalOfficer,3.0,3.0,3.0,4.0,2.0,3.0,3.0,3.0,4.0,4.0,3.0,2.0,2.0,3.0,3.0,3.0,3.4,2.6,False,3.0,False
R0166,Investigator,4.0,3.0,3.0,3.0,3.0,2.0,2.0,2.0,2.0,3.0,1.0,2.0,1.0,1.0,1.0,3.2,2.2,1.2,False,2.2,False
R0166,Prosecutor,1.0,2.0,,2.0,2.0,2.0,1.0,1.0,1.0,1.0,2.0,3.0,2.0,3.0,3.0,1.75,1.2,2.6,False,1.8571428571428572,False
R0166,Judge,3.0,3.0,3.0,2.0,3.0,4.0,3.0,3.0,3.0,3.0,3.0,3.0,3.0,3.0,3.0,2.8,3.2,3.0,False,3.0,False
R0166,Advocate,1.0,1.0,1.0,2.0,1.0,3.0,,2.0,4.0,2.0,3.0,2.0,2.0,3.0,2.0,1.2,2.75,2.4,False,2.0714285714285716,False
R0166,CorrectionalOfficer,3.0,4.0,3.0,3.0,2.0,3.0,3.0,3.0,3.0,3.0,3.0,3.0,3.0,4.0,3.0,3.0,3.0,3.2,False,3.066666666666667,False
R0167,Investigator,2.0,1.0,1.0,1.0,1.0,1.0,1.0,1.0,2.0,2.0,4.0,3.0,2.0,3.0,3.0,1.2,1.4,3.0,False,1.8666666666666667,False
R0167,Prosecutor,,1.0,2.0,2.0,2.0,4.0,2.0,3.0,2.0,3.0,4.0,3.0,3.0,3.0,3.0,1.75,2.8,3.2,False,2.642857142857143,False
R0167,Judge,2.0,2.0,3.0,,2.0,2.0,4.0,3.0,4.0,4.0,2.0,4.0,3.0,3.0,2.0,2.25,3.4,2.8,False,2.857142857142857,False
R0167,Advocate,4.0,3.0,3.0,3.0,3.0,4.0,4.0,4.0,3.0,4.0,4.0,3.0,4.0,4.0,4.0,3.2,3.8,3.8,False,3.6,False
R0167,CorrectionalOfficer,3.0,2.0,2.0,2.0,,2.0,3.0,2.0,3.0,2.0,1.0,1.0,1.0,1.0,1.0,2.25,2.4,1.0,False,1.8571428571428572,False
R0168,Investigator,3.0,4.0,5.0,3.0,3.0,2.0,2.0,3.0,2.0,2.0,3.0,3.0,3.0,3.0,3.0,3.6,2.2,3.0,False,2.933333333333333,False
R0168,Prosecutor,4.0,5.0,4.0,5.0,4.0,3.0,3.0,3.0,4.0,3.0,4.0,4.0,4.0,3.0,3.0,4.4,3.2,3.6,False,3.7333333333333334,False
R0168,Judge,2.0,2.0,3.0,3.0,2.0,3.0,3.0,3.0,4.0,2.0,5.0,3.0,4.0,4.0,4.0,2.4,3.0,4.0,False,3.1333333333333333,False
R0168,CorrectionalOfficer,5.0,5.0,5.0,3.0,5.0,3.0,3.0,,3.0,3.0,5.0,4.0,4.0,4.0,5.0,4.6,3.0,4.4,False,4.071428571428571,False
R0169,Investigator,4.0,5.0,4.0,4.0,,5.0,5.0,4.0,4.0,5.0,4.0,4.0,5.0,5.0,5.0,4.25,4.6,4.6,False,4.5,False
R0169,Judge,4.0,3.0,4.0,3.0,3.0,5.0,5.0,5.0,4.0,4.0,2.0,3.0,2.0,3.0,2.0,3.4,4.6,2.4,False,3.466666666666667,False
R0169,Advocate,5.0,4.0,4.0,5.0,5.0,3.0,3.0,3.0,3.0,,5.0,4.0,4.0,3.0,5.0,4.6,3.0,4.2,False,4.0,False
R0169,CorrectionalOfficer,5.0,5.0,4.0,4.0,5.0,5.0,5.0,5.0,5.0,5.0,4.0,4.0,4.0,4.0,4.0,4.6,5.0,4.0,False,4.533333333333333,False
R0170,Investigator,4.0,4.0,5.0,4.0,4.0,5.0,5.0,5.0,4.0,4.0,5.0,5.0,5.0,4.0,5.0,4.2,4.6,4.8,False,4.533333333333333,False
R0170,Prosecutor,2.0,3.0,2.0,2.0,2.0,4.0,3.0,3.0,2.0,3.0,3.0,4.0,3.0,3.0,3.0,2.2,3.0,3.2,False,2.8,False
R0170,Judge,5.0,5.0,5.0,5.0,5.0,4.0,4.0,4.0,4.0,4.0,4.0,4.0,5.0,4.0,5.0,5.0,4.0,4.4,False,4.466666666666667,False
R0170,Advocate,4.0,4.0,4.0,,4.0,5.0,4.0,4.0,4.0,4.0,5.0,5.0,,5.0,5.0,4.0,4.2,5.0,False,4.384615384615385,False
R0170,CorrectionalOfficer,5.0,5.0,5.0,5.0,5.0,4.0,4.0,3.0,4.0,4.0,5.0,,5.0,4.0,5.0,5.0,3.8,4.75,False,4.5,False
R0171,Investigator,3.0,4.0,3.0,4.0,4.0,4.0,4.0,,4.0,3.0,3.0,4.0,3.0,4.0,3.0,3.6,3.75,3.4,False,3.5714285714285716,False
R0171,Prosecutor,5.0,4.0,4.0,4.0,4.0,4.0,3.0,,3.0,3.0,4.0,4.0,3.0,4.0,3.0,4.2,3.25,3.6,False,3.7142857142857144,False
R0171,Judge,3.0,,4.0,3.0,3.0,3.0,3.0,4.0,3.0,4.0,,4.0,4.0,3.0,3.0,3.25,3.4,3.5,False,3.3846153846153846,False
R0171,CorrectionalOfficer,4.0,4.0,5.0,4.0,4.0,4.0,5.0,5.0,4.0,3.0,4.0,4.0,4.0,4.0,5.0,4.2,4.2,4.2,False,4.2,False
R0172,Investigator,2.0,3.0,2.0,2.0,2.0,3.0,3.0,2.0,3.0,3.0,3.0,2.0,2.0,3.0,3.0,2.2,2.8,2.6,False,2.533333333333333,False
R0172,Prosecutor,3.0,3.0,3.0,3.0,3.0,3.0,4.0,4.0,4.0,4.0,4.0,3.0,5.0,3.0,4.0,3.0,3.8,3.8,False,3.533333333333333,False
R0172,Judge,3.0,2.0,2.0,3.0,2.0,1.0,3.0,2.0,3.0,2.0,4.0,3.0,3.0,4.0,4.0,2.4,2.2,3.6,False,2.7333333333333334,False
R0172,Advocate,3.0,4.0,3.0,4.0,5.0,3.0,3.0,3.0,3.0,4.0,4.0,4.0,3.0,3.0,3.0,3.8,3.2,3.4,False,3.466666666666667,False
R0172,CorrectionalOfficer,4.0,4.0,5.0,5.0,4.0,3.0,4.0,5.0,5.0,4.0,5.0,,5.0,4.0,4.0,4.4,4.2,4.5,False,4.357142857142857,False
R0173,Investigator,5.0,5.0,4.0,5.0,5.0,2.0,2.0,3.0,3.0,2.0,3.0,4.0,,4.0,4.0,4.8,2.4,3.75,False,3.642857142857143,False
R0173,Prosecutor,3.0,5.0,4.0,5.0,4.0,4.0,4.0,4.0,4.0,4.0,3.0,3.0,4.0,4.0,3.0,4.2,4.0,3.4,False,3.8666666666666667,False
R0173,Judge,1.0,1.0,1.0,1.0,2.0,1.0,2.0,2.0,2.0,2.0,2.0,2.0,3.0,1.0,2.0,1.2,1.8,2.0,False,1.6666666666666667,False
R0173,CorrectionalOfficer,4.0,3.0,4.0,4.0,4.0,2.0,3.0,3.0,3.0,4.0,3.0,2.0,3.0,3.0,3.0,3.8,3.0,2.8,False,3.2,False
R0174,Investigator,3.0,2.0,3.0,3.0,2.0,2.0,2.0,3.0,3.0,3.0,2.0,3.0,2.0,3.0,3.0,2.6,2.6,2.6,False,2.6,False
R0174,Prosecutor,3.0,3.0,2.0,3.0,3.0,4.0,4.0,5.0,5.0,4.0,3.0,3.0,3.0,4.0,3.0,2.8,4.4,3.2,False,3.466666666666667,False
R0174,Judge,5.0,4.0,4.0,5.0,4.0,4.0,5.0,4.0,3.0,4.0,4.0,4.0,4.0,4.0,4.0,4.4,4.0,4.0,False,4.133333333333334,False
R0174,Advocate,3.0,3.0,4.0,3.0,3.0,2.0,1.0,3.0,2.0,3.0,4.0,4.0,3.0,3.0,3.0,3.2,2.2,3.4,False,2.933333333333333,False
R0174,CorrectionalOfficer,2.0,3.0,2.0,2.0,2.0,3.0,3.0,4.0,3.0,2.0,5.0,4.0,4.0,4.0,5.0,2.2,3.0,4.4,False,3.2,False
R0175,Investigator,3.0,,2.0,2.0,3.0,1.0,1.0,1.0,1.0,1.0,2.0,2.0,1.0,1.0,1.0,2.5,1.0,1.4,False,1.5714285714285714,False
R0175,Prosecutor,4.0,4.0,3.0,4.0,4.0,4.0,4.0,4.0,4.0,4.0,3.0,,3.0,2.0,3.0,3.8,4.0,2.75,False,3.5714285714285716,False
R0175,Judge,2.0,2.0,2.0,2.0,2.0,3.0,2.0,3.0,3.0,2.0,3.0,3.0,3.0,2.0,3.0,2.0,2.6,2.8,False,2.466666666666667,False
R0175,Advocate,1.0,1.0,1.0,1.0,2.0,3.0,3.0,2.0,3.0,3.0,3.0,2.0,3.0,3.0,3.0,1.2,2.8,2.8,False,2.2666666666666666,False
R0175,CorrectionalOfficer,2.0,3.0,2.0,2.0,2.0,2.0,2.0,2.0,2.0,3.0,2.0,2.0,,1.0,1.0,2.2,2.2,1.5,False,2.0,False
R0176,Investigator,4.0,4.0,3.0,4.0,2.0,5.0,3.0,4.0,,5.0,3.0,4.0,3.0,3.0,3.0,3.4,4.25,3.2,False,3.5714285714285716,False
R0176,Prosecutor,2.0,3.0,3.0,3.0,2.0,2.0,2.0,2.0,3.0,3.0,2.0,2.0,1.0,2.0,3.0,2.6,2.4,2.0,False,2.3333333333333335,False
R0176,Judge,2.0,,2.0,2.0,3.0,2.0,3.0,3.0,2.0,3.0,3.0,3.0,4.0,2.0,3.0,2.25,2.6,3.0,False,2.642857142857143,False
R0176,Advocate,1.0,3.0,3.0,3.0,4.0,3.0,2.0,3.0,2.0,2.0,4.0,4.0,3.0,3.0,3.0,2.8,2.4,3.4,False,2.8666666666666667,False
R0176,CorrectionalOfficer,3.0,3.0,2.0,3.0,3.0,3.0,1.0,2.0,2.0,2.0,2.0,3.0,2.0,2.0,2.0,2.8,2.0,2.2,False,2.3333333333333335,False
R0177,Investigator,3.0,3.0,4.0,3.0,3.0,2.0,2.0,1.0,2.0,3.0,2.0,1.0,2.0,1.0,2.0,3.2,2.0,1.6,False,2.2666666666666666,False
R0177,Prosecutor,2.0,4.0,2.0,3.0,3.0,3.0,3.0,3.0,3.0,3.0,3.0,3.0,3.0,3.0,3.0,2.8,3.0,3.0,False,2.933333333333333,False
R0177,Judge,3.0,3.0,2.0,,2.0,2.0,1.0,2.0,1.0,1.0,2.0,1.0,2.0,1.0,1.0,2.5,1.4,1.4,False,1.7142857142857142,False
R0177,CorrectionalOfficer,2.0,2.0,3.0,2.0,2.0,3.0,3.0,2.0,3.0,2.0,2.0,3.0,2.0,2.0,2.0,2.2,2.6,2.2,False,2.3333333333333335,False
R0178,Investigator,2.0,3.0,2.0,2.0,3.0,5.0,5.0,5.0,5.0,4.0,3.0,4.0,4.0,4.0,3.0,2.4,4.8,3.6,False,3.6,False
R0178,Judge,3.0,3.0,4.0,3.0,3.0,5.0,4.0,4.0,4.0,3.0,3.0,4.0,3.0,4.0,4.0,3.2,4.0,3.6,False,3.6,False
R0178,CorrectionalOfficer,5.0,4.0,5.0,4.0,,3.0,3.0,4.0,4.0,4.0,3.0,4.0,4.0,3.0,3.0,4.5,3.6,3.4,False,3.7857142857142856,False
R0179,Investigator,3.0,3.0,3.0,3.0,4.0,4.0,4.0,3.0,4.0,4.0,2.0,3.0,2.0,3.0,2.0,3.2,3.8,2.4,False,3.1333333333333333,False
R0179,Prosecutor,3.0,5.0,4.0,4.0,3.0,3.0,2.0,3.0,2.0,2.0,4.0,4.0,4.0,4.0,4.0,3.8,2.4,4.0,False,3.4,False
R0179,Judge,5.0,4.0,4.0,4.0,4.0,4.0,4.0,4.0,4.0,5.0,5.0,4.0,5.0,4.0,5.0,4.2,4.2,4.6,False,4.333333333333333,False
R0179,CorrectionalOfficer,3.0,3.0,3.0,3.0,2.0,4.0,4.0,3.0,4.0,3.0,2.0,1.0,1.0,1.0,2.0,2.8,3.6,1.4,False,2.6,False
R0180,Investigator,3.0,3.0,2.0,4.0,2.0,4.0,4.0,4.0,5.0,5.0,3.0,4.0,3.0,4.0,4.0,2.8,4.4,3.6,False,3.6,False
R0180,Prosecutor,5.0,5.0,,5.0,5.0,4.0,4.0,4.0,4.0,4.0,4.0,5.0,5.0,5.0,5.0,5.0,4.0,4.8,False,4.571428571428571,False
R0180,Advocate,5.0,5.0,3.0,4.0,4.0,4.0,4.0,4.0,3.0,4.0,3.0,3.0,3.0,4.0,3.0,4.2,3.8,3.2,False,3.7333333333333334,False
R0180,CorrectionalOfficer,5.0,4.0,5.0,5.0,5.0,4.0,4.0,4.0,4.0,5.0,4.0,4.0,3.0,4.0,4.0,4.8,4.2,3.8,False,4.266666666666667,False
R0181,Investigator,3.0,4.0,2.0,3.0,3.0,2.0,2.0,2.0,2.0,2.0,3.0,2.0,2.0,2.0,3.0,3.0,2.0,2.4,False,2.466666666666667,False
R0181,Prosecutor,1.0,2.0,2.0,3.0,3.0,3.0,3.0,3.0,3.0,3.0,4.0,3.0,3.0,2.0,2.0,2.2,3.0,2.8,False,2.6666666666666665,False
R0181,Judge,4.0,3.0,4.0,3.0,4.0,2.0,3.0,3.0,2.0,3.0,3.0,3.0,3.0,2.0,3.0,3.6,2.6,2.8,False,3.0,False
R0181,Advocate,2.0,2.0,2.0,2.0,2.0,2.0,,2.0,1.0,2.0,3.0,3.0,3.0,1.0,,2.0,1.75,2.5,False,2.076923076923077,False
R0181,CorrectionalOfficer,4.0,3.0,2.0,3.0,3.0,1.0,1.0,2.0,2.0,2.0,3.0,3.0,3.0,3.0,2.0,3.0,1.6,2.8,False,2.466666666666667,False
R0182,Investigator,4.0,3.0,4.0,3.0,3.0,4.0,4.0,4.0,4.0,4.0,5.0,4.0,4.0,3.0,4.0,3.4,4.0,4.0,False,3.8,False
R0182,Prosecutor,2.0,2.0,3.0,2.0,3.0,2.0,2.0,2.0,2.0,3.0,3.0,3.0,3.0,2.0,3.0,2.4,2.2,2.8,False,2.466666666666667,False
R0182,Judge,2.0,2.0,2.0,2.0,2.0,3.0,3.0,3.0,3.0,3.0,3.0,2.0,3.0,2.0,3.0,2.0,3.0,2.6,False,2.533333333333333,False
R0182,Advocate,2.0,2.0,1.0,1.0,1.0,3.0,3.0,3.0,1.0,2.0,1.0,1.0,2.0,2.0,1.0,1.4,2.4,1.4,False,1.7333333333333334,False
R0182,CorrectionalOfficer,2.0,3.0,2.0,3.0,4.0,4.0,4.0,2.0,3.0,3.0,2.0,2.0,2.0,4.0,2.0,2.8,3.2,2.4,False,2.8,False
R0183,Investigator,3.0,2.0,2.0,2.0,2.0,4.0,3.0,3.0,4.0,3.0,3.0,2.0,2.0,2.0,3.0,2.2,3.4,2.4,False,2.6666666666666665,False
R0183,Prosecutor,3.0,4.0,4.0,4.0,5.0,4.0,4.0,4.0,4.0,5.0,3.0,3.0,4.0,3.0,3.0,4.0,4.2,3.2,False,3.8,False
R0183,Judge,4.0,4.0,4.0,3.0,3.0,4.0,4.0,3.0,3.0,4.0,4.0,4.0,5.0,5.0,4.0,3.6,3.6,4.4,False,3.8666666666666667,False
R0183,CorrectionalOfficer,4.0,4.0,4.0,4.0,,3.0,3.0,2.0,2.0,4.0,5.0,5.0,5.0,5.0,5.0,4.0,2.8,5.0,False,3.9285714285714284,False
R0184,Investigator,5.0,5.0,5.0,5.0,5.0,5.0,5.0,5.0,5.0,5.0,4.0,4.0,5.0,5.0,5.0,5.0,5.0,4.6,False,4.866666666666666,False
R0184,Judge,5.0,5.0,5.0,4.0,4.0,5.0,5.0,5.0,4.0,4.0,5.0,4.0,5.0,5.0,4.0,4.6,4.6,4.6,False,4.6,False
R0184,Advocate,4.0,4.0,3.0,4.0,4.0,5.0,5.0,5.0,5.0,5.0,5.0,4.0,5.0,5.0,4.0,3.8,5.0,4.6,False,4.466666666666667,False
R0184,CorrectionalOfficer,3.0,4.0,3.0,3.0,3.0,4.0,3.0,3.0,2.0,2.0,3.0,3.0,4.0,3.0,4.0,3.2,2.8,3.4,False,3.1333333333333333,False
R0185,Investigator,2.0,2.0,3.0,4.0,3.0,2.0,3.0,4.0,3.0,3.0,3.0,3.0,4.0,3.0,3.0,2.8,3.0,3.2,False,3.0,False
R0185,Prosecutor,3.0,2.0,2.0,3.0,3.0,3.0,3.0,3.0,3.0,3.0,2.0,,1.0,1.0,2.0,2.6,3.0,1.5,False,2.4285714285714284,False
R0185,Judge,2.0,2.0,2.0,,3.0,3.0,3.0,3.0,3.0,3.0,3.0,3.0,3.0,3.0,,2.25,3.0,3.0,False,2.769230769230769,False
R0185,Advocate,4.0,3.0,3.0,4.0,4.0,2.0,2.0,3.0,2.0,3.0,3.0,3.0,2.0,,2.0,3.6,2.4,2.5,False,2.857142857142857,False
R0185,CorrectionalOfficer,2.0,3.0,3.0,2.0,2.0,4.0,3.0,3.0,3.0,3.0,2.0,2.0,2.0,2.0,2.0,2.4,3.2,2.0,False,2.533333333333333,False
R0186,Investigator,3.0,3.0,2.0,3.0,2.0,4.0,5.0,4.0,4.0,3.0,3.0,3.0,3.0,3.0,4.0,2.6,4.0,3.2,False,3.2666666666666666,False
R0186,Prosecutor,2.0,2.0,2.0,,2.0,3.0,3.0,2.0,3.0,2.0,1.0,2.0,1.0,1.0,2.0,2.0,2.6,1.4,False,2.0,False
R0186,Judge,4.0,4.0,4.0,4.0,4.0,3.0,3.0,3.0,3.0,2.0,2.0,3.0,2.0,2.0,2.0,4.0,2.8,2.2,False,3.0,False
R0186,Advocate,4.0,3.0,,3.0,3.0,3.0,3.0,3.0,3.0,3.0,3.0,2.0,3.0,2.0,2.0,3.25,3.0,2.4,False,2.857142857142857,False
R0186,CorrectionalOfficer,3.0,3.0,3.0,3.0,3.0,3.0,3.0,3.0,3.0,3.0,3.0,3.0,3.0,3.0,3.0,3.0,3.0,3.0,True,3.0,False
R0187,Investigator,3.0,3.0,3.0,,3.0,3.0,3.0,3.0,3.0,3.0,3.0,4.0,4.0,3.0,4.0,3.0,3.0,3.6,False,3.2142857142857144,False
R0187,Prosecutor,2.0,1.0,2.0,3.0,2.0,2.0,1.0,3.0,2.0,2.0,2.0,,1.0,2.0,1.0,2.0,2.0,1.5,False,1.8571428571428572,False
R0187,Judge,2.0,3.0,2.0,3.0,3.0,1.0,,2.0,2.0,2.0,1.0,1.0,2.0,2.0,1.0,2.6,1.75,1.4,False,1.9285714285714286,False
R0187,CorrectionalOfficer,2.0,1.0,1.0,2.0,1.0,3.0,2.0,2.0,3.0,3.0,2.0,1.0,,1.0,2.0,1.4,2.6,1.5,False,1.8571428571428572,False
R0188,Investigator,4.0,4.0,4.0,4.0,5.0,4.0,3.0,3.0,3.0,3.0,,4.0,3.0,3.0,3.0,4.2,3.2,3.25,False,3.5714285714285716,False
R0188,Prosecutor,3.0,3.0,,2.0,3.0,2.0,2.0,2.0,2.0,2.0,3.0,3.0,3.0,2.0,3.0,2.75,2.0,2.8,False,2.5,False
R0188,Judge,2.0,3.0,2.0,3.0,2.0,3.0,2.0,2.0,3.0,3.0,3.0,3.0,,3.0,4.0,2.4,2.6,3.25,False,2.7142857142857144,False
R0188,Advocate,2.0,4.0,3.0,2.0,3.0,2.0,4.0,3.0,2.0,2.0,3.0,3.0,4.0,3.0,3.0,2.8,2.6,3.2,False,2.8666666666666667,False
R0188,CorrectionalOfficer,1.0,2.0,2.0,2.0,1.0,1.0,3.0,3.0,2.0,3.0,4.0,3.0,3.0,3.0,4.0,1.6,2.4,3.4,False,2.466666666666667,False
R0189,Investigator,2.0,2.0,2.0,3.0,3.0,,4.0,3.0,3.0,4.0,4.0,4.0,4.0,4.0,4.0,2.4,3.5,4.0,False,3.2857142857142856,False
R0189,Prosecutor,4.0,3.0,4.0,4.0,4.0,4.0,3.0,3.0,3.0,4.0,2.0,2.0,3.0,3.0,2.0,3.8,3.4,2.4,False,3.2,False
R0189,Judge,4.0,5.0,4.0,4.0,4.0,4.0,4.0,4.0,5.0,4.0,5.0,5.0,5.0,5.0,5.0,4.2,4.2,5.0,False,4.466666666666667,False
R0189,CorrectionalOfficer,4.0,4.0,4.0,4.0,4.0,3.0,4.0,3.0,3.0,3.0,3.0,3.0,2.0,3.0,4.0,4.0,3.2,3.0,False,3.4,False
R0190,Investigator,2.0,3.0,2.0,2.0,1.0,1.0,1.0,3.0,1.0,3.0,3.0,3.0,3.0,,4.0,2.0,1.8,3.25,False,2.2857142857142856,False
R0190,Prosecutor,2.0,2.0,2.0,3.0,2.0,1.0,2.0,2.0,3.0,2.0,3.0,4.0,4.0,4.0,3.0,2.2,2.0,3.6,False,2.6,False
R0190,Judge,2.0,2.0,,3.0,2.0,2.0,2.0,3.0,2.0,2.0,2.0,2.0,2.0,1.0,2.0,2.25,2.2,1.8,False,2.0714285714285716,False
R0190,CorrectionalOfficer,4.0,3.0,2.0,4.0,3.0,1.0,2.0,2.0,2.0,1.0,1.0,2.0,2.0,2.0,2.0,3.2,1.6,1.8,False,2.2,False
R0191,Investigator,3.0,2.0,2.0,2.0,2.0,2.0,4.0,2.0,2.0,3.0,3.0,3.0,3.0,2.0,3.0,2.2,2.6,2.8,False,2.533333333333333,False
R0191,Prosecutor,2.0,2.0,2.0,1.0,2.0,2.0,2.0,2.0,2.0,1.0,3.0,2.0,3.0,2.0,3.0,1.8,1.8,2.6,False,2.066666666666667,False
R0191,Judge,1.0,2.0,2.0,2.0,1.0,1.0,2.0,2.0,2.0,2.0,3.0,2.0,2.0,2.0,2.0,1.6,1.8,2.2,False,1.8666666666666667,False
R0191,Advocate,2.0,3.0,3.0,2.0,2.0,3.0,4.0,3.0,2.0,3.0,4.0,3.0,3.0,3.0,2.0,2.4,3.0,3.0,False,2.8,False
R0191,CorrectionalOfficer,1.0,1.0,1.0,1.0,1.0,,1.0,1.0,1.0,1.0,,1.0,1.0,1.0,1.0,1.0,1.0,1.0,True,1.0,False
R0192,Investigator,4.0,3.0,2.0,2.0,4.0,3.0,2.0,2.0,3.0,2.0,2.0,3.0,3.0,3.0,3.0,3.0,2.4,2.8,False,2.7333333333333334,False
R0192,Prosecutor,3.0,,2.0,3.0,3.0,4.0,5.0,3.0,,3.0,4.0,3.0,3.0,3.0,4.0,2.75,3.75,3.4,False,3.3076923076923075,False
R0192,Judge,4.0,4.0,4.0,4.0,4.0,2.0,2.0,2.0,3.0,2.0,3.0,4.0,3.0,3.0,3.0,4.0,2.2,3.2,False,3.1333333333333333,False
R0192,Advocate,3.0,3.0,3.0,3.0,3.0,4.0,3.0,4.0,4.0,5.0,4.0,4.0,4.0,5.0,4.0,3.0,4.0,4.2,False,3.7333333333333334,False
R0192,CorrectionalOfficer,2.0,,1.0,2.0,2.0,3.0,3.0,3.0,3.0,3.0,5.0,5.0,5.0,5.0,5.0,1.75,3.0,5.0,False,3.357142857142857,False
R0193,Investigator,2.0,3.0,3.0,4.0,3.0,2.0,2.0,3.0,3.0,2.0,2.0,1.0,2.0,1.0,2.0,3.0,2.4,1.6,False,2.3333333333333335,False
R0193,Prosecutor,2.0,2.0,2.0,2.0,1.0,2.0,2.0,2.0,2.0,2.0,2.0,3.0,3.0,2.0,3.0,1.8,2.0,2.6,False,2.1333333333333333,False
R0193,Judge,4.0,3.0,3.0,3.0,2.0,2.0,2.0,2.0,,,3.0,4.0,3.0,3.0,3.0,3.0,,3.2,False,2.8461538461538463,False
R0193,CorrectionalOfficer,,2.0,2.0,2.0,2.0,3.0,4.0,4.0,2.0,4.0,2.0,3.0,3.0,3.0,3.0,2.0,3.4,2.8,False,2.7857142857142856,False
R0194,Investigator,3.0,3.0,3.0,4.0,3.0,4.0,3.0,5.0,4.0,,3.0,4.0,3.0,3.0,4.0,3.2,4.0,3.4,False,3.5,False
R0194,Prosecutor,3.0,3.0,3.0,4.0,3.0,3.0,3.0,3.0,3.0,3.0,2.0,2.0,3.0,2.0,3.0,3.2,3.0,2.4,False,2.8666666666666667,False
R0194,Judge,2.0,2.0,3.0,3.0,4.0,2.0,3.0,3.0,3.0,3.0,1.0,2.0,2.0,1.0,,2.8,2.8,1.5,False,2.4285714285714284,False
R0194,CorrectionalOfficer,4.0,4.0,4.0,5.0,4.0,4.0,4.0,4.0,4.0,4.0,3.0,2.0,2.0,2.0,4.0,4.2,4.0,2.6,False,3.6,False
R0195,Investigator,2.0,2.0,,3.0,2.0,4.0,3.0,3.0,3.0,3.0,3.0,3.0,3.0,3.0,3.0,2.25,3.2,3.0,False,2.857142857142857,False
R0195,Prosecutor,4.0,4.0,4.0,3.0,4.0,5.0,5.0,4.0,4.0,3.0,3.0,3.0,2.0,2.0,2.0,3.8,4.2,2.4,False,3.466666666666667,False
R0195,Judge,5.0,4.0,3.0,5.0,5.0,3.0,3.0,2.0,3.0,3.0,5.0,4.0,4.0,5.0,4.0,4.4,2.8,4.4,False,3.8666666666666667,False
R0195,CorrectionalOfficer,5.0,4.0,5.0,5.0,4.0,3.0,3.0,4.0,3.0,3.0,3.0,3.0,,4.0,3.0,4.6,3.2,3.25,False,3.7142857142857144,False
R0196,Investigator,2.0,1.0,2.0,2.0,2.0,4.0,2.0,,3.0,4.0,2.0,3.0,3.0,3.0,4.0,1.8,3.25,3.0,False,2.642857142857143,False
R0196,Prosecutor,2.0,2.0,1.0,2.0,1.0,2.0,2.0,3.0,3.0,3.0,3.0,3.0,2.0,3.0,4.0,1.6,2.6,3.0,False,2.4,False
R0196,Judge,3.0,3.0,2.0,2.0,2.0,3.0,3.0,3.0,3.0,3.0,3.0,3.0,4.0,3.0,5.0,2.4,3.0,3.6,False,3.0,False
R0196,CorrectionalOfficer,,2.0,2.0,3.0,2.0,2.0,3.0,2.0,2.0,2.0,2.0,1.0,1.0,2.0,1.0,2.25,2.2,1.4,False,1.9285714285714286,False
R0197,Investigator,3.0,2.0,3.0,3.0,3.0,,2.0,1.0,,3.0,3.0,3.0,2.0,,3.0,2.8,,2.75,False,2.5833333333333335,False
R0197,Prosecutor,3.0,4.0,3.0,4.0,3.0,1.0,3.0,3.0,1.0,,2.0,3.0,3.0,2.0,2.0,3.4,2.0,2.4,False,2.642857142857143,False
R0197,Judge,2.0,2.0,2.0,2.0,2.0,5.0,3.0,4.0,4.0,4.0,5.0,3.0,4.0,4.0,,2.0,4.0,4.0,False,3.2857142857142856,False
R0197,Advocate,2.0,2.0,3.0,2.0,3.0,1.0,1.0,2.0,2.0,3.0,3.0,3.0,3.0,3.0,4.0,2.4,1.8,3.2,False,2.466666666666667,False
R0197,CorrectionalOfficer,2.0,3.0,2.0,2.0,2.0,2.0,2.0,3.0,3.0,3.0,3.0,3.0,3.0,3.0,2.0,2.2,2.6,2.8,False,2.533333333333333,False
R0198,Investigator,3.0,3.0,3.0,2.0,4.0,3.0,5.0,4.0,4.0,5.0,3.0,3.0,3.0,3.0,3.0,3.0,4.2,3.0,False,3.4,False
R0198,Prosecutor,,3.0,2.0,2.0,2.0,1.0,1.0,1.0,2.0,1.0,1.0,1.0,1.0,,2.0,2.25,1.2,1.25,False,1.5384615384615385,False
R0198,Judge,1.0,2.0,2.0,1.0,1.0,4.0,3.0,3.0,2.0,3.0,3.0,2.0,3.0,2.0,2.0,1.4,3.0,2.4,False,2.2666666666666666,False
R0198,Advocate,,2.0,3.0,3.0,3.0,2.0,3.0,4.0,3.0,2.0,3.0,2.0,2.0,3.0,2.0,2.75,2.8,2.4,False,2.642857142857143,False
R0198,CorrectionalOfficer,2.0,2.0,2.0,3.0,1.0,2.0,2.0,2.0,2.0,2.0,3.0,3.0,2.0,2.0,2.0,2.0,2.0,2.4,False,2.1333333333333333,False
R0199,Investigator,4.0,4.0,4.0,3.0,3.0,3.0,3.0,3.0,3.0,2.0,2.0,2.0,3.0,3.0,2.0,3.6,2.8,2.4,False,2.933333333333333,False
R0199,Prosecutor,4.0,3.0,4.0,3.0,4.0,2.0,1.0,1.0,1.0,1.0,2.0,1.0,2.0,3.0,2.0,3.6,1.2,2.0,False,2.2666666666666666,False
R0199,Judge,4.0,3.0,3.0,3.0,4.0,2.0,3.0,3.0,3.0,2.0,1.0,3.0,3.0,3.0,4.0,3.4,2.6,2.8,False,2.933333333333333,False
R0199,CorrectionalOfficer,1.0,1.0,1.0,2.0,,1.0,2.0,1.0,2.0,2.0,1.0,1.0,1.0,2.0,2.0,1.25,1.6,1.4,False,1.4285714285714286,False
R0200,Investigator,2.0,,2.0,2.0,3.0,3.0,3.0,3.0,,3.0,2.0,2.0,3.0,3.0,2.0,2.25,3.0,2.4,False,2.5384615384615383,False
R0200,Prosecutor,3.0,3.0,2.0,3.0,4.0,2.0,3.0,2.0,3.0,3.0,4.0,5.0,3.0,4.0,5.0,3.0,2.6,4.2,False,3.2666666666666666,False
R0200,Advocate,4.0,5.0,4.0,3.0,4.0,3.0,2.0,3.0,3.0,3.0,4.0,3.0,3.0,4.0,3.0,4.0,2.8,3.4,False,3.4,False
R0200,CorrectionalOfficer,4.0,4.0,4.0,3.0,4.0,4.0,5.0,4.0,5.0,4.0,4.0,5.0,4.0,5.0,5.0,3.8,4.4,4.6,False,4.266666666666667,False
