respondent_id,VfV_overall,FCNC_overall,ID_overall,MAS_overall,ECI_overall,GR_overall,NREI_overall,VfV_Advocate,VfV_CorrectionalOfficer,VfV_Investigator,VfV_Judge,VfV_Prosecutor,NREI_Advocate,NREI_CorrectionalOfficer,NREI_Investigator,NREI_Judge,NREI_Prosecutor,IF_VfV_FCNC,IF_FCNC_ID,IF_VfV_ID,n_actors_encountered,IF_ID_Stage,T_VfV_t1,T_VfV_t2,T_VfV_t3,T_VfV_t4,Trend_VfV,MaxDrop_VfV,Var_VfV,T_FCNC_t1,T_FCNC_t2,T_FCNC_t3,T_FCNC_t4,Trend_FCNC,MaxDrop_FCNC,Var_FCNC,T_ID_t1,T_ID_t2,T_ID_t3,T_ID_t4,Trend_ID,MaxDrop_ID,Var_ID,ECV_Investigator_VfV,ECV_Investigator_FCNC,ECV_Investigator_ID,ECV_Investigator_Consistency,ECV_Judge_VfV,ECV_Judge_FCNC,ECV_Judge_ID,ECV_Judge_Consistency,ECV_Advocate_VfV,ECV_Advocate_FCNC,ECV_Advocate_ID,ECV_Advocate_Consistency,ECV_CorrectionalOfficer_VfV,ECV_CorrectionalOfficer_FCNC,ECV_CorrectionalOfficer_ID,ECV_CorrectionalOfficer_Consistency,ECV_Prosecutor_VfV,ECV_Prosecutor_FCNC,ECV_Prosecutor_ID,ECV_Prosecutor_Consistency,age,gender_encoded,education_encoded,case_type_encoded,sentence_length_months,time_served_months,institution_encoded,region_encoded
R0001,37.5,46.5625,50.9375,42.875,48.75,50.0,46.650000000000006,50.0,20.0,55.00000000000001,25.0,,58.400000000000006,39.05,46.95,42.2,,0.174609375,0.237177734375,0.19101562500000002,4,0.40750000000000003,55.00000000000001,,37.5,20.0,-35.00000000000001,35.00000000000001,17.500000000000004,40.0,,57.5,31.25,-8.75,26.25,13.365845776954533,43.75,,55.0,50.0,6.25,11.25,5.636562191028617,55.00000000000001,40.0,43.75,0.9362622560800902,25.0,50.0,44.99999999999999,0.8919876550265357,50.0,65.0,65.0,0.9292893218813453,20.0,31.25,50.0,0.8762563132923542,,,,,36.0,0,0,1,72,51,2,3
R0002,43.75,41.25,56.75,48.95,49.0,44.99999999999999,48.18000000000001,30.000000000000004,25.0,44.99999999999999,56.25,62.5,40.2,38.4,59.6,44.5,58.2,0.18046874999999998,0.23409375,0.24828125,5,0.5675,44.99999999999999,62.5,43.125,25.0,-19.999999999999993,37.5,15.32949736890722,55.00000000000001,44.99999999999999,30.625,44.99999999999999,-10.000000000000014,24.375000000000007,10.030876810295966,80.0,70.0,46.875,40.0,-40.0,40.0,18.884069289130103,44.99999999999999,55.00000000000001,80.0,0.8528039855612025,56.25,31.25,43.75,0.8979379273840342,30.000000000000004,30.000000000000004,50.0,0.9057190958417937,25.0,44.99999999999999,40.0,0.9150163414401202,62.5,44.99999999999999,70.0,0.8952516242501956,34.0,0,0,0,22,2,2,3
R0003,32.0,32.0,33.25,32.5,32.625,20.0,30.05,70.0,15.000000000000002,4.999999999999999,20.0,50.0,48.400000000000006,24.85,15.6,25.8,35.6,0.1024,0.10640000000000001,0.10640000000000001,5,0.3325,4.999999999999999,50.0,45.0,15.000000000000002,10.000000000000004,45.0,22.12653007891959,25.0,35.0,35.0,30.000000000000004,5.0000000000000036,10.0,4.78713553878169,15.000000000000002,35.0,42.5,31.25,16.25,27.5,11.608859763129193,4.999999999999999,25.0,15.000000000000002,0.9183503419072274,20.0,40.0,25.0,0.9150163414401202,70.0,30.000000000000004,60.0,0.8300326828802406,15.000000000000002,30.000000000000004,31.25,0.9261664785555443,50.0,35.0,35.0,0.9292893218813453,37.0,0,3,0,21,2,2,3
R0004,56.0,56.0,64.0,59.2,60.0,60.0,59.68000000000001,35.0,75.0,50.0,50.0,70.0,57.0,65.8,51.2,59.6,64.8,0.31360000000000005,0.35840000000000005,0.35840000000000005,5,0.64,50.0,70.0,42.5,75.0,25.0,32.5,15.595806060177418,55.00000000000001,44.99999999999999,72.5,35.0,-20.000000000000007,37.5,15.991534218662908,44.99999999999999,75.0,60.0,80.0,35.00000000000001,35.00000000000001,15.8113883008419,50.0,55.00000000000001,44.99999999999999,0.9591751709536136,50.0,70.0,60.0,0.9183503419072274,35.0,75.0,60.0,0.8350084177231389,75.0,35.0,80.0,0.7986159004400905,70.0,44.99999999999999,75.0,0.8687665354331364,22.0,0,2,1,57,18,6,4
R0005,38.0,48.0,52.0,43.6,50.0,20.0,41.44,25.0,44.99999999999999,25.0,60.0,35.0,26.0,47.400000000000006,23.0,65.0,45.8,0.1824,0.2496,0.1976,5,0.52,25.0,35.0,42.5,44.99999999999999,19.999999999999993,19.999999999999993,8.984941105353258,20.0,50.0,57.5,55.00000000000001,35.00000000000001,37.5,17.365554986812256,25.0,65.0,55.00000000000001,60.0,35.0,40.0,17.969882210706523,25.0,20.0,25.0,0.9764297739604484,60.0,80.0,85.00000000000001,0.8919876550265357,25.0,35.0,25.0,0.9528595479208969,44.99999999999999,55.00000000000001,60.0,0.9376390435537676,35.0,50.0,65.0,0.8775255128608411,26.0,0,0,1,7,5,4,2
R0006,28.0,28.0,32.75,29.9,30.375,25.0,29.11,30.000000000000004,44.99999999999999,9.999999999999998,0.0,55.00000000000001,32.8,40.0,15.8,12.75,44.2,0.07840000000000001,0.09170000000000002,0.09170000000000002,5,0.3275,9.999999999999998,55.00000000000001,15.000000000000002,44.99999999999999,34.99999999999999,45.00000000000001,22.126530078919593,15.000000000000002,40.0,22.5,40.0,25.0,25.0,12.644992421244599,15.000000000000002,50.0,26.875,44.99999999999999,29.999999999999993,35.0,16.21289835028477,9.999999999999998,15.000000000000002,15.000000000000002,0.9764297739604484,0.0,4.999999999999999,18.75,0.9207237600398315,30.000000000000004,40.0,35.0,0.9591751709536137,44.99999999999999,40.0,44.99999999999999,0.9764297739604485,55.00000000000001,40.0,50.0,0.9376390435537676,47.0,0,2,4,14,2,0,0
R0007,48.75,35.0,38.0,44.45,36.5,55.00000000000001,43.38,25.0,43.75,44.99999999999999,70.0,60.0,18.800000000000004,48.7,35.800000000000004,55.0,58.6,0.170625,0.13299999999999998,0.18525,5,0.38,44.99999999999999,60.0,47.5,43.75,-1.249999999999993,16.25,7.456470903405535,25.0,40.0,27.500000000000004,55.00000000000001,30.000000000000007,30.000000000000007,13.750000000000004,25.0,70.0,24.999999999999996,44.99999999999999,19.999999999999993,45.0,21.360009363293827,44.99999999999999,25.0,25.0,0.9057190958417937,70.0,55.00000000000001,44.99999999999999,0.8972597666171838,25.0,0.0,4.999999999999999,0.8919876550265357,43.75,55.00000000000001,44.99999999999999,0.9496539751100226,60.0,40.0,70.0,0.8752780871075353,31.0,0,2,1,17,7,6,4
R0008,60.25,55.0,57.0,58.95,56.0,43.75,54.73,56.25,75.0,60.0,50.0,60.0,49.25,49.35,53.35,64.35,57.35,0.33137500000000003,0.3135,0.343425,5,0.57,60.0,60.0,53.125,75.0,15.0,21.875,9.233304189183848,70.0,44.99999999999999,55.0,50.0,-20.0,25.000000000000007,10.801234497346435,44.99999999999999,70.0,67.5,35.0,-9.999999999999993,35.0,17.123935490028764,60.0,70.0,44.99999999999999,0.8972597666171838,50.0,65.0,85.00000000000001,0.8566279122159561,56.25,44.99999999999999,50.0,0.9539776624283864,75.0,50.0,35.0,0.8350084177231389,60.0,44.99999999999999,70.0,0.8972597666171838,42.0,0,0,4,63,49,2,3
R0009,63.000000000000014,58.75,60.0,61.8,59.375,30.000000000000004,54.47,85.00000000000001,30.000000000000004,65.0,55.00000000000001,80.0,54.55,43.0,67.8,41.8,65.2,0.3701250000000001,0.3525,0.37800000000000006,5,0.6,65.0,80.0,70.00000000000001,30.000000000000004,-35.0,50.0,21.746647251166483,60.0,65.0,59.375,50.0,-10.0,15.0,6.257807623281495,95.0,75.0,37.5,55.00000000000001,-39.99999999999999,57.5,24.864214579726152,65.0,60.0,95.0,0.8454396917417383,55.00000000000001,50.0,35.0,0.9150163414401202,85.00000000000001,68.75,40.0,0.8139407203186158,30.000000000000004,50.0,55.00000000000001,0.8919876550265357,80.0,65.0,75.0,0.9376390435537676,24.0,0,2,1,25,2,5,0
R0010,46.75,55.0,48.75,47.55,51.875,25.0,44.77,50.0,40.0,50.0,43.75,50.0,45.75,55.8,49.400000000000006,38.1,34.8,0.25712500000000005,0.268125,0.22790625,5,0.4875,50.0,50.0,46.875,40.0,-10.0,10.0,4.715195957398448,44.99999999999999,35.0,57.5,80.0,35.00000000000001,45.0,19.40521837032503,65.0,30.000000000000004,39.375,70.0,5.0,40.0,19.434552295246387,50.0,44.99999999999999,65.0,0.9150163414401202,43.75,50.0,35.0,0.9384799039156941,50.0,65.0,43.75,0.9108294393373637,40.0,80.0,70.0,0.8300326828802405,50.0,35.0,30.000000000000004,0.9150163414401202,19.0,0,0,2,10,9,2,3
R0011,81.0,67.0,87.0,83.4,77.0,87.5,81.66000000000001,100.0,55.00000000000001,70.0,85.00000000000001,95.0,96.5,59.7,75.5,87.1,89.5,0.5427000000000001,0.5829000000000001,0.7047,5,0.87,70.0,95.0,92.5,55.00000000000001,-14.999999999999993,39.99999999999999,19.08042190309218,35.0,75.0,85.0,55.00000000000001,20.000000000000007,50.0,22.173557826083453,95.0,95.0,97.5,50.0,-45.0,47.5,22.946949688357275,70.0,35.0,95.0,0.7539196156627767,85.00000000000001,75.0,95.0,0.9183503419072274,100.0,95.0,100.0,0.9764297739604484,55.00000000000001,55.00000000000001,50.0,0.9764297739604484,95.0,75.0,95.0,0.9057190958417937,19.0,0,0,4,27,14,5,0
R0012,48.75,44.0,38.0,44.45,41.0,25.0,39.18000000000001,68.75,25.0,25.0,44.99999999999999,80.0,50.5,23.4,38.2,32.8,51.0,0.2145,0.16720000000000002,0.18525,5,0.38,25.0,80.0,56.875,25.0,0.0,55.0,26.796761114918347,55.00000000000001,35.0,47.5,35.0,-20.000000000000007,20.000000000000007,9.868932735272512,44.99999999999999,55.00000000000001,37.5,15.000000000000002,-29.999999999999993,40.00000000000001,17.001838135919307,25.0,55.00000000000001,44.99999999999999,0.8752780871075353,44.99999999999999,40.0,25.0,0.9150163414401202,68.75,55.00000000000001,50.0,0.9207237600398315,25.0,35.0,15.000000000000002,0.9183503419072274,80.0,35.0,55.00000000000001,0.8159106497135457,,0,0,4,9,2,5,0
R0013,54.25,57.5,35.0,46.55,46.25,75.0,52.120000000000005,70.0,56.25,75.0,35.0,35.0,47.2,55.7,58.6,50.2,48.900000000000006,0.3119375,0.20124999999999998,0.189875,5,0.35,75.0,35.0,52.5,56.25,-18.75,40.0,16.40550593550836,65.0,37.5,65.0,55.00000000000001,-9.999999999999993,27.5,12.970318680227816,35.0,50.0,22.500000000000004,44.99999999999999,9.999999999999993,27.499999999999996,12.140668570277885,75.0,65.0,35.0,0.8300326828802405,35.0,80.0,30.000000000000004,0.7751543739461326,70.0,50.0,15.000000000000002,0.7726969717169024,56.25,55.00000000000001,44.99999999999999,0.9496539751100226,35.0,37.5,50.0,0.9343832677165682,22.0,0,2,0,10,1,5,0
R0014,55.0,53.75,36.66666666666666,47.66666666666666,45.208333333333336,44.99999999999999,46.150000000000006,,65.0,40.0,60.0,,,50.0,37.05,51.400000000000006,,0.295625,0.19708333333333328,0.20166666666666663,3,0.21999999999999995,40.0,,60.0,65.0,25.0,25.0,13.228756555322953,56.25,,50.0,55.00000000000001,-1.249999999999993,6.25,3.3071891388307395,20.0,,50.0,40.0,20.0,30.0,15.275252316519467,40.0,56.25,20.0,0.8517462760445234,60.0,50.0,50.0,0.9528595479208968,,,,,65.0,55.00000000000001,40.0,0.8972597666171838,,,,,41.0,0,3,2,46,20,6,4
R0015,50.0,40.0,42.1875,46.875,41.09375,85.00000000000001,52.1875,,50.0,40.0,35.0,75.0,,54.80000000000001,46.0,53.150000000000006,54.8,0.2,0.16875,0.2109375,4,0.3375,40.0,75.0,35.0,50.0,10.0,40.0,17.795130420052185,25.0,44.99999999999999,60.0,30.000000000000004,5.0000000000000036,35.0,15.811388300841896,40.0,30.000000000000004,43.75,55.00000000000001,15.000000000000007,25.000000000000004,10.326694776161442,40.0,25.0,40.0,0.9292893218813453,35.0,60.0,43.75,0.8964183092111996,,,,,50.0,30.000000000000004,55.00000000000001,0.8919876550265357,75.0,44.99999999999999,30.000000000000004,0.8129171306613029,45.0,0,2,2,6,2,0,0
R0016,92.5,93.75,95.9375,93.875,94.84375,65.0,88.48750000000001,95.0,100.0,100.0,75.0,,86.19999999999999,93.0,93.0,81.75,,0.8671875,0.8994140625,0.887421875,4,0.7675000000000001,100.0,,85.0,100.0,0.0,15.0,8.660254037844387,100.0,,87.5,100.0,0.0,12.5,7.216878364870322,100.0,,91.875,100.0,0.0,8.125,4.69097093716571,100.0,100.0,100.0,1.0,75.0,85.00000000000001,93.75,0.9233967653714573,95.0,89.99999999999999,89.99999999999999,0.9764297739604484,100.0,100.0,100.0,1.0,,,,,34.0,0,1,1,53,33,6,4
R0017,30.0,48.0,53.0,39.2,50.5,65.0,48.88,20.0,20.0,35.0,25.0,50.0,46.8,42.6,53.8,48.0,53.2,0.144,0.2544,0.159,5,0.53,35.0,50.0,22.5,20.0,-15.0,30.0,13.75,44.99999999999999,60.0,55.00000000000001,25.0,-19.999999999999993,35.0,15.47847968417226,65.0,44.99999999999999,50.0,55.00000000000001,-9.999999999999993,20.000000000000007,8.539125638299668,35.0,44.99999999999999,65.0,0.8752780871075353,25.0,55.00000000000001,50.0,0.8687665354331364,20.0,55.00000000000001,50.0,0.8454396917417383,20.0,25.0,55.00000000000001,0.8454396917417382,50.0,60.0,44.99999999999999,0.9376390435537676,40.0,0,3,2,67,61,0,0
R0018,77.5,73.75,71.25,75.0,75.20833333333333,25.0,65.08333333333333,,44.99999999999999,75.0,89.99999999999999,100.0,,52.2,68.2,72.05000000000001,,0.5715625000000001,0.52546875,0.5521875,4,0.5700000000000001,75.0,100.0,89.99999999999999,44.99999999999999,-30.000000000000007,55.00000000000001,23.979157616563597,100.0,,56.25,65.0,-35.0,43.75,23.15032397181517,70.0,55.00000000000001,95.0,65.0,-5.0,39.99999999999999,17.01714821388511,75.0,100.0,70.0,0.8687665354331365,89.99999999999999,56.25,95.0,0.8279010297661384,,,,,44.99999999999999,65.0,65.0,0.9057190958417937,100.0,,55.00000000000001,,39.0,0,1,3,12,9,3,1
R0019,71.0,82.25,74.5,72.4,78.375,68.75,74.06,65.0,80.0,65.0,65.0,80.0,79.55,78.95,64.95,66.15,80.7,0.583975,0.6127625,0.5289499999999999,5,0.745,65.0,80.0,65.0,80.0,15.0,15.0,8.660254037844387,70.0,81.25,82.5,95.0,25.0,25.0,10.225325993173355,60.0,87.5,75.0,75.0,15.0,27.5,11.25,65.0,70.0,60.0,0.9591751709536137,65.0,85.00000000000001,55.00000000000001,0.8752780871075352,65.0,80.0,95.0,0.8775255128608411,80.0,95.0,75.0,0.9150163414401202,80.0,81.25,87.5,0.9671916338582841,21.0,0,0,0,8,3,4,2
R0020,63.75,67.5,56.25,60.75,61.875,60.0,61.05,,75.0,50.0,65.0,65.0,,73.4,52.8,55.6,62.400000000000006,0.4303125,0.3796875,0.35859375,4,0.45,50.0,65.0,65.0,75.0,25.0,25.0,10.307764064044152,44.99999999999999,75.0,50.0,100.0,55.00000000000001,55.00000000000001,25.33114025595111,55.00000000000001,55.00000000000001,50.0,65.0,9.999999999999993,15.0,6.291528696058957,50.0,44.99999999999999,55.00000000000001,0.9591751709536136,65.0,50.0,50.0,0.9292893218813453,,,,,75.0,100.0,65.0,0.8528039855612025,65.0,75.0,55.00000000000001,0.9183503419072274,23.0,0,3,3,20,9,2,3
R0021,21.5625,37.5,28.75,24.4375,33.125,89.99999999999999,41.02499999999999,,6.25,35.0,9.999999999999998,35.0,,43.7,48.6,24.4,47.39999999999999,0.08085937500000001,0.10781249999999999,0.0619921875,4,0.22999999999999998,35.0,35.0,9.999999999999998,6.25,-28.75,28.75,15.591631035056382,30.000000000000004,60.0,20.0,40.0,9.999999999999996,40.0,17.07825127659933,44.99999999999999,25.0,0.0,44.99999999999999,0.0,44.99999999999999,21.360009363293823,35.0,30.000000000000004,44.99999999999999,0.9376390435537677,9.999999999999998,20.0,0.0,0.9183503419072274,,,,,6.25,40.0,44.99999999999999,0.8279010297661384,35.0,60.0,25.0,0.8528039855612025,32.0,0,1,4,7,6,4,2
R0022,30.3125,27.1875,41.25,34.6875,34.21875,40.0,35.5625,,6.25,50.0,15.000000000000002,50.0,,39.85,41.0,29.8,31.6,0.08241210937499999,0.11214843749999999,0.1250390625,4,0.33,50.0,50.0,15.000000000000002,6.25,-43.75,43.75,23.012111847170104,15.000000000000002,40.0,9.999999999999998,43.75,28.75,33.75,17.150528417515304,50.0,9.999999999999998,44.99999999999999,60.0,10.0,50.0,21.746647251166483,50.0,15.000000000000002,50.0,0.8350084177231389,15.000000000000002,9.999999999999998,44.99999999999999,0.8454396917417383,,,,,6.25,43.75,60.0,0.7749228527321749,50.0,40.0,9.999999999999998,0.8300326828802405,38.0,0,0,2,13,2,6,4
R0023,68.0,52.25,54.5,62.6,53.375,20.0,50.39,89.99999999999999,80.0,60.0,75.0,35.0,71.4,62.150000000000006,37.0,48.0,33.400000000000006,0.3553,0.2847625,0.37060000000000004,5,0.545,60.0,35.0,82.5,80.0,20.0,47.5,22.020350436206353,30.000000000000004,15.000000000000002,73.75,68.75,38.75,58.75,28.87653314833113,35.0,50.0,58.75,70.0,35.0,35.0,14.768173832039402,60.0,30.000000000000004,35.0,0.8687665354331365,75.0,62.5,37.5,0.8440976088844191,89.99999999999999,85.00000000000001,80.0,0.9591751709536137,80.0,68.75,70.0,0.9496539751100226,35.0,15.000000000000002,50.0,0.8566279122159562,50.0,0,1,1,32,18,4,2
R0024,31.25,18.4375,39.0625,34.375,28.75,35.0,32.25,,44.99999999999999,25.0,15.000000000000002,40.0,,46.35,22.0,28.8,31.85,0.0576171875,0.072021484375,0.1220703125,4,0.3125,25.0,40.0,15.000000000000002,44.99999999999999,19.999999999999993,29.999999999999993,13.768926368215253,0.0,20.0,9.999999999999998,43.75,43.75,43.75,18.74652745621617,25.0,31.25,44.99999999999999,55.00000000000001,30.000000000000007,30.000000000000007,13.51600131942383,25.0,0.0,25.0,0.882148869802242,15.000000000000002,9.999999999999998,44.99999999999999,0.8454396917417383,,,,,44.99999999999999,43.75,55.00000000000001,0.9496539751100226,40.0,20.0,31.25,0.9181379887317146,30.0,0,2,3,12,7,4,2
R0025,32.5,44.0,28.0,30.7,36.0,56.25,37.93,30.000000000000004,31.25,50.0,44.99999999999999,6.25,47.45,24.35,47.05,44.650000000000006,26.15,0.14300000000000002,0.12320000000000002,0.09100000000000001,5,0.28,50.0,6.25,37.5,31.25,-18.75,43.75,18.39950180484968,65.0,40.0,52.5,9.999999999999998,-55.0,55.0,23.573908599692725,30.000000000000004,15.000000000000002,42.5,9.999999999999998,-20.000000000000007,32.5,14.772581584363197,50.0,65.0,30.000000000000004,0.8566279122159562,44.99999999999999,50.0,35.0,0.9376390435537677,30.000000000000004,55.00000000000001,50.0,0.8919876550265357,31.25,9.999999999999998,9.999999999999998,0.8998265393319058,6.25,40.0,15.000000000000002,0.856991647485579,43.0,0,0,1,48,30,3,1
R0026,47.5,49.583333333333336,43.75,46.0,46.458333333333336,55.00000000000001,47.98333333333333,55.00000000000001,40.0,50.0,44.99999999999999,,,51.8,49.75,40.400000000000006,,0.23552083333333332,0.21692708333333333,0.20781249999999998,4,0.35000000000000003,50.0,,50.0,40.0,-10.0,10.0,5.773502691896258,43.75,,30.000000000000004,75.0,31.25,45.0,23.060156836702852,50.0,,40.0,44.99999999999999,-5.000000000000007,10.0,5.0,50.0,43.75,50.0,0.9705372174505605,44.99999999999999,30.000000000000004,35.0,0.9376390435537677,55.00000000000001,,44.99999999999999,,40.0,75.0,44.99999999999999,0.8454396917417383,,,,,28.0,0,2,1,44,5,4,2
R0027,67.25,71.0,60.0,64.35,65.5,85.00000000000001,68.94,75.0,60.0,65.0,80.0,56.25,66.0,64.0,72.4,72.60000000000001,69.7,0.477475,0.426,0.40349999999999997,5,0.6,65.0,56.25,77.5,60.0,-5.0,21.25,9.263222531423212,100.0,70.0,65.0,55.00000000000001,-44.99999999999999,44.99999999999999,19.364916731037084,55.00000000000001,70.0,57.5,60.0,4.999999999999993,14.999999999999993,6.574889099191456,65.0,100.0,55.00000000000001,0.8070693849534962,80.0,65.0,65.0,0.9292893218813453,75.0,65.0,50.0,0.8972597666171838,60.0,55.00000000000001,60.0,0.9764297739604485,56.25,70.0,70.0,0.9351818783912331,28.0,0,3,1,111,50,6,4
R0028,27.75,30.0,39.0,32.25,34.5,25.0,31.700000000000003,44.99999999999999,30.000000000000004,30.000000000000004,18.75,15.000000000000002,49.2,26.0,33.4,24.3,25.6,0.08325,0.11699999999999999,0.10822500000000002,5,0.39,30.000000000000004,15.000000000000002,31.874999999999996,30.000000000000004,0.0,16.874999999999993,7.862341015880703,25.0,40.0,35.0,15.000000000000002,-9.999999999999998,25.0,11.086778913041725,44.99999999999999,25.0,47.5,30.000000000000004,-14.99999999999999,22.5,11.063265039459791,30.000000000000004,25.0,44.99999999999999,0.9150163414401202,18.75,20.0,30.000000000000004,0.9496539751100226,44.99999999999999,50.0,65.0,0.9150163414401202,30.000000000000004,15.000000000000002,30.000000000000004,0.9292893218813453,15.000000000000002,40.0,25.0,0.8972597666171838,31.0,0,3,0,42,15,2,3
R0029,46.0,48.0,53.0,48.8,50.5,80.0,55.72,40.0,25.0,40.0,60.0,65.0,59.400000000000006,50.8,40.2,71.6,56.6,0.2208,0.2544,0.24380000000000002,5,0.53,40.0,65.0,50.0,25.0,-15.0,40.0,16.832508230603462,9.999999999999998,35.0,75.0,44.99999999999999,34.99999999999999,65.0,26.88710967483613,35.0,50.0,62.5,55.00000000000001,20.000000000000007,27.5,11.614466553971962,40.0,9.999999999999998,35.0,0.8687665354331364,60.0,80.0,70.0,0.9183503419072274,40.0,70.0,55.00000000000001,0.8775255128608411,25.0,44.99999999999999,55.00000000000001,0.8752780871075353,65.0,35.0,50.0,0.8775255128608411,53.0,0,3,2,3,1,3,1
R0030,13.75,32.5,22.5,17.25,27.5,70.0,31.9,,15.000000000000002,4.999999999999999,35.0,0.0,,27.4,36.4,42.0,21.8,0.044687500000000005,0.07312500000000001,0.030937500000000003,4,0.18000000000000002,4.999999999999999,0.0,35.0,15.000000000000002,10.000000000000004,35.0,15.478479684172259,25.0,30.000000000000004,35.0,40.0,15.0,15.0,6.454972243679028,44.99999999999999,4.999999999999999,35.0,4.999999999999999,-39.99999999999999,39.99999999999999,20.6155281280883,4.999999999999999,25.0,44.99999999999999,0.8367006838144548,35.0,35.0,35.0,1.0,,,,,15.000000000000002,40.0,4.999999999999999,0.8528039855612025,0.0,30.000000000000004,4.999999999999999,0.8687665354331364,44.0,1,3,0,41,28,3,1
R0031,57.1875,52.1875,60.9375,58.6875,56.5625,31.25,52.35,60.0,70.0,68.75,,30.000000000000004,54.05,53.400000000000006,52.5,,49.45,0.298447265625,0.318017578125,0.348486328125,4,0.48750000000000004,68.75,30.000000000000004,60.0,70.0,1.25,40.0,18.66299256996762,70.0,44.99999999999999,50.0,43.75,-26.25,26.25,12.178148121396237,43.75,75.0,65.0,60.0,16.25,31.25,13.045393503711058,68.75,70.0,43.75,0.8790948489287758,,,,,60.0,50.0,65.0,0.9376390435537676,70.0,43.75,60.0,0.8918270417854403,30.000000000000004,44.99999999999999,75.0,0.8129171306613029,30.0,0,2,0,6,2,6,4
R0032,55.0,50.25,46.0,51.4,48.125,50.0,49.81,25.0,60.0,50.0,60.0,80.0,46.35,56.7,38.0,41.400000000000006,66.6,0.276375,0.23115,0.25300000000000006,5,0.46,50.0,80.0,42.5,60.0,10.0,37.5,16.25,35.0,70.0,41.875,62.5,27.5,35.0,16.586068137144498,25.0,65.0,42.5,55.00000000000001,30.000000000000007,40.0,17.245168405479067,50.0,35.0,25.0,0.8972597666171838,60.0,40.0,25.0,0.8566279122159562,25.0,43.75,60.0,0.856991647485579,60.0,62.5,55.00000000000001,0.9688195217768839,80.0,70.0,65.0,0.9376390435537676,34.0,0,0,1,13,10,0,0
R0033,70.0,75.0,76.25,72.5,75.625,40.0,67.25,,100.0,65.0,75.0,40.0,,77.2,64.4,73.4,54.0,0.5249999999999999,0.5718749999999999,0.53375,4,0.61,65.0,40.0,75.0,100.0,35.0,60.0,24.8327740429189,60.0,65.0,75.0,100.0,40.0,40.0,17.795130420052185,80.0,65.0,89.99999999999999,70.0,-10.0,24.999999999999986,11.08677891304172,65.0,60.0,80.0,0.9150163414401202,75.0,75.0,89.99999999999999,0.9292893218813453,,,,,100.0,100.0,70.0,0.8585786437626906,40.0,65.0,65.0,0.882148869802242,35.0,1,0,0,28,11,5,0
R0034,55.0,26.666666666666668,25.83333333333333,43.333333333333336,26.25,40.0,35.833333333333336,,50.0,55.00000000000001,,60.0,,37.0,28.6,,41.900000000000006,0.14666666666666667,0.06888888888888887,0.14208333333333334,3,0.15499999999999997,55.00000000000001,60.0,,50.0,-5.000000000000007,10.0,5.0,9.999999999999998,30.000000000000004,,40.0,30.0,30.0,15.27525231651947,15.000000000000002,37.5,,25.0,9.999999999999998,22.5,11.273124382057235,55.00000000000001,9.999999999999998,15.000000000000002,0.7986159004400905,,,,,,,,,50.0,40.0,25.0,0.8972597666171838,60.0,30.000000000000004,37.5,0.8725245121601803,19.0,0,2,1,3,2,2,3
R0035,54.75,66.75,61.0,57.25,63.875,37.5,55.95,50.0,75.0,50.0,43.75,55.00000000000001,52.900000000000006,60.85,52.1,50.0,63.900000000000006,0.36545625,0.40717499999999995,0.33397499999999997,5,0.61,50.0,55.00000000000001,46.875,75.0,25.0,28.125,12.638555016957701,55.00000000000001,89.99999999999999,60.0,68.75,13.749999999999993,34.99999999999998,15.457434834624612,60.0,70.0,57.5,60.0,0.0,12.5,5.543389456520863,50.0,55.00000000000001,60.0,0.9591751709536137,43.75,70.0,50.0,0.88804142631213,50.0,50.0,65.0,0.9292893218813453,75.0,68.75,60.0,0.9384799039156941,55.00000000000001,89.99999999999999,70.0,0.8566279122159564,23.0,0,1,2,50,28,1,1
R0036,46.0,33.5,51.5,48.2,42.5,50.0,46.28,40.0,35.0,80.0,20.0,55.00000000000001,48.6,46.6,63.2,26.3,46.7,0.15410000000000001,0.172525,0.23690000000000003,5,0.515,80.0,55.00000000000001,30.0,35.0,-45.0,50.0,22.73030282830976,35.0,50.0,33.75,15.000000000000002,-20.0,35.0,14.33872233964147,75.0,37.5,37.5,70.0,-5.0,37.5,20.310096011589902,80.0,35.0,75.0,0.7986159004400905,20.0,12.5,25.0,0.9486298833085919,40.0,55.00000000000001,50.0,0.9376390435537676,35.0,15.000000000000002,70.0,0.7726969717169024,55.00000000000001,50.0,37.5,0.9264019927806013,35.0,0,2,4,3,1,5,0
R0037,58.0,53.0,55.0,56.8,54.0,50.0,54.32,70.0,55.00000000000001,70.0,50.0,44.99999999999999,64.2,57.400000000000006,64.0,48.2,37.8,0.3074,0.29150000000000004,0.319,5,0.55,70.0,44.99999999999999,60.0,55.00000000000001,-14.999999999999993,25.000000000000007,10.408329997330666,60.0,40.0,60.0,44.99999999999999,-15.000000000000007,20.0,10.307764064044154,70.0,25.0,55.0,70.0,0.0,45.0,21.213203435596427,70.0,60.0,70.0,0.9528595479208969,50.0,50.0,44.99999999999999,0.9764297739604484,70.0,70.0,65.0,0.9764297739604484,55.00000000000001,44.99999999999999,70.0,0.8972597666171838,44.99999999999999,40.0,25.0,0.9150163414401202,38.0,0,1,3,7,1,5,0
R0038,48.75,58.75,58.4375,52.625,58.59375,80.0,60.4875,,60.0,50.0,44.99999999999999,40.0,,75.2,56.0,53.55,57.2,0.28640625000000003,0.3433203125,0.28488281249999997,4,0.4675,50.0,40.0,44.99999999999999,60.0,10.0,20.0,8.539125638299666,50.0,50.0,55.00000000000001,80.0,30.0,30.0,14.361406616345072,50.0,60.0,43.75,80.0,30.0,36.25,15.856616652573356,50.0,50.0,50.0,1.0,44.99999999999999,55.00000000000001,43.75,0.9496539751100226,,,,,60.0,80.0,80.0,0.9057190958417937,40.0,50.0,60.0,0.9183503419072274,30.0,0,1,3,23,16,4,2
R0039,32.5,40.0,30.625000000000004,31.75,35.3125,50.0,36.825,55.00000000000001,9.999999999999998,40.0,25.0,,43.6,21.8,40.1,41.8,,0.13,0.12250000000000001,0.09953125000000002,4,0.24500000000000002,40.0,,40.0,9.999999999999998,-30.0,30.0,17.320508075688775,35.0,,52.5,20.0,-15.0,32.5,16.26601774661928,37.5,,35.00000000000001,15.000000000000002,-22.5,22.5,12.33220715579062,40.0,35.0,37.5,0.9795875854768068,25.0,30.000000000000004,55.00000000000001,0.8687665354331364,55.00000000000001,75.0,15.000000000000002,0.7505561742150706,9.999999999999998,20.0,15.000000000000002,0.9591751709536137,,,,,19.0,0,2,3,14,12,0,0
R0040,28.0,21.0,18.75,24.3,19.875,44.99999999999999,26.67,35.0,4.999999999999999,44.99999999999999,4.999999999999999,50.0,22.4,17.599999999999998,32.8,27.8,32.75,0.058800000000000005,0.039375,0.052500000000000005,5,0.1875,44.99999999999999,50.0,20.0,4.999999999999999,-39.99999999999999,45.0,21.213203435596423,20.0,25.0,25.0,9.999999999999998,-10.000000000000002,15.000000000000002,7.071067811865476,25.0,18.75,17.5,15.000000000000002,-9.999999999999998,9.999999999999998,4.254287053471278,44.99999999999999,20.0,25.0,0.8919876550265358,4.999999999999999,25.0,35.0,0.8752780871075353,35.0,25.0,0.0,0.8528039855612025,4.999999999999999,9.999999999999998,15.000000000000002,0.9591751709536137,50.0,25.0,18.75,0.8649845687831695,38.0,0,2,4,5,2,4,2
R0041,95.5,85.0,93.75,94.8,89.375,50.0,83.67,89.99999999999999,100.0,100.0,100.0,87.5,78.35,89.0,83.0,88.2,79.80000000000001,0.81175,0.796875,0.8953125,5,0.9375,100.0,87.5,95.0,100.0,0.0,12.5,5.907269532815761,65.0,100.0,82.5,95.0,30.0,35.0,15.595806060177418,100.0,80.0,94.375,100.0,0.0,20.0,9.44246558108633,100.0,65.0,100.0,0.8350084177231389,100.0,100.0,95.0,0.9764297739604484,89.99999999999999,65.0,93.75,0.8723883930740537,100.0,95.0,100.0,0.9764297739604484,87.5,100.0,80.0,0.9175042088615695,37.0,0,2,3,49,26,6,4
R0042,65.5,63.75,74.0,68.9,68.875,12.5,57.61,50.0,60.0,68.75,80.0,68.75,49.900000000000006,39.900000000000006,66.55,69.1,62.6,0.4175625,0.47174999999999995,0.4847,5,0.74,68.75,68.75,65.0,60.0,-8.75,8.75,4.14578098794425,93.75,65.0,67.5,25.0,-68.75,68.75,28.364719136044105,80.0,85.00000000000001,77.5,50.0,-30.0,35.000000000000014,15.7288217401474,68.75,93.75,80.0,0.8977679654467892,80.0,75.0,89.99999999999999,0.9376390435537677,50.0,60.0,65.0,0.9376390435537676,60.0,25.0,50.0,0.8528039855612025,68.75,65.0,85.00000000000001,0.913197222266668,51.0,0,0,1,9,1,4,2
R0043,7.25,19.75,18.0,11.55,18.875,65.0,25.17,0.0,6.25,20.0,4.999999999999999,4.999999999999999,34.4,14.5,35.8,26.95,14.2,0.01431875,0.03555,0.013049999999999999,5,0.18,20.0,4.999999999999999,2.4999999999999996,6.25,-13.75,17.5,7.864410870073698,44.99999999999999,0.0,26.875,0.0,-44.99999999999999,44.99999999999999,22.028479435721383,25.0,0.0,32.5,0.0,-25.0,32.5,16.878857583774245,20.0,44.99999999999999,25.0,0.8919876550265358,4.999999999999999,18.75,25.0,0.9164585931009858,0.0,35.0,40.0,0.8220486957994781,6.25,0.0,0.0,0.9705372174505605,4.999999999999999,0.0,0.0,0.9764297739604484,25.0,0,2,0,11,5,1,1
R0044,26.0,15.0,19.0,23.2,17.0,40.0,24.08,20.0,9.999999999999998,30.000000000000004,35.0,35.0,24.0,12.2,31.0,27.4,25.8,0.039,0.028499999999999998,0.0494,5,0.19,30.000000000000004,35.0,27.5,9.999999999999998,-20.000000000000007,25.0,10.873323625583241,25.0,20.0,15.0,0.0,-25.0,25.0,10.801234497346433,30.000000000000004,15.000000000000002,22.5,4.999999999999999,-25.000000000000004,25.000000000000004,10.680004681646915,30.000000000000004,25.0,30.000000000000004,0.9764297739604484,35.0,9.999999999999998,25.0,0.8972597666171838,20.0,20.0,20.0,1.0,9.999999999999998,0.0,4.999999999999999,0.9591751709536137,35.0,20.0,15.000000000000002,0.9150163414401202,27.0,0,2,0,9,2,3,1
R0045,33.0,18.0,9.0,23.4,13.5,35.0,21.76,40.0,20.0,55.00000000000001,25.0,25.0,21.4,15.6,20.200000000000003,31.8,19.8,0.0594,0.0162,0.0297,5,0.09,55.00000000000001,25.0,32.5,20.0,-35.00000000000001,35.00000000000001,15.46164609606623,0.0,25.0,27.5,9.999999999999998,9.999999999999998,27.5,12.970318680227816,0.0,4.999999999999999,17.5,4.999999999999999,4.999999999999999,17.5,7.465197027987049,55.00000000000001,0.0,0.0,0.7407275135649325,25.0,40.0,30.000000000000004,0.9376390435537676,40.0,15.000000000000002,4.999999999999999,0.8528039855612025,20.0,9.999999999999998,4.999999999999999,0.9376390435537676,25.0,25.0,4.999999999999999,0.9057190958417937,27.0,0,2,3,32,14,3,1
R0046,32.0,41.0,44.75,37.1,42.875,25.0,36.99,20.0,55.00000000000001,44.99999999999999,15.000000000000002,25.0,37.2,49.0,32.55,26.200000000000003,40.0,0.13119999999999998,0.183475,0.1432,5,0.4475,44.99999999999999,25.0,17.5,55.00000000000001,10.000000000000014,37.50000000000001,17.365554986812256,4.999999999999999,55.00000000000001,45.0,55.00000000000001,50.00000000000001,50.00000000000001,23.80476142847617,43.75,50.0,37.5,55.00000000000001,11.250000000000007,17.500000000000007,7.59488588898258,44.99999999999999,4.999999999999999,43.75,0.8143143337070234,15.000000000000002,25.0,35.0,0.9183503419072274,20.0,65.0,40.0,0.8159106497135457,55.00000000000001,55.00000000000001,55.00000000000001,1.0,25.0,55.00000000000001,50.0,0.8687665354331364,35.0,0,0,2,3,2,6,4
R0047,40.0,43.75,47.5,43.0,45.625,50.0,45.45,,40.0,44.99999999999999,50.0,25.0,,60.400000000000006,55.2,42.6,23.6,0.17500000000000002,0.20781249999999998,0.19,4,0.38,44.99999999999999,25.0,50.0,40.0,-4.999999999999993,25.0,10.801234497346433,55.00000000000001,20.0,40.0,60.0,4.999999999999993,40.0,17.969882210706523,65.0,9.999999999999998,35.0,80.0,15.0,70.0,31.22498999199199,44.99999999999999,55.00000000000001,65.0,0.9183503419072274,50.0,40.0,35.0,0.9376390435537676,,,,,40.0,60.0,80.0,0.8367006838144548,25.0,20.0,9.999999999999998,0.9376390435537676,39.0,0,1,2,20,6,6,4
R0048,33.0,38.75,46.0,38.2,40.625,30.000000000000004,37.53,50.0,30.000000000000004,25.0,35.0,25.0,45.400000000000006,,35.2,36.0,32.0,0.12787500000000002,0.17825000000000002,0.15180000000000002,5,0.46,25.0,25.0,42.5,30.000000000000004,5.0000000000000036,17.5,8.260094833999588,35.0,55.00000000000001,32.5,,,22.500000000000007,12.332207155790622,44.99999999999999,25.0,50.0,60.0,15.000000000000007,35.0,14.719601443879744,25.0,35.0,44.99999999999999,0.9183503419072274,35.0,44.99999999999999,35.0,0.9528595479208969,50.0,20.0,65.0,0.8129171306613029,30.000000000000004,,60.0,,25.0,55.00000000000001,25.0,0.8585786437626904,27.0,0,2,3,9,5,2,3
R0049,37.5,47.1875,45.3125,40.625,46.25,20.0,38.75,,30.000000000000004,40.0,40.0,40.0,,29.35,45.400000000000006,45.85,34.4,0.176953125,0.213818359375,0.169921875,4,0.36250000000000004,40.0,40.0,40.0,30.000000000000004,-9.999999999999996,9.999999999999996,4.999999999999998,60.0,50.0,60.0,18.75,-41.25,41.25,19.53562451010973,55.00000000000001,30.000000000000004,56.25,40.0,-15.000000000000007,26.249999999999996,12.598569693950711,40.0,60.0,55.00000000000001,0.9150163414401202,40.0,60.0,56.25,0.9131972222666681,,,,,30.000000000000004,18.75,40.0,0.9131972222666681,40.0,50.0,30.000000000000004,0.9183503419072274,24.0,1,2,0,21,10,5,0
R0050,30.0,40.0,35.0,32.0,37.5,81.25,44.05,,25.0,0.0,60.0,35.0,,34.25,41.45,57.85,42.65,0.12,0.13999999999999999,0.105,4,0.27999999999999997,0.0,35.0,60.0,25.0,25.0,60.0,24.8327740429189,44.99999999999999,44.99999999999999,55.00000000000001,15.000000000000002,-29.999999999999993,40.00000000000001,17.320508075688775,44.99999999999999,25.0,44.99999999999999,25.0,-19.999999999999993,19.999999999999993,11.547005383792511,0.0,44.99999999999999,44.99999999999999,0.7878679656440357,60.0,55.00000000000001,44.99999999999999,0.9376390435537676,,,,,25.0,15.000000000000002,25.0,0.9528595479208969,35.0,44.99999999999999,25.0,0.9183503419072274,37.0,0,2,0,5,1,4,2
R0051,65.0,66.25,75.0,69.0,70.625,95.0,74.85,,60.0,60.0,65.0,75.0,,79.4,85.4,66.2,68.4,0.430625,0.49687499999999996,0.48750000000000004,4,0.6000000000000001,60.0,75.0,65.0,60.0,0.0,15.0,7.0710678118654755,80.0,40.0,50.0,95.0,15.0,55.0,25.617376914898998,100.0,65.0,60.0,75.0,-25.0,40.0,17.795130420052185,60.0,80.0,100.0,0.8367006838144548,65.0,50.0,60.0,0.9376390435537676,,,,,60.0,95.0,75.0,0.8566279122159562,75.0,40.0,65.0,0.8528039855612025,19.0,0,1,3,23,12,6,4
R0052,65.625,52.5,52.8125,60.5,52.65625,65.0,58.2625,,100.0,50.0,56.25,56.25,,76.75,58.5,55.3,42.5,0.34453125,0.277265625,0.34658203125,4,0.4225,50.0,56.25,56.25,100.0,50.0,50.0,23.105284388352953,55.00000000000001,35.0,44.99999999999999,75.0,19.999999999999993,40.0,17.07825127659933,62.5,25.0,55.00000000000001,68.75,6.25,43.75,19.375,50.0,55.00000000000001,62.5,0.9486298833085919,56.25,44.99999999999999,55.00000000000001,0.9496539751100226,,,,,100.0,75.0,68.75,0.8649845687831695,56.25,35.0,25.0,0.8696958685740676,49.0,0,3,2,4,3,1,1
R0053,18.33333333333333,31.25,8.333333333333332,14.333333333333334,19.791666666666668,15.000000000000002,16.650000000000002,,0.0,30.000000000000004,,25.0,,6.050000000000001,20.05,,23.85,0.05729166666666666,0.02604166666666666,0.01527777777777777,3,0.04999999999999999,30.000000000000004,25.0,,0.0,-30.000000000000004,30.000000000000004,16.072751268321593,31.25,56.25,,6.25,-25.0,50.0,25.0,9.999999999999998,9.999999999999998,,4.999999999999999,-4.999999999999999,4.999999999999999,2.886751345948128,30.000000000000004,31.25,9.999999999999998,0.9026389879537673,,,,,,,,,0.0,6.25,4.999999999999999,0.9729969137566339,25.0,56.25,9.999999999999998,0.8073395329717185,40.0,0,2,1,33,6,6,4
R0054,32.5,37.5,45.0,37.5,41.25,43.75,40.25,,20.0,50.0,25.0,35.0,,39.95,44.75,26.75,49.55,0.12187500000000001,0.16875,0.14625000000000002,4,0.36000000000000004,50.0,35.0,25.0,20.0,-30.0,30.0,13.228756555322953,30.000000000000004,44.99999999999999,15.000000000000002,60.0,29.999999999999996,45.0,19.364916731037084,50.0,65.0,25.0,40.0,-10.0,40.0,16.832508230603462,50.0,30.000000000000004,50.0,0.9057190958417937,25.0,15.000000000000002,25.0,0.9528595479208969,,,,,20.0,60.0,40.0,0.8367006838144548,35.0,44.99999999999999,65.0,0.8752780871075353,24.0,0,2,3,18,5,2,3
R0055,54.75,71.75,52.75,53.95,62.25,31.25,52.73,68.75,85.00000000000001,20.0,60.0,40.0,48.5,60.25,44.25,47.25,63.400000000000006,0.39283125,0.37848125,0.28880625,5,0.5275,20.0,40.0,64.375,85.00000000000001,65.00000000000001,65.00000000000001,28.341183042526655,85.00000000000001,93.75,60.0,60.0,-25.000000000000014,33.75,17.33178077982756,44.99999999999999,80.0,39.375,60.0,15.000000000000007,40.625,18.159987782209548,20.0,85.00000000000001,44.99999999999999,0.7322936932631832,60.0,70.0,35.0,0.8528039855612025,68.75,50.0,43.75,0.8937704268001503,85.00000000000001,60.0,60.0,0.882148869802242,40.0,93.75,80.0,0.7720105996615925,45.0,0,0,2,21,3,2,3
R0056,48.0,47.75,49.5,48.6,48.625,50.0,48.89,56.25,25.0,60.0,55.00000000000001,43.75,52.1,39.4,55.2,59.45,38.3,0.2292,0.23636249999999998,0.23759999999999998,5,0.495,60.0,43.75,55.625,25.0,-35.0,35.0,15.648939993388263,55.00000000000001,35.0,51.875,44.99999999999999,-10.000000000000014,20.000000000000007,8.859067271257551,55.00000000000001,30.000000000000004,61.25,40.0,-15.000000000000007,31.249999999999996,14.192684441875915,60.0,55.00000000000001,55.00000000000001,0.9764297739604485,55.00000000000001,68.75,62.5,0.9437885934865332,56.25,35.0,60.0,0.8899179598864758,25.0,44.99999999999999,40.0,0.9150163414401202,43.75,35.0,30.000000000000004,0.9431742429292256,24.0,0,3,3,38,3,0,0
R0057,58.0,60.0,57.0,57.6,58.5,50.0,56.440000000000005,60.0,55.00000000000001,60.0,50.0,65.0,56.400000000000006,63.2,58.0,49.6,55.0,0.348,0.34199999999999997,0.33059999999999995,5,0.57,60.0,65.0,55.0,55.00000000000001,-4.999999999999993,10.0,4.787135538781689,60.0,75.0,50.0,65.0,5.0,25.0,10.408329997330663,60.0,40.0,55.0,75.0,15.0,35.0,14.433756729740644,60.0,60.0,60.0,1.0,50.0,30.000000000000004,60.0,0.8752780871075353,60.0,70.0,50.0,0.9183503419072274,55.00000000000001,65.0,75.0,0.9183503419072274,65.0,75.0,40.0,0.8528039855612025,22.0,0,3,2,14,3,6,4
R0058,55.0,59.6875,68.0,60.2,62.96875,50.0,59.2675,35.0,40.0,75.0,85.00000000000001,40.0,47.400000000000006,58.55,,57.400000000000006,67.8,0.32828125,0.40587500000000004,0.37400000000000005,5,0.68,75.0,40.0,60.00000000000001,40.0,-35.0,35.0,17.017148213885115,,70.0,50.0,68.75,,20.0,11.203608049790626,75.0,95.0,50.0,70.0,-5.0,45.0,18.484227510682363,75.0,,75.0,,85.00000000000001,44.99999999999999,50.0,0.822048695799478,35.0,55.00000000000001,50.0,0.9150163414401202,40.0,68.75,70.0,0.8614309237640343,40.0,70.0,95.0,0.7751543739461326,21.0,0,1,4,19,15,5,0
R0059,60.0,57.75,45.5,54.2,51.625,9.999999999999998,44.330000000000005,60.0,65.0,65.0,70.0,40.0,41.400000000000006,61.400000000000006,40.75,37.3,40.8,0.3465,0.2627625,0.273,5,0.455,65.0,40.0,65.0,65.0,0.0,25.0,12.5,43.75,65.0,52.5,75.0,31.25,31.25,13.74526433600557,40.0,44.99999999999999,31.25,80.0,40.0,48.75,21.39351050357717,65.0,43.75,40.0,0.8899179598864758,70.0,70.0,12.5,0.7289424005451568,60.0,35.0,50.0,0.8972597666171838,65.0,75.0,80.0,0.9376390435537676,40.0,65.0,44.99999999999999,0.8919876550265357,40.0,0,2,0,11,8,4,2
R0060,42.5,50.0,45.0,43.5,47.5,40.0,44.400000000000006,44.99999999999999,30.000000000000004,50.0,44.99999999999999,,47.6,31.6,53.0,45.400000000000006,,0.2125,0.225,0.19125,4,0.36000000000000004,50.0,,44.99999999999999,30.000000000000004,-19.999999999999996,19.999999999999996,10.40832999733066,75.0,,57.5,9.999999999999998,-65.0,65.0,33.63406011768428,50.0,,45.0,40.0,-10.0,10.0,5.0,50.0,75.0,50.0,0.882148869802242,44.99999999999999,70.0,35.0,0.8528039855612025,44.99999999999999,44.99999999999999,55.00000000000001,0.9528595479208968,30.000000000000004,9.999999999999998,40.0,0.8752780871075353,,,,,24.0,0,0,3,11,3,6,4
R0061,83.75,80.0,83.75,83.75,81.875,70.0,80.25,89.99999999999999,95.0,80.0,,70.0,85.0,91.8,77.0,,67.2,0.67,0.67,0.70140625,4,0.67,80.0,70.0,89.99999999999999,95.0,15.0,25.0,11.086778913041723,75.0,65.0,85.00000000000001,95.0,20.0,30.0,12.909944487358057,80.0,65.0,89.99999999999999,100.0,20.0,35.0,14.930394055974096,80.0,75.0,80.0,0.9764297739604484,,,,,89.99999999999999,85.00000000000001,89.99999999999999,0.9764297739604485,95.0,95.0,100.0,0.9764297739604484,70.0,65.0,65.0,0.9764297739604484,19.0,0,2,3,16,9,6,4
R0062,37.0,36.99999999999999,31.0,34.6,34.0,44.99999999999999,36.440000000000005,35.0,60.0,40.0,20.0,30.000000000000004,39.0,57.6,25.8,32.6,27.200000000000003,0.13689999999999997,0.11469999999999998,0.1147,5,0.31,40.0,30.000000000000004,27.5,60.0,20.0,32.5,14.772581584363197,0.0,9.999999999999998,42.5,89.99999999999999,89.99999999999999,89.99999999999999,40.53676314984543,20.0,25.0,32.5,44.99999999999999,24.999999999999993,24.999999999999993,10.873323625583236,40.0,0.0,20.0,0.8367006838144548,20.0,40.0,30.000000000000004,0.9183503419072274,35.0,44.99999999999999,35.0,0.9528595479208969,60.0,89.99999999999999,44.99999999999999,0.812917130661303,30.000000000000004,9.999999999999998,25.0,0.9150163414401202,46.0,0,2,4,31,25,3,1
R0063,71.25,67.5,53.75,64.25,60.625,89.99999999999999,67.95,100.0,80.0,55.00000000000001,50.0,,85.4,74.2,68.8,43.39999999999999,,0.4809375000000001,0.3628125,0.38296874999999997,4,0.43,55.00000000000001,,75.0,80.0,24.999999999999993,24.999999999999993,13.22875655532295,80.0,,70.0,50.0,-30.0,30.0,15.275252316519467,60.0,,40.0,75.0,15.0,35.0,17.559422921421234,55.00000000000001,80.0,60.0,0.8919876550265357,50.0,40.0,15.000000000000002,0.8528039855612025,100.0,100.0,65.0,0.8350084177231389,80.0,50.0,75.0,0.8687665354331365,,,,,30.0,0,3,0,10,7,4,2
R0064,32.75,33.0,33.0,32.85,33.0,70.0,40.34,44.99999999999999,20.0,44.99999999999999,43.75,9.999999999999998,44.400000000000006,31.0,48.0,50.900000000000006,27.4,0.108075,0.10890000000000001,0.108075,5,0.33,44.99999999999999,9.999999999999998,44.375,20.0,-24.999999999999993,34.99999999999999,17.621416597897756,35.0,9.999999999999998,47.5,25.0,-10.0,37.5,15.8607219255619,44.99999999999999,25.0,37.5,20.0,-24.999999999999993,24.999999999999993,11.433685611676866,44.99999999999999,35.0,44.99999999999999,0.9528595479208969,43.75,60.0,40.0,0.9131972222666681,44.99999999999999,35.0,35.0,0.9528595479208969,20.0,25.0,20.0,0.9764297739604484,9.999999999999998,9.999999999999998,25.0,0.9292893218813453,43.0,0,2,3,24,11,0,0
R0065,77.25,80.0,90.0,82.35,85.0,44.99999999999999,75.94,100.0,65.0,75.0,89.99999999999999,56.25,80.80000000000001,69.2,69.39999999999999,86.6,73.7,0.618,0.7200000000000001,0.69525,5,0.9,75.0,56.25,95.0,65.0,-10.0,38.75,16.65754958970056,50.0,85.00000000000001,97.5,70.0,20.0,47.5,20.450651986346713,89.99999999999999,95.0,90.0,85.00000000000001,-4.999999999999972,9.999999999999986,4.082482904638624,75.0,50.0,89.99999999999999,0.8350084177231389,89.99999999999999,100.0,100.0,0.9528595479208968,100.0,95.0,80.0,0.9150163414401202,65.0,70.0,85.00000000000001,0.9150163414401202,56.25,85.00000000000001,95.0,0.8357466387964414,42.0,0,2,3,5,1,1,1
R0066,30.0,25.625,20.9375,26.375,23.28125,50.0,29.8625,,44.99999999999999,40.0,4.999999999999999,30.000000000000004,,27.6,47.85,23.0,21.0,0.07687499999999999,0.05365234375,0.0628125,4,0.1675,40.0,30.000000000000004,4.999999999999999,44.99999999999999,4.999999999999993,39.99999999999999,17.795130420052182,62.5,9.999999999999998,4.999999999999999,25.0,-37.5,57.5,26.010815058356016,43.75,4.999999999999999,30.000000000000004,4.999999999999999,-38.75,38.75,19.240121924423107,40.0,62.5,43.75,0.9015749015748524,4.999999999999999,4.999999999999999,30.000000000000004,0.882148869802242,,,,,44.99999999999999,25.0,4.999999999999999,0.8367006838144548,30.000000000000004,9.999999999999998,4.999999999999999,0.8919876550265357,31.0,0,2,4,35,5,2,3
R0067,66.25,56.25,58.75,63.25,57.5,80.0,64.3,,55.00000000000001,50.0,80.0,80.0,,54.4,50.6,75.4,76.80000000000001,0.37265624999999997,0.33046875000000003,0.38921875,4,0.47000000000000003,50.0,80.0,80.0,55.00000000000001,5.000000000000007,30.0,16.00781059358212,50.0,55.00000000000001,75.0,44.99999999999999,-5.000000000000007,30.000000000000007,13.149778198382919,35.0,85.00000000000001,70.0,44.99999999999999,9.999999999999993,50.000000000000014,22.867371223353747,50.0,50.0,35.0,0.9292893218813453,80.0,75.0,70.0,0.9591751709536137,,,,,55.00000000000001,44.99999999999999,44.99999999999999,0.9528595479208968,80.0,55.00000000000001,85.00000000000001,0.8687665354331364,24.0,0,1,2,4,3,2,3
R0068,25.3125,45.0,34.375,28.9375,39.6875,44.99999999999999,36.45,,4.999999999999999,30.000000000000004,31.25,35.0,,15.799999999999995,52.6,45.0,32.4,0.11390625,0.1546875,0.08701171875,4,0.275,30.000000000000004,35.0,31.25,4.999999999999999,-25.000000000000004,30.0,13.707320124663317,65.0,30.000000000000004,75.0,9.999999999999998,-55.0,65.0,30.276503540974915,65.0,25.0,37.5,9.999999999999998,-55.0,55.0,23.307277118244993,30.000000000000004,65.0,65.0,0.8350084177231389,31.25,75.0,37.5,0.8067996146771729,,,,,4.999999999999999,9.999999999999998,9.999999999999998,0.9764297739604484,35.0,30.000000000000004,25.0,0.9591751709536137,26.0,1,2,1,37,25,5,0
R0069,10.0,8.0,22.5,15.0,15.25,55.00000000000001,23.1,0.0,25.0,25.0,0.0,0.0,17.400000000000002,18.0,42.8,12.8,24.5,0.008,0.018000000000000002,0.022500000000000003,5,0.225,25.0,0.0,0.0,25.0,0.0,25.0,14.433756729740644,30.000000000000004,0.0,2.4999999999999996,4.999999999999999,-25.000000000000004,30.000000000000004,13.900689431343567,55.00000000000001,37.5,10.0,0.0,-55.00000000000001,55.00000000000001,25.197139387901426,25.0,30.000000000000004,55.00000000000001,0.8687665354331364,0.0,0.0,4.999999999999999,0.9764297739604484,0.0,4.999999999999999,15.000000000000002,0.9376390435537676,25.0,4.999999999999999,0.0,0.8919876550265357,0.0,0.0,37.5,0.8232233047033631,30.0,0,2,2,24,16,3,1
R0070,57.0,62.0,68.0,61.4,65.0,44.99999999999999,59.56,50.0,75.0,44.99999999999999,65.0,50.0,63.0,66.2,40.99999999999999,70.0,57.6,0.3534,0.42160000000000003,0.3876,5,0.68,44.99999999999999,50.0,57.5,75.0,30.000000000000007,30.000000000000007,13.129959380490611,25.0,75.0,70.0,70.0,45.0,50.0,23.45207879911715,44.99999999999999,60.0,82.5,70.0,25.000000000000007,37.50000000000001,15.860721925561903,44.99999999999999,25.0,44.99999999999999,0.9057190958417937,65.0,65.0,89.99999999999999,0.8821488698022422,50.0,75.0,75.0,0.882148869802242,75.0,70.0,70.0,0.9764297739604484,50.0,75.0,60.0,0.8972597666171838,21.0,0,0,1,44,16,2,3
R0071,52.5,42.5,40.0,47.5,41.25,93.75,54.25,,50.0,60.0,25.0,75.0,,55.75,53.95,40.55,66.75,0.223125,0.17,0.21000000000000002,4,0.32000000000000006,60.0,75.0,25.0,50.0,-10.0,50.0,21.01586702153082,50.0,60.0,25.0,35.0,-15.0,35.0,15.545631755148024,30.000000000000004,50.0,30.000000000000004,50.0,19.999999999999996,19.999999999999996,11.547005383792513,60.0,50.0,30.000000000000004,0.8752780871075353,25.0,25.0,30.000000000000004,0.9764297739604484,,,,,50.0,35.0,50.0,0.9292893218813453,75.0,60.0,50.0,0.8972597666171838,36.0,0,1,4,37,13,0,0
R0072,43.4375,56.25,50.0,46.0625,53.125,30.000000000000004,45.675,31.25,30.000000000000004,62.5,50.0,,37.7,25.4,60.400000000000006,59.2,,0.24433593750000002,0.28125,0.2171875,4,0.4,62.5,,40.625,30.000000000000004,-32.5,32.5,16.571341979453564,80.0,,60.0,25.0,-55.0,55.0,27.83882181415011,65.0,,57.5,20.0,-45.0,45.0,24.109126902482387,62.5,80.0,65.0,0.9227198458708692,50.0,80.0,70.0,0.8752780871075353,31.25,40.0,44.99999999999999,0.9431742429292256,30.000000000000004,25.0,20.0,0.9591751709536137,,,,,19.0,0,1,4,99,74,2,3
R0073,33.0,33.5,50.25,39.9,41.875,40.0,40.71,4.999999999999999,75.0,4.999999999999999,30.000000000000004,50.0,44.2,64.8,19.45,32.7,42.400000000000006,0.11055000000000001,0.1683375,0.165825,5,0.5025,4.999999999999999,50.0,17.5,75.0,70.0,70.0,31.713233305146712,6.25,40.0,35.625,50.0,43.75,43.75,18.80114552139488,25.0,40.0,53.125,80.0,55.0,55.0,23.337285751560742,4.999999999999999,6.25,25.0,0.9085229233329161,30.000000000000004,31.25,31.25,0.9941074434901122,4.999999999999999,40.0,75.0,0.7142261966752959,75.0,50.0,80.0,0.8687665354331365,50.0,40.0,40.0,0.9528595479208968,36.0,0,2,0,3,1,4,2
R0074,25.0,40.0,26.25,25.5,33.125,30.000000000000004,29.450000000000003,15.000000000000002,25.0,30.000000000000004,30.000000000000004,,22.8,25.4,30.200000000000003,39.4,,0.1,0.10500000000000001,0.065625,4,0.21000000000000002,30.000000000000004,,22.500000000000004,25.0,-5.0000000000000036,7.5,3.818813079129867,40.0,,40.0,40.0,0.0,0.0,0.0,25.0,,32.5,15.000000000000002,-9.999999999999998,17.5,8.779711460710615,30.000000000000004,40.0,25.0,0.9376390435537676,30.000000000000004,50.0,44.99999999999999,0.9150163414401202,15.000000000000002,30.000000000000004,20.0,0.9376390435537676,25.0,40.0,15.000000000000002,0.8972597666171838,,,,,19.0,0,1,2,25,15,4,2
R0075,100.0,100.0,88.75,95.5,94.375,55.00000000000001,86.95,,100.0,100.0,100.0,100.0,,91.0,78.4,87.4,91.0,1.0,0.8875,0.8875,4,0.71,100.0,100.0,100.0,100.0,0.0,0.0,0.0,100.0,100.0,100.0,100.0,0.0,0.0,0.0,65.0,100.0,89.99999999999999,100.0,35.0,35.0,16.520189667999176,100.0,100.0,65.0,0.8350084177231389,100.0,100.0,89.99999999999999,0.9528595479208968,,,,,100.0,100.0,100.0,1.0,100.0,100.0,100.0,1.0,28.0,0,0,4,126,31,2,3
R0076,55.0,55.0,56.0,55.4,55.5,50.0,54.36,40.0,35.0,80.0,65.0,55.00000000000001,49.2,40.2,68.4,59.2,54.8,0.30250000000000005,0.30800000000000005,0.30800000000000005,5,0.56,80.0,55.00000000000001,52.5,35.0,-45.0,45.0,18.526445062846424,70.0,50.0,50.0,55.00000000000001,-14.999999999999993,20.0,9.464847243000456,70.0,60.0,60.0,30.000000000000004,-40.0,40.0,17.32050807568877,80.0,70.0,70.0,0.9528595479208969,65.0,60.0,60.0,0.9764297739604484,40.0,40.0,60.0,0.9057190958417937,35.0,55.00000000000001,30.000000000000004,0.8919876550265357,55.00000000000001,50.0,60.0,0.9591751709536137,36.0,0,2,4,7,1,0,0
R0077,75.0,65.5,63.0,70.2,64.25,9.999999999999998,55.78,85.00000000000001,70.0,80.0,95.0,44.99999999999999,53.400000000000006,51.5,61.6,66.0,46.400000000000006,0.49125,0.41265,0.47250000000000003,5,0.63,80.0,44.99999999999999,90.0,70.0,-10.0,45.00000000000001,19.311050377094116,85.00000000000001,60.0,72.5,37.5,-47.500000000000014,47.500000000000014,20.258742968572037,65.0,60.0,60.0,70.0,5.0,10.0,4.7871355387816905,80.0,85.00000000000001,65.0,0.9150163414401202,95.0,80.0,70.0,0.8972597666171838,85.00000000000001,65.0,50.0,0.8566279122159561,70.0,37.5,70.0,0.8467935307429146,44.99999999999999,60.0,60.0,0.9292893218813452,26.0,0,2,3,5,3,4,2
R0078,68.75,49.375,56.25,63.75,52.8125,60.0,58.625,80.0,50.0,70.0,,75.0,59.75,49.0,56.8,,68.95,0.339453125,0.27773437500000003,0.38671875,4,0.45,70.0,75.0,80.0,50.0,-20.0,30.0,13.149778198382917,50.0,68.75,43.75,35.0,-15.0,33.75,14.306903927824496,50.0,70.0,55.00000000000001,50.0,0.0,20.0,9.464847243000456,70.0,50.0,50.0,0.9057190958417937,,,,,80.0,43.75,55.00000000000001,0.848502841977518,50.0,35.0,50.0,0.9292893218813453,75.0,68.75,70.0,0.9729969137566339,38.0,0,2,0,48,33,6,4
R0079,30.0,15.0,21.25,26.5,18.125,35.0,24.85,20.0,60.0,15.000000000000002,25.0,,17.6,36.0,27.8,18.0,,0.045,0.031875,0.06375,4,0.17,15.000000000000002,,22.5,60.0,45.0,45.0,24.109126902482387,4.999999999999999,,22.5,9.999999999999998,4.999999999999999,17.5,9.013878188659973,44.99999999999999,,2.4999999999999996,35.0,-9.999999999999993,42.49999999999999,22.220486043288968,15.000000000000002,4.999999999999999,44.99999999999999,0.8300326828802406,25.0,25.0,0.0,0.882148869802242,20.0,20.0,4.999999999999999,0.9292893218813453,60.0,9.999999999999998,35.0,0.7958758547680684,,,,,28.0,0,1,2,19,14,1,1
R0080,30.0,33.125,35.9375,32.375,34.53125,56.25,38.0125,,20.0,60.0,15.000000000000002,25.0,,41.8,51.650000000000006,22.65,35.95,0.09937499999999999,0.11904296874999999,0.10781249999999999,4,0.28750000000000003,60.0,25.0,15.000000000000002,20.0,-40.0,45.0,20.412414523193153,40.0,12.5,30.000000000000004,50.0,10.0,37.5,15.991534218662906,50.0,44.99999999999999,4.999999999999999,43.75,-6.25,45.0,20.801016601759315,60.0,40.0,50.0,0.9183503419072274,15.000000000000002,30.000000000000004,4.999999999999999,0.8972597666171838,,,,,20.0,50.0,43.75,0.8707661465060765,25.0,12.5,44.99999999999999,0.8661468466315916,39.0,0,3,0,79,30,3,1
R0081,52.8125,72.5,63.75,57.1875,68.125,50.0,60.125,,81.25,44.99999999999999,44.99999999999999,40.0,,85.5,58.400000000000006,52.400000000000006,44.2,0.38289062499999993,0.4621875,0.33667968749999994,4,0.51,44.99999999999999,40.0,44.99999999999999,81.25,36.25000000000001,41.25,19.104291620820003,80.0,60.0,50.0,100.0,20.0,50.0,22.173557826083453,60.0,35.0,60.0,100.0,40.0,65.0,26.88710967483613,44.99999999999999,80.0,60.0,0.8566279122159561,44.99999999999999,50.0,60.0,0.9376390435537676,,,,,81.25,100.0,100.0,0.9116116523516815,40.0,60.0,35.0,0.8919876550265357,37.0,0,0,4,10,6,1,1
R0082,61.25,55.0,68.4375,64.125,61.71875,50.0,60.337500000000006,,85.00000000000001,50.0,65.0,44.99999999999999,,73.15,58.6,62.8,46.8,0.33687500000000004,0.37640625,0.4191796875,4,0.5475,50.0,44.99999999999999,65.0,85.00000000000001,35.000000000000014,40.00000000000002,17.96988221070653,75.0,40.0,60.0,44.99999999999999,-30.000000000000007,35.0,15.811388300841898,60.0,50.0,70.0,93.75,33.75,43.75,18.74652745621617,50.0,75.0,60.0,0.8972597666171838,65.0,60.0,70.0,0.9591751709536137,,,,,85.00000000000001,44.99999999999999,93.75,0.7877861403625526,44.99999999999999,40.0,50.0,0.9591751709536137,39.0,0,0,0,14,3,6,4
R0083,58.75,50.9375,36.875,50.0,43.90625,80.0,53.5625,,50.0,55.00000000000001,70.0,60.0,,49.400000000000006,46.2,59.0,59.650000000000006,0.2992578125,0.18783203125000003,0.21664062500000003,4,0.29500000000000004,55.00000000000001,60.0,70.0,50.0,-5.000000000000007,20.0,8.539125638299664,62.5,56.25,50.0,35.0,-27.5,27.5,11.786954299846363,12.5,50.0,44.99999999999999,40.0,27.5,37.5,16.754974385735917,55.00000000000001,62.5,12.5,0.7798359197729515,70.0,50.0,44.99999999999999,0.8919876550265357,,,,,50.0,35.0,40.0,0.9376390435537676,60.0,56.25,50.0,0.9587521044307847,32.0,0,1,2,24,10,4,2
R0084,62.0,47.5,55.0,59.2,50.0,65.0,56.68000000000001,44.99999999999999,65.0,50.0,75.0,75.0,49.60000000000001,64.2,56.400000000000006,,51.8,0.2945,0.26125,0.341,5,0.55,50.0,75.0,60.0,65.0,15.0,25.0,10.408329997330663,40.0,50.0,30.000000000000004,70.0,30.0,40.0,17.078251276599328,65.0,30.000000000000004,60.0,60.0,-5.0,35.0,16.00781059358212,50.0,40.0,65.0,0.8972597666171838,75.0,,65.0,,44.99999999999999,30.000000000000004,55.00000000000001,0.8972597666171838,65.0,70.0,60.0,0.9591751709536137,75.0,50.0,30.000000000000004,0.8159106497135457,25.0,0,3,4,44,32,6,4
R0085,37.0,44.75,59.0,45.8,51.875,40.0,47.07,35.0,44.99999999999999,20.0,50.0,35.0,59.0,37.400000000000006,36.4,48.6,53.95,0.165575,0.264025,0.2183,5,0.59,20.0,35.0,42.5,44.99999999999999,24.999999999999993,24.999999999999993,11.249999999999998,55.00000000000001,43.75,47.5,30.000000000000004,-25.000000000000004,25.000000000000004,10.476909133900133,35.0,80.0,72.5,35.0,0.0,45.0,24.011715890373182,20.0,55.00000000000001,35.0,0.8566279122159561,50.0,35.0,60.0,0.8972597666171838,35.0,60.0,85.00000000000001,0.7958758547680684,44.99999999999999,30.000000000000004,35.0,0.9376390435537677,35.0,43.75,80.0,0.805188837873984,44.0,0,1,1,6,1,0,0
R0086,53.75,46.875,47.1875,51.125,47.03125,56.25,50.5125,,35.0,70.0,35.0,75.0,,42.650000000000006,68.95,34.45,56.0,0.251953125,0.22119140625,0.25363281249999997,4,0.3775,70.0,75.0,35.0,35.0,-35.0,40.0,21.746647251166483,87.5,55.00000000000001,20.0,25.0,-62.5,67.5,31.183262070112765,65.0,43.75,30.000000000000004,50.0,-15.0,35.0,14.519204236688271,70.0,87.5,65.0,0.9035346924767481,35.0,20.0,30.000000000000004,0.9376390435537676,,,,,35.0,25.0,50.0,0.8972597666171838,75.0,55.00000000000001,43.75,0.8707661465060765,25.0,0,3,0,36,4,2,3
R0087,49.0,46.25,38.25,44.7,42.25,30.000000000000004,40.78,44.99999999999999,75.0,60.0,35.0,30.000000000000004,24.85,54.8,51.650000000000006,31.200000000000003,41.4,0.226625,0.17690625000000001,0.187425,5,0.3825,60.0,30.000000000000004,40.0,75.0,15.0,45.0,20.155644370746373,55.00000000000001,60.0,30.625,55.00000000000001,0.0,29.375,13.232447099837582,56.25,44.99999999999999,17.5,55.00000000000001,-1.249999999999993,38.75,18.009690678446795,60.0,55.00000000000001,56.25,0.9787540853600301,35.0,30.000000000000004,30.000000000000004,0.9764297739604484,44.99999999999999,31.25,4.999999999999999,0.8340641020688344,75.0,55.00000000000001,55.00000000000001,0.9057190958417937,30.000000000000004,60.0,44.99999999999999,0.8775255128608411,24.0,1,1,3,3,2,4,2
R0088,52.5,43.0,43.0,48.7,43.0,50.0,46.68000000000001,50.0,40.0,89.99999999999999,12.5,70.0,52.8,32.6,72.6,36.2,39.2,0.22575,0.18489999999999998,0.22575,5,0.43,89.99999999999999,70.0,31.25,40.0,-49.999999999999986,58.749999999999986,27.125768038281727,70.0,35.0,45.0,20.0,-50.0,50.0,21.01586702153082,75.0,15.000000000000002,50.0,25.0,-50.0,60.0,26.88710967483613,89.99999999999999,70.0,75.0,0.9150163414401203,12.5,35.0,44.99999999999999,0.8640874464141659,50.0,55.00000000000001,55.00000000000001,0.9764297739604484,40.0,20.0,25.0,0.9150163414401202,70.0,35.0,15.000000000000002,0.7726969717169024,28.0,0,0,0,49,34,1,1
R0089,46.5,69.0,58.000000000000014,51.1,63.5,44.99999999999999,54.84,44.99999999999999,50.0,62.5,15.000000000000002,60.0,63.400000000000006,58.8,59.8,33.2,59.0,0.32084999999999997,0.4002000000000001,0.2697000000000001,5,0.5800000000000002,62.5,60.0,29.999999999999996,50.0,-12.5,32.5,14.7725815843632,80.0,70.0,52.5,89.99999999999999,9.999999999999986,37.499999999999986,15.991534218662903,55.00000000000001,60.0,60.00000000000001,55.00000000000001,0.0,5.0,2.886751345948127,62.5,80.0,55.00000000000001,0.8952516242501956,15.000000000000002,40.0,35.0,0.8919876550265357,44.99999999999999,65.0,85.00000000000001,0.8367006838144547,50.0,89.99999999999999,55.00000000000001,0.8220486957994783,60.0,70.0,60.0,0.9528595479208968,29.0,0,2,4,31,5,0,0
R0090,54.0,70.0,62.75,57.5,66.375,35.0,56.55,80.0,40.0,20.0,75.0,55.00000000000001,67.4,44.35,27.0,80.0,64.0,0.378,0.4392499999999999,0.33885,5,0.6275,20.0,55.00000000000001,77.5,40.0,20.0,57.5,24.2706097986845,40.0,75.0,87.5,60.0,20.0,47.5,20.45065198634671,20.0,80.0,85.0,43.75,23.75,65.0,30.862176824283367,20.0,40.0,20.0,0.9057190958417937,75.0,95.0,100.0,0.8919876550265357,80.0,80.0,70.0,0.9528595479208969,40.0,60.0,43.75,0.9131972222666681,55.00000000000001,75.0,80.0,0.8919876550265358,31.0,0,2,1,3,1,4,2
R0091,49.75,45.25,31.75,42.55,38.5,25.0,37.42,60.0,55.00000000000001,40.0,43.75,50.0,34.150000000000006,52.8,28.05,31.5,40.6,0.22511875,0.14366875,0.15795625,5,0.3175,40.0,50.0,51.875,55.00000000000001,15.000000000000007,15.000000000000007,6.482649117709006,31.25,55.00000000000001,37.5,65.0,33.75,33.75,15.558190501040496,20.0,35.0,21.875,60.0,40.0,40.0,18.4375,40.0,31.25,20.0,0.9181379887317146,43.75,35.0,25.0,0.9233967653714573,60.0,40.0,18.75,0.8315718089049355,55.00000000000001,65.0,60.0,0.9591751709536137,50.0,55.00000000000001,35.0,0.9150163414401202,52.0,0,1,3,3,2,2,3
R0092,23.0,17.0,26.0,24.2,21.5,15.000000000000002,21.28,40.0,0.0,15.000000000000002,20.0,40.0,32.0,7.6,20.6,24.6,21.6,0.0391,0.0442,0.059800000000000006,5,0.26,15.000000000000002,40.0,30.0,0.0,-15.000000000000002,40.0,17.5,25.0,0.0,27.5,4.999999999999999,-20.0,27.5,13.900689431343563,25.0,25.0,35.0,9.999999999999998,-15.000000000000002,25.0,10.307764064044152,15.000000000000002,25.0,25.0,0.9528595479208969,20.0,30.000000000000004,30.000000000000004,0.9528595479208968,40.0,25.0,40.0,0.9292893218813453,0.0,4.999999999999999,9.999999999999998,0.9591751709536137,40.0,0.0,25.0,0.8350084177231389,38.0,0,1,3,31,6,4,2
R0093,40.0,42.5,45.625,42.25,44.0625,85.00000000000001,51.525000000000006,,35.0,40.0,40.0,44.99999999999999,,53.400000000000006,49.60000000000001,54.8,48.3,0.17,0.19390625,0.1825,4,0.365,40.0,44.99999999999999,40.0,35.0,-5.0,9.999999999999993,4.082482904638627,25.0,35.0,60.0,50.0,25.0,35.0,15.545631755148024,50.0,37.5,44.99999999999999,50.0,0.0,12.5,5.907269532815761,40.0,25.0,50.0,0.8972597666171838,40.0,60.0,44.99999999999999,0.9150163414401202,,,,,35.0,50.0,50.0,0.9292893218813453,44.99999999999999,35.0,37.5,0.9575081707200601,41.0,0,2,2,12,7,2,3
R0094,60.0,80.0,78.33333333333333,67.33333333333333,79.16666666666667,65.0,71.60000000000001,,30.000000000000004,100.0,,50.0,,66.80000000000001,84.0,,64.0,0.48,0.6266666666666667,0.47,3,0.47,100.0,50.0,,30.000000000000004,-70.0,70.0,36.05551275463989,100.0,60.0,,80.0,-20.0,40.0,20.0,75.0,75.0,,85.00000000000001,10.000000000000014,10.000000000000014,5.773502691896266,100.0,100.0,75.0,0.882148869802242,,,,,,,,,30.000000000000004,80.0,85.00000000000001,0.751672259570811,50.0,60.0,75.0,0.8972597666171838,28.0,0,0,1,51,24,6,4
R0095,30.25,25.0,40.25,34.25,32.625,60.0,38.75,4.999999999999999,50.0,31.25,30.000000000000004,35.0,27.2,46.6,36.75,36.8,46.400000000000006,0.075625,0.100625,0.12175625000000001,5,0.4025,31.25,35.0,17.5,50.0,18.75,32.5,13.360973954019968,30.000000000000004,40.0,25.0,4.999999999999999,-25.000000000000004,35.0,14.719601443879744,31.25,50.0,30.0,60.0,28.75,30.0,14.661990258260758,31.25,30.000000000000004,31.25,0.9941074434901122,30.000000000000004,25.0,35.0,0.9591751709536137,4.999999999999999,25.0,25.0,0.9057190958417937,50.0,4.999999999999999,60.0,0.7607883317598779,35.0,40.0,50.0,0.9376390435537676,19.0,0,2,0,11,6,2,3
R0096,28.75,25.0,27.5,28.25,25.83333333333333,50.0,31.633333333333333,30.000000000000004,15.000000000000002,25.0,44.99999999999999,,41.4,22.2,27.0,,,0.071875,0.06875,0.0790625,4,0.22000000000000003,25.0,,37.5,15.000000000000002,-9.999999999999998,22.5,11.273124382057235,9.999999999999998,,40.0,25.0,15.000000000000002,30.0,15.000000000000002,25.0,,37.5,9.999999999999998,-15.000000000000002,27.5,13.768926368215256,25.0,9.999999999999998,25.0,0.9292893218813453,44.99999999999999,,30.000000000000004,,30.000000000000004,40.0,44.99999999999999,0.9376390435537677,15.000000000000002,25.0,9.999999999999998,0.9376390435537676,,,,,28.0,0,3,4,65,23,4,2
R0097,55.75,34.75,40.5,49.65,37.625,25.0,39.91,60.0,43.75,70.0,55.00000000000001,50.0,28.55,44.1,62.6,36.7,27.6,0.19373125,0.1407375,0.2257875,5,0.405,70.0,50.0,57.5,43.75,-26.25,26.25,11.290436587366022,60.0,35.0,21.875,35.0,-25.0,38.125,15.9375,80.0,9.999999999999998,26.25,60.0,-20.0,70.0,31.744011902509527,70.0,60.0,80.0,0.9183503419072274,55.00000000000001,25.0,37.5,0.8769598078313883,60.0,18.75,15.000000000000002,0.7961311696212489,43.75,35.0,60.0,0.8964183092111996,50.0,35.0,9.999999999999998,0.8350084177231389,39.0,0,3,2,26,5,3,1
R0098,63.75,62.5,61.25,62.75,61.875,65.0,62.85,,75.0,75.0,35.0,70.0,,55.400000000000006,70.8,72.8,52.400000000000006,0.3984375,0.3828125,0.39046875,4,0.49000000000000005,75.0,70.0,35.0,75.0,0.0,40.0,19.311050377094112,55.00000000000001,50.0,95.0,50.0,-5.000000000000007,45.0,21.79449471770337,80.0,35.0,89.99999999999999,40.0,-40.0,54.999999999999986,27.801378862687123,75.0,55.00000000000001,80.0,0.8919876550265358,35.0,95.0,89.99999999999999,0.7281748928283318,,,,,75.0,50.0,40.0,0.8528039855612025,70.0,50.0,35.0,0.8566279122159562,29.0,1,2,2,23,19,1,1
R0099,68.75,62.0,59.25,64.95,60.625,20.0,54.23,65.0,50.0,100.0,60.0,68.75,51.85,37.400000000000006,75.4,67.0,39.5,0.42625,0.36735,0.40734375,5,0.5925,100.0,68.75,62.5,50.0,-50.0,50.0,21.27143526735639,75.0,50.0,75.0,35.0,-40.0,40.0,19.737865470545017,89.99999999999999,25.0,70.625,40.0,-49.999999999999986,64.99999999999999,29.361144782120917,100.0,75.0,89.99999999999999,0.8972597666171838,60.0,89.99999999999999,85.00000000000001,0.8687665354331365,65.0,60.0,56.25,0.964156978053989,50.0,35.0,40.0,0.9376390435537676,68.75,50.0,25.0,0.8207848902699453,42.0,0,3,1,10,2,0,0
R0100,27.8125,39.6875,35.0,30.6875,37.34375,65.0,40.2125,,25.0,4.999999999999999,25.0,56.25,,38.0,28.2,45.0,49.650000000000006,0.110380859375,0.13890624999999998,0.09734374999999999,4,0.27999999999999997,4.999999999999999,56.25,25.0,25.0,20.0,51.25,21.173268327461084,25.0,43.75,40.0,50.0,25.0,25.0,10.625,25.0,40.0,50.0,25.0,0.0,25.0,12.24744871391589,4.999999999999999,25.0,25.0,0.9057190958417937,25.0,40.0,50.0,0.8972597666171838,,,,,25.0,50.0,25.0,0.882148869802242,56.25,43.75,40.0,0.9305277833311122,,0,0,2,39,29,6,4
R0101,35.0,46.25,50.0,41.0,48.125,50.0,45.650000000000006,,25.0,44.99999999999999,40.0,30.000000000000004,,41.2,50.6,43.6,47.2,0.161875,0.23125,0.175,4,0.4,44.99999999999999,30.000000000000004,40.0,25.0,-19.999999999999993,19.999999999999993,9.128709291752765,50.0,60.0,30.000000000000004,44.99999999999999,-5.000000000000007,29.999999999999996,12.499999999999998,55.00000000000001,50.0,50.0,44.99999999999999,-10.000000000000014,10.000000000000014,4.082482904638636,44.99999999999999,50.0,55.00000000000001,0.9591751709536136,40.0,30.000000000000004,50.0,0.9183503419072274,,,,,25.0,44.99999999999999,44.99999999999999,0.9057190958417937,30.000000000000004,60.0,50.0,0.8752780871075353,22.0,0,0,4,11,5,6,4
R0102,39.0,44.0,35.0,37.4,39.5,44.99999999999999,39.76,40.0,35.0,55.00000000000001,60.0,4.999999999999999,44.2,48.400000000000006,32.6,50.8,22.8,0.1716,0.154,0.13649999999999998,5,0.35,55.00000000000001,4.999999999999999,50.0,35.0,-20.000000000000007,50.00000000000001,22.5,25.0,0.0,65.0,65.0,40.0,65.0,31.983068437325812,15.000000000000002,35.0,37.5,50.0,35.0,35.0,14.487782208928092,55.00000000000001,25.0,15.000000000000002,0.8300326828802405,60.0,65.0,40.0,0.8919876550265357,40.0,65.0,35.0,0.8687665354331365,35.0,65.0,50.0,0.8775255128608411,4.999999999999999,0.0,35.0,0.8454396917417383,19.0,0,1,3,58,45,1,1
R0103,38.25,22.75,49.25,42.65,36.0,43.75,40.21,35.0,81.25,50.0,4.999999999999999,20.0,44.3,56.5,51.150000000000006,23.55,25.55,0.08701875,0.11204375,0.18838125,5,0.4925,50.0,20.0,20.0,81.25,31.25,61.25,29.26842368492024,35.0,15.000000000000002,11.875,40.0,5.0,28.125,14.099488392018579,65.0,25.0,50.0,56.25,-8.75,40.0,17.18086993334932,50.0,35.0,65.0,0.8775255128608411,4.999999999999999,4.999999999999999,35.0,0.8585786437626906,35.0,18.75,65.0,0.8084239344571225,81.25,40.0,56.25,0.8303393910708139,20.0,15.000000000000002,25.0,0.9591751709536137,38.0,0,1,1,54,16,4,2
R0104,47.5,56.875,58.75,52.0,57.8125,20.0,47.925,,35.0,35.0,60.0,60.0,,45.0,39.6,56.0,51.1,0.27015625,0.334140625,0.2790625,4,0.47000000000000003,35.0,60.0,60.0,35.0,0.0,25.0,14.433756729740644,55.00000000000001,37.5,80.0,55.00000000000001,0.0,42.5,17.48511271529774,44.99999999999999,70.0,60.0,60.0,15.000000000000007,25.000000000000007,10.307764064044155,35.0,55.00000000000001,44.99999999999999,0.9183503419072274,60.0,80.0,60.0,0.9057190958417937,,,,,35.0,55.00000000000001,60.0,0.8919876550265357,60.0,37.5,70.0,0.8640874464141659,32.0,0,0,1,7,3,1,1
R0105,35.25,39.0,45.0,39.15,42.0,55.00000000000001,43.46,44.99999999999999,55.00000000000001,6.25,44.99999999999999,25.0,29.4,53.0,32.300000000000004,45.0,57.60000000000001,0.13747499999999999,0.17550000000000002,0.158625,5,0.45,6.25,25.0,44.99999999999999,55.00000000000001,48.75000000000001,48.75000000000001,21.65965431395432,44.99999999999999,50.0,27.5,44.99999999999999,0.0,22.5,9.868932735272507,30.000000000000004,85.00000000000001,27.499999999999996,55.00000000000001,25.000000000000004,57.500000000000014,26.79979788481001,6.25,44.99999999999999,30.000000000000004,0.8404650856743613,44.99999999999999,35.0,44.99999999999999,0.9528595479208969,44.99999999999999,20.0,9.999999999999998,0.8528039855612026,55.00000000000001,44.99999999999999,55.00000000000001,0.9528595479208968,25.0,50.0,85.00000000000001,0.7539196156627767,44.0,0,0,1,13,2,2,3
R0106,41.0,50.0,46.75,43.3,48.375,25.0,41.67,40.0,40.0,55.00000000000001,20.0,50.0,49.2,25.1,52.2,35.05,46.8,0.205,0.23375,0.191675,5,0.4675,55.00000000000001,50.0,30.0,40.0,-15.000000000000007,25.000000000000007,11.086778913041728,35.0,50.0,67.5,30.000000000000004,-4.9999999999999964,37.5,16.878857583774245,75.0,55.00000000000001,45.625,12.5,-62.5,62.5,26.07768342695851,55.00000000000001,35.0,75.0,0.8367006838144548,20.0,70.0,31.25,0.7858317120683934,40.0,65.0,60.0,0.8919876550265357,40.0,30.000000000000004,12.5,0.8863484858584512,50.0,50.0,55.00000000000001,0.9764297739604484,22.0,0,1,4,43,37,3,1
R0107,58.4375,73.75,48.75,54.5625,61.25,89.99999999999999,64.325,,60.0,18.75,80.0,75.0,,66.0,40.89999999999999,76.4,74.0,0.4309765625,0.35953125,0.28488281249999997,4,0.39,18.75,75.0,80.0,60.0,41.25,61.25,27.789667594269638,65.0,100.0,70.0,60.0,-5.0,40.0,17.969882210706523,15.000000000000002,50.0,70.0,60.0,45.0,55.0,23.935677693908453,18.75,65.0,15.000000000000002,0.7726206058392958,80.0,70.0,70.0,0.9528595479208969,,,,,60.0,60.0,60.0,1.0,75.0,100.0,50.0,0.7958758547680684,30.0,0,2,1,13,2,3,1
R0108,74.25,72.0,73.75,74.05,72.875,37.5,66.27000000000001,81.25,50.0,85.00000000000001,75.0,80.0,61.75,54.7,70.7,66.1,78.1,0.5346,0.531,0.5475937500000001,5,0.7375,85.00000000000001,80.0,78.125,50.0,-35.000000000000014,35.000000000000014,15.78975637082473,70.0,95.0,72.5,50.0,-20.0,45.0,18.413649828320295,80.0,89.99999999999999,64.375,70.0,-10.0,25.624999999999986,11.300523125796722,85.00000000000001,70.0,80.0,0.9376390435537676,75.0,50.0,85.00000000000001,0.8528039855612025,81.25,95.0,43.75,0.7834134763605496,50.0,50.0,70.0,0.9057190958417937,80.0,95.0,89.99999999999999,0.9376390435537677,28.0,0,2,4,7,4,0,0
R0109,61.0,73.0,68.0,63.8,70.5,40.0,61.72,89.99999999999999,50.0,85.00000000000001,15.000000000000002,65.0,67.0,76.0,76.2,38.8,50.6,0.4453,0.4964,0.4148,5,0.68,85.00000000000001,65.0,52.49999999999999,50.0,-35.000000000000014,35.000000000000014,15.991534218662915,95.0,44.99999999999999,62.5,100.0,5.0,55.00000000000001,26.3292454632993,80.0,50.0,55.0,100.0,20.0,50.0,23.228933107943924,85.00000000000001,95.0,80.0,0.9376390435537677,15.000000000000002,55.00000000000001,44.99999999999999,0.8300326828802405,89.99999999999999,70.0,65.0,0.8919876550265358,50.0,100.0,100.0,0.7642977396044841,65.0,44.99999999999999,50.0,0.9150163414401202,24.0,0,1,0,3,2,2,3
R0110,48.25,38.0,43.0,46.15,40.5,50.0,44.66,81.25,40.0,50.0,60.0,9.999999999999998,65.9,25.4,50.400000000000006,40.400000000000006,41.2,0.18334999999999999,0.1634,0.207475,5,0.43,50.0,9.999999999999998,70.625,40.0,-10.0,60.625,25.230061228291408,25.0,44.99999999999999,50.0,20.0,-5.0,30.0,14.719601443879743,65.0,55.00000000000001,45.0,4.999999999999999,-60.0,60.0,26.299556396765833,50.0,25.0,65.0,0.8350084177231389,60.0,35.0,25.0,0.8528039855612025,81.25,65.0,65.0,0.9233967653714573,40.0,20.0,4.999999999999999,0.8566279122159562,9.999999999999998,44.99999999999999,55.00000000000001,0.8070693849534962,45.0,1,2,2,18,6,3,1
R0111,62.0,54.0,65.75,63.5,59.875,31.25,55.60000000000001,35.0,75.0,55.00000000000001,80.0,65.0,49.45,54.25,59.2,65.25,49.85,0.33480000000000004,0.35505000000000003,0.40764999999999996,5,0.6575,55.00000000000001,65.0,57.5,75.0,19.999999999999993,19.999999999999993,8.984941105353258,75.0,50.0,42.50000000000001,60.0,-15.0,32.49999999999999,14.049762750072802,68.75,50.0,80.0,50.0,-18.75,30.0,14.803399102908765,55.00000000000001,75.0,68.75,0.9164585931009858,80.0,55.00000000000001,80.0,0.8821488698022422,35.0,30.000000000000004,80.0,0.7751543739461326,75.0,60.0,50.0,0.8972597666171838,65.0,50.0,50.0,0.9292893218813453,38.0,0,1,0,78,49,1,1
R0112,41.75,52.25,50.5,45.25,51.375,56.25,49.900000000000006,75.0,25.0,65.0,18.75,25.0,62.25,43.75,54.05,46.8,42.650000000000006,0.21814374999999997,0.2638625,0.21083749999999998,5,0.505,65.0,25.0,46.875,25.0,-40.0,40.0,19.33379354696503,55.00000000000001,9.999999999999998,65.625,65.0,9.999999999999993,55.625,26.390373678988833,44.99999999999999,65.0,52.5,37.5,-7.499999999999993,27.5,11.726039399558575,65.0,55.00000000000001,44.99999999999999,0.9183503419072274,18.75,56.25,55.00000000000001,0.8260946937107566,75.0,75.0,50.0,0.882148869802242,25.0,65.0,37.5,0.8329171862019715,25.0,9.999999999999998,65.0,0.7678601953802647,35.0,0,2,0,17,10,0,0
R0113,38.75,37.1875,36.25,37.75,36.71875,68.75,43.5375,,60.0,20.0,35.0,40.0,,55.35,26.15,40.3,52.35,0.1441015625,0.1348046875,0.14046875,4,0.29,20.0,40.0,35.0,60.0,40.0,40.0,16.520189667999176,20.0,55.00000000000001,18.75,55.00000000000001,35.00000000000001,36.25000000000001,20.5744329609996,9.999999999999998,50.0,40.0,44.99999999999999,34.99999999999999,40.0,17.96988221070652,20.0,20.0,9.999999999999998,0.9528595479208968,35.0,18.75,40.0,0.9092852455955115,,,,,60.0,55.00000000000001,44.99999999999999,0.9376390435537676,40.0,55.00000000000001,50.0,0.9376390435537676,41.0,1,3,4,6,3,6,4
R0114,52.5,56.25,57.5,54.5,56.875,60.0,56.55,,75.0,20.0,60.0,55.00000000000001,,71.8,41.2,49.8,63.400000000000006,0.29531250000000003,0.3234375,0.301875,4,0.45999999999999996,20.0,55.00000000000001,60.0,75.0,55.0,55.0,23.27373340628157,50.0,65.0,44.99999999999999,65.0,15.0,20.000000000000007,10.307764064044154,40.0,70.0,40.0,80.0,40.0,40.0,20.615528128088304,20.0,50.0,40.0,0.8752780871075353,60.0,44.99999999999999,40.0,0.9150163414401202,,,,,75.0,65.0,80.0,0.9376390435537676,55.00000000000001,65.0,70.0,0.9376390435537677,36.0,0,1,2,11,9,3,1
R0115,54.0,36.75,22.25,41.3,29.5,75.0,43.32,60.0,50.0,30.000000000000004,80.0,50.0,48.2,41.6,34.55,46.45,45.8,0.19845000000000002,0.08176875,0.12015,5,0.2225,30.000000000000004,50.0,70.0,50.0,19.999999999999996,40.0,16.329931618554518,43.75,40.0,45.0,9.999999999999998,-33.75,35.0,16.594897559189693,9.999999999999998,30.000000000000004,18.125,35.0,25.0,25.0,11.335037402526147,30.000000000000004,43.75,9.999999999999998,0.8614309237640343,80.0,50.0,6.25,0.6971776281565563,60.0,40.0,30.000000000000004,0.8752780871075353,50.0,9.999999999999998,35.0,0.8350084177231389,50.0,40.0,30.000000000000004,0.9183503419072274,19.0,0,3,1,20,10,3,1
R0116,19.6875,25.0,23.75,21.3125,24.375,20.0,22.275,,30.000000000000004,43.75,0.0,4.999999999999999,,21.4,35.900000000000006,21.8,10.0,0.04921875,0.059375,0.046757812499999996,4,0.19,43.75,4.999999999999999,0.0,30.000000000000004,-13.749999999999996,43.75,20.725763958577417,35.0,15.000000000000002,35.0,15.000000000000002,-20.0,20.0,11.547005383792516,40.0,4.999999999999999,30.000000000000004,20.0,-20.0,35.0,14.930394055974098,43.75,35.0,40.0,0.964156978053989,0.0,35.0,30.000000000000004,0.8454396917417383,,,,,30.000000000000004,15.000000000000002,20.0,0.9376390435537676,4.999999999999999,15.000000000000002,4.999999999999999,0.9528595479208968,38.0,0,1,0,3,2,2,3
R0117,46.5625,51.25,56.25,50.4375,53.75,30.000000000000004,47.675,56.25,50.0,44.99999999999999,,35.0,51.7,58.0,44.8,,36.2,0.23863281249999999,0.28828125,0.2619140625,4,0.45,44.99999999999999,35.0,56.25,50.0,5.000000000000007,21.25,8.977692261006352,50.0,55.00000000000001,35.0,65.0,15.0,30.0,12.500000000000002,50.0,30.000000000000004,70.0,75.0,25.0,45.0,20.564937798755107,44.99999999999999,50.0,50.0,0.9764297739604484,,,,,56.25,35.0,70.0,0.8560237288069084,50.0,65.0,75.0,0.8972597666171838,35.0,55.00000000000001,30.000000000000004,0.8919876550265357,36.0,0,1,3,10,4,1,1
R0118,36.0,37.5,44.0,39.2,40.75,25.0,36.98,44.99999999999999,75.0,40.0,0.0,20.0,39.2,66.1,41.6,15.0,23.0,0.135,0.165,0.15839999999999999,5,0.44,40.0,20.0,22.499999999999996,75.0,35.0,55.0,25.361962989222,44.99999999999999,30.000000000000004,24.999999999999996,62.5,17.500000000000007,37.5,16.878857583774245,50.0,20.0,32.5,85.00000000000001,35.000000000000014,65.00000000000001,28.23819812476238,40.0,44.99999999999999,50.0,0.9591751709536137,0.0,4.999999999999999,25.0,0.8919876550265357,44.99999999999999,44.99999999999999,40.0,0.9764297739604485,75.0,62.5,85.00000000000001,0.9079553248567728,20.0,30.000000000000004,20.0,0.9528595479208968,27.0,0,2,3,24,7,2,3
R0119,58.0,64.25,46.5,53.4,55.375,50.0,53.510000000000005,44.99999999999999,44.99999999999999,50.0,65.0,85.00000000000001,30.6,60.2,57.0,55.95,63.8,0.3726499999999999,0.2987625,0.2697,5,0.465,50.0,85.00000000000001,55.0,44.99999999999999,-5.000000000000007,40.00000000000002,17.96988221070653,62.5,95.0,41.875,80.0,17.5,53.125,22.89226921000479,62.5,40.0,32.5,65.0,2.5,32.5,16.20185174601965,50.0,62.5,62.5,0.9410744349011211,65.0,43.75,60.0,0.9092852455955115,44.99999999999999,40.0,4.999999999999999,0.8220486957994781,44.99999999999999,80.0,65.0,0.8566279122159561,85.00000000000001,95.0,40.0,0.7607883317598779,30.0,0,2,1,11,10,4,2
R0120,47.5,55.25,53.0,46.5,54.125,50.0,50.25,40.0,55.00000000000001,,20.0,75.0,45.6,50.400000000000006,,36.60000000000001,56.8,0.2624375,0.292825,0.25175,5,0.53,,75.0,30.0,55.00000000000001,,45.0,22.546248764114473,81.25,44.99999999999999,47.5,55.00000000000001,-26.249999999999993,36.25000000000001,16.594897559189693,85.00000000000001,55.00000000000001,40.0,44.99999999999999,-40.00000000000002,45.000000000000014,20.15564437074638,,81.25,85.00000000000001,,20.0,55.00000000000001,30.000000000000004,0.8528039855612025,40.0,40.0,50.0,0.9528595479208968,55.00000000000001,55.00000000000001,44.99999999999999,0.9528595479208968,75.0,44.99999999999999,55.00000000000001,0.8752780871075353,19.0,0,0,3,7,4,6,4
R0121,53.0,46.25,51.25,52.3,48.75,44.99999999999999,49.42,44.99999999999999,70.0,44.99999999999999,60.0,44.99999999999999,61.05,53.8,39.9,53.75,38.6,0.24512500000000004,0.23703125,0.271625,5,0.5125,44.99999999999999,44.99999999999999,52.5,70.0,25.000000000000007,25.000000000000007,11.792476415070759,37.5,40.0,51.875,50.0,12.5,14.375,7.151176330972874,35.0,30.000000000000004,70.625,50.0,15.0,40.625,18.245825721243747,44.99999999999999,37.5,35.0,0.9575081707200601,60.0,43.75,60.0,0.9233967653714573,44.99999999999999,60.0,81.25,0.8512785975202104,70.0,50.0,50.0,0.9057190958417937,44.99999999999999,40.0,30.000000000000004,0.9376390435537677,27.0,1,2,1,47,20,2,3
R0122,64.16666666666667,71.66666666666667,70.0,66.5,70.83333333333333,85.00000000000001,71.93333333333334,,75.0,87.5,,30.000000000000004,,72.2,89.4,,54.2,0.45986111111111116,0.5016666666666666,0.44916666666666666,3,0.42,87.5,30.000000000000004,,75.0,-12.5,57.5,30.242078852706758,95.0,60.0,,60.0,-35.0,35.0,20.207259421636902,89.99999999999999,50.0,,70.0,-19.999999999999986,39.999999999999986,19.999999999999993,87.5,95.0,89.99999999999999,0.9688195217768838,,,,,,,,,75.0,60.0,70.0,0.9376390435537676,30.000000000000004,60.0,50.0,0.8752780871075353,32.0,0,0,0,14,4,6,4
R0123,78.4375,66.25,81.25,79.5625,73.75,37.5,68.825,,55.00000000000001,93.75,70.0,95.0,,55.7,75.6,66.3,77.7,0.5196484375,0.5382812499999999,0.6373046875,4,0.65,93.75,95.0,70.0,55.00000000000001,-38.74999999999999,39.99999999999999,19.401863097823014,75.0,75.0,75.0,40.0,-35.0,35.0,17.5,85.00000000000001,89.99999999999999,75.0,75.0,-10.000000000000014,14.999999999999986,7.4999999999999964,93.75,75.0,85.00000000000001,0.9233967653714573,70.0,75.0,75.0,0.9764297739604484,,,,,55.00000000000001,40.0,75.0,0.8566279122159562,95.0,75.0,89.99999999999999,0.9150163414401202,45.0,0,1,4,3,2,6,4
R0124,48.0,72.25,61.0,53.2,66.625,31.25,54.18000000000001,15.000000000000002,40.0,68.75,35.0,81.25,49.25,60.45,64.2,36.25,60.75,0.3468,0.44072500000000003,0.2928,5,0.61,68.75,81.25,25.0,40.0,-28.75,56.25,25.799709300687866,81.25,85.00000000000001,62.5,70.0,-11.25,22.500000000000014,10.326694776161446,70.0,50.0,50.0,85.00000000000001,15.000000000000014,35.000000000000014,17.017148213885122,68.75,81.25,70.0,0.9437885934865332,35.0,44.99999999999999,35.0,0.9528595479208969,15.000000000000002,80.0,65.0,0.7221111333244489,40.0,70.0,85.00000000000001,0.8129171306613029,81.25,85.00000000000001,50.0,0.8430985801353106,36.0,0,2,3,11,3,5,0
R0125,28.4375,35.3125,28.75,28.5625,32.03125,50.0,34.2375,,44.99999999999999,43.75,15.000000000000002,9.999999999999998,,42.60000000000001,39.900000000000006,33.6,20.85,0.100419921875,0.1015234375,0.08175781249999999,4,0.22999999999999998,43.75,9.999999999999998,15.000000000000002,44.99999999999999,1.249999999999993,34.99999999999999,18.52293060866269,25.0,6.25,55.00000000000001,55.00000000000001,30.000000000000007,48.75000000000001,23.987301327994363,40.0,20.0,25.0,30.000000000000004,-9.999999999999996,20.0,8.539125638299666,43.75,25.0,40.0,0.9189907412699018,15.000000000000002,55.00000000000001,25.0,0.8300326828802405,,,,,44.99999999999999,55.00000000000001,30.000000000000004,0.8972597666171838,9.999999999999998,6.25,20.0,0.9419650488450662,38.0,0,2,4,93,56,6,4
R0126,34.5,38.0,38.5,36.1,38.25,50.0,39.74,44.99999999999999,37.5,40.0,4.999999999999999,44.99999999999999,50.8,31.0,41.400000000000006,15.2,60.3,0.1311,0.1463,0.132825,5,0.385,40.0,44.99999999999999,24.999999999999996,37.5,-2.5,19.999999999999996,8.508574106942557,55.00000000000001,40.0,40.0,15.000000000000002,-40.00000000000001,40.00000000000001,16.583123951777,30.000000000000004,87.5,25.0,25.0,-5.0000000000000036,62.5,30.507854179975794,40.0,55.00000000000001,30.000000000000004,0.8972597666171838,4.999999999999999,20.0,0.0,0.9150163414401202,44.99999999999999,60.0,50.0,0.9376390435537676,37.5,15.000000000000002,25.0,0.9079553248567729,44.99999999999999,40.0,87.5,0.7868881357909263,35.0,0,1,2,6,1,2,3
R0127,42.8125,46.66666666666666,45.9375,44.0625,47.708333333333336,50.0,46.708333333333336,,56.25,20.0,50.0,44.99999999999999,,52.75,35.6,,51.400000000000006,0.19979166666666662,0.21437499999999995,0.196669921875,4,0.3675,20.0,44.99999999999999,50.0,56.25,36.25,36.25,15.889429138056954,4.999999999999999,89.99999999999999,,44.99999999999999,39.99999999999999,84.99999999999999,42.52450274057691,55.00000000000001,35.0,37.5,56.25,1.249999999999993,21.25,11.244211473761364,20.0,4.999999999999999,55.00000000000001,0.7905032485003911,50.0,,37.5,,,,,,56.25,44.99999999999999,56.25,0.9469669914110089,44.99999999999999,89.99999999999999,35.0,0.7607883317598779,42.0,0,2,3,3,1,2,3
R0128,28.75,27.0,24.5,27.05,25.75,50.0,31.12,60.0,25.0,43.75,9.999999999999998,4.999999999999999,29.200000000000003,25.6,30.0,32.6,38.2,0.077625,0.06615,0.0704375,5,0.245,43.75,4.999999999999999,35.0,25.0,-18.75,38.75,16.65754958970056,25.0,44.99999999999999,17.5,30.000000000000004,5.0000000000000036,27.499999999999993,11.614466553971958,12.5,50.0,24.999999999999996,9.999999999999998,-2.5000000000000018,40.0,18.300159379998124,43.75,25.0,12.5,0.8715747082714796,9.999999999999998,20.0,44.99999999999999,0.8528039855612026,60.0,15.000000000000002,4.999999999999999,0.7607883317598779,25.0,30.000000000000004,9.999999999999998,0.9150163414401202,4.999999999999999,44.99999999999999,50.0,0.7986159004400905,39.0,0,0,0,12,8,4,2
R0129,46.0,56.75,44.6875,44.125,54.0625,50.0,49.275000000000006,20.0,55.00000000000001,25.0,80.0,50.0,41.0,,31.950000000000003,61.95,62.2,0.26105,0.2536015625,0.2055625,5,0.446875,25.0,50.0,50.0,55.00000000000001,30.000000000000007,30.000000000000007,13.540064007726603,43.75,75.0,67.5,30.000000000000004,-13.749999999999996,45.0,20.851034147015344,20.0,70.0,44.375,,,50.0,25.002604031047113,25.0,43.75,20.0,0.8977679654467892,80.0,85.00000000000001,43.75,0.8161937916657268,20.0,50.0,44.99999999999999,0.8687665354331365,55.00000000000001,30.000000000000004,,,50.0,75.0,70.0,0.8919876550265357,26.0,0,1,3,31,29,0,0
R0130,39.25,54.0,50.0,43.55,52.0,25.0,43.22,31.25,75.0,0.0,70.0,20.0,51.900000000000006,55.0,15.4,58.8,35.0,0.21195000000000003,0.27,0.19625,5,0.5,0.0,20.0,50.625,75.0,75.0,75.0,33.09698107456328,25.0,44.99999999999999,65.0,70.0,45.0,45.0,20.56493779875511,15.000000000000002,44.99999999999999,70.0,50.0,35.0,55.0,22.73030282830976,0.0,25.0,15.000000000000002,0.8972597666171838,70.0,50.0,75.0,0.8919876550265357,31.25,80.0,65.0,0.7961311696212489,75.0,70.0,50.0,0.8919876550265357,20.0,44.99999999999999,44.99999999999999,0.8821488698022422,20.0,0,1,4,3,2,2,3
R0131,55.9375,40.0,40.0,49.5625,40.0,50.0,45.825,,75.0,65.0,43.75,40.0,,50.6,46.8,43.1,42.8,0.22375,0.16000000000000003,0.22375,4,0.32000000000000006,65.0,40.0,43.75,75.0,10.0,35.0,16.813158289466816,25.0,35.0,50.0,50.0,25.0,25.0,12.24744871391589,44.99999999999999,44.99999999999999,35.0,35.0,-9.999999999999993,9.999999999999993,5.773502691896254,65.0,25.0,44.99999999999999,0.8367006838144548,43.75,50.0,35.0,0.9384799039156941,,,,,75.0,50.0,35.0,0.8350084177231389,40.0,35.0,44.99999999999999,0.9591751709536137,30.0,0,1,0,26,2,4,2
R0132,37.1875,37.5,47.1875,41.1875,42.34375,55.00000000000001,44.4125,,50.0,15.000000000000002,40.0,43.75,,55.5,29.85,44.6,47.7,0.139453125,0.176953125,0.175478515625,4,0.3775,15.000000000000002,43.75,40.0,50.0,35.0,35.0,15.356018092808652,20.0,50.0,30.000000000000004,50.0,30.0,30.0,15.0,31.25,44.99999999999999,50.0,62.5,31.25,31.25,12.92506447437175,15.000000000000002,20.0,31.25,0.932043723207083,40.0,30.000000000000004,50.0,0.9183503419072274,,,,,50.0,50.0,62.5,0.9410744349011211,43.75,50.0,44.99999999999999,0.9729969137566339,33.0,0,0,1,39,12,1,1
R0133,48.25,46.0,34.75,42.85,40.375,68.75,47.040000000000006,70.0,56.25,55.00000000000001,25.0,35.0,54.150000000000006,38.0,63.55,32.15,47.35,0.22195,0.15985,0.16766874999999998,5,0.3475,55.00000000000001,35.0,47.5,56.25,1.249999999999993,21.25,9.756141228306747,75.0,44.99999999999999,45.0,20.0,-55.0,55.0,22.5,60.0,44.99999999999999,25.0,18.75,-41.25,41.25,18.88493116217266,55.00000000000001,75.0,60.0,0.9150163414401202,25.0,35.0,15.000000000000002,0.9183503419072274,70.0,55.00000000000001,35.0,0.8566279122159562,56.25,20.0,18.75,0.8260946937107566,35.0,44.99999999999999,44.99999999999999,0.9528595479208969,41.0,0,0,0,6,2,5,0
R0134,75.0,70.0,68.125,72.25,69.0625,56.25,67.775,,60.0,70.0,75.0,95.0,,63.150000000000006,63.45,71.85,72.65,0.5249999999999999,0.476875,0.5109375,4,0.545,70.0,95.0,75.0,60.0,-10.0,35.0,14.719601443879744,60.0,85.00000000000001,60.0,75.0,15.0,25.000000000000014,12.247448713915896,65.0,60.0,85.00000000000001,62.5,-2.5,25.000000000000014,11.433685611676877,70.0,60.0,65.0,0.9591751709536137,75.0,60.0,85.00000000000001,0.8972597666171837,,,,,60.0,75.0,62.5,0.9343832677165682,95.0,85.00000000000001,60.0,0.8528039855612025,29.0,0,1,1,3,1,6,4
R0135,20.0,11.25,40.0,28.0,25.625,40.0,29.450000000000003,,20.0,20.0,,,,27.9,31.0,,,0.022500000000000003,0.045000000000000005,0.08000000000000002,2,0.16000000000000003,20.0,,,20.0,0.0,0.0,0.0,9.999999999999998,,,12.5,2.5000000000000018,2.5000000000000018,1.76776695296637,44.99999999999999,,,35.0,-9.999999999999993,9.999999999999993,7.07106781186547,20.0,9.999999999999998,44.99999999999999,0.8528039855612026,,,,,,,,,20.0,12.5,35.0,0.9064585653306515,,,,,49.0,0,2,2,14,7,4,2
R0136,49.0,38.0,48.25,48.7,43.125,40.0,44.73,40.0,70.0,40.0,35.0,60.0,31.85,56.0,34.400000000000006,55.400000000000006,46.0,0.1862,0.18334999999999999,0.236425,5,0.4825,40.0,60.0,37.5,70.0,30.0,32.5,15.728821740147396,30.000000000000004,55.00000000000001,37.5,30.000000000000004,0.0,25.000000000000004,11.792476415070755,30.000000000000004,35.0,53.125,70.0,40.0,40.0,18.252960661675317,40.0,30.000000000000004,30.000000000000004,0.9528595479208969,35.0,60.0,75.0,0.8350084177231389,40.0,15.000000000000002,31.25,0.8964183092111996,70.0,30.000000000000004,70.0,0.8114381916835873,60.0,55.00000000000001,35.0,0.8919876550265357,25.0,0,3,3,3,1,2,3
R0137,58.125,57.083333333333336,65.0,60.875,57.708333333333336,56.25,58.68333333333334,,30.000000000000004,89.99999999999999,62.5,50.0,,51.3,59.25,64.25,,0.331796875,0.37104166666666666,0.37781250000000005,4,0.52,89.99999999999999,50.0,62.5,30.000000000000004,-59.999999999999986,59.999999999999986,25.11432194319939,60.0,,55.00000000000001,56.25,-3.75,4.999999999999993,2.602082499332663,40.0,85.00000000000001,75.0,60.0,20.0,45.000000000000014,19.578900207451223,89.99999999999999,60.0,40.0,0.7945195332343675,62.5,55.00000000000001,75.0,0.9175042088615695,,,,,30.000000000000004,56.25,60.0,0.8665365218496086,50.0,,85.00000000000001,,23.0,0,1,3,3,2,6,4
R0138,49.0625,51.5625,61.5625,54.0625,56.5625,55.00000000000001,55.25,,25.0,40.0,56.25,75.0,,32.4,45.35,63.25,80.0,0.252978515625,0.317431640625,0.30204101562499996,4,0.4925,40.0,75.0,56.25,25.0,-15.0,50.0,21.49067142583808,44.99999999999999,75.0,81.25,4.999999999999999,-39.99999999999999,76.25,34.841531132639204,43.75,100.0,62.5,40.0,-3.75,60.0,27.450239069997185,40.0,44.99999999999999,43.75,0.9787540853600301,56.25,81.25,62.5,0.8937704268001503,,,,,25.0,4.999999999999999,40.0,0.8566279122159562,75.0,75.0,100.0,0.882148869802242,24.0,0,1,2,95,30,4,2
R0139,70.0,75.0,62.25,66.9,68.625,70.0,68.21000000000001,44.99999999999999,75.0,95.0,85.00000000000001,50.0,51.2,69.6,77.30000000000001,85.15,57.8,0.5249999999999999,0.46687500000000004,0.43575,5,0.6225,95.0,50.0,65.0,75.0,-20.0,45.0,18.874586088176873,89.99999999999999,60.0,72.5,80.0,-9.999999999999986,29.999999999999986,12.644992421244593,62.5,55.00000000000001,66.875,60.0,-2.5,11.874999999999993,4.957501680954494,95.0,89.99999999999999,62.5,0.857113098337648,85.00000000000001,85.00000000000001,93.75,0.9587521044307848,44.99999999999999,60.0,40.0,0.9150163414401202,75.0,80.0,60.0,0.9150163414401202,50.0,60.0,55.00000000000001,0.9591751709536137,19.0,0,2,3,94,27,5,0
R0140,60.0,57.1875,77.5,67.0,67.34375,75.0,68.7375,,70.0,25.0,70.0,75.0,,75.4,63.55,66.8,69.2,0.343125,0.44320312500000003,0.46499999999999997,4,0.6200000000000001,25.0,75.0,70.0,70.0,45.0,50.0,23.45207879911715,68.75,55.00000000000001,40.0,65.0,-3.75,28.75,12.844218868165294,80.0,70.0,75.0,85.00000000000001,5.000000000000014,15.000000000000014,6.454972243679033,25.0,68.75,80.0,0.762755985908554,70.0,40.0,75.0,0.8454396917417383,,,,,70.0,65.0,85.00000000000001,0.9150163414401202,75.0,55.00000000000001,70.0,0.9150163414401202,34.0,0,1,4,25,14,6,4
R0141,74.0625,61.25000000000001,66.25,70.9375,63.75000000000001,62.5,66.375,,70.0,81.25,55.00000000000001,89.99999999999999,,70.9,68.80000000000001,51.7,74.1,0.45363281250000004,0.40578125000000004,0.49066406249999994,4,0.53,81.25,89.99999999999999,55.00000000000001,70.0,-11.25,34.99999999999998,15.116733278059773,85.00000000000001,65.0,40.0,55.00000000000001,-30.000000000000007,45.000000000000014,18.87458608817688,55.00000000000001,75.0,50.0,85.00000000000001,30.000000000000007,35.000000000000014,16.52018966799918,81.25,85.00000000000001,55.00000000000001,0.8665365218496086,55.00000000000001,40.0,50.0,0.9376390435537676,,,,,70.0,55.00000000000001,85.00000000000001,0.877525512860841,89.99999999999999,65.0,75.0,0.8972597666171838,31.0,0,3,4,33,17,2,3
R0142,42.0,53.5,45.0,43.2,49.25,55.00000000000001,47.98,40.0,35.0,60.0,30.000000000000004,44.99999999999999,31.800000000000004,52.400000000000006,59.5,48.2,48.0,0.2247,0.24075000000000002,0.189,5,0.45,60.0,44.99999999999999,35.0,35.0,-25.0,25.0,11.814539065631521,62.5,50.0,40.0,75.0,12.5,35.0,15.189771777965154,60.0,44.99999999999999,35.0,50.0,-10.0,25.0,10.408329997330663,60.0,62.5,60.0,0.9882148869802242,30.000000000000004,60.0,50.0,0.8752780871075353,40.0,20.0,20.0,0.9057190958417937,35.0,75.0,50.0,0.8350084177231389,44.99999999999999,50.0,44.99999999999999,0.9764297739604484,25.0,0,2,3,57,31,6,4
R0143,35.9375,46.5625,43.75,39.0625,45.15625,75.0,48.6875,30.000000000000004,43.75,20.0,,50.0,48.2,49.75,44.2,,52.6,0.167333984375,0.2037109375,0.1572265625,4,0.35000000000000003,20.0,50.0,30.000000000000004,43.75,23.75,30.0,13.516001319423827,50.0,65.0,40.0,31.25,-18.75,33.75,14.483287782820584,40.0,35.0,50.0,50.0,10.0,15.0,7.5,20.0,50.0,40.0,0.8752780871075353,,,,,30.000000000000004,40.0,50.0,0.9183503419072274,43.75,31.25,50.0,0.9220488044422095,50.0,65.0,35.0,0.8775255128608411,38.0,0,3,3,37,21,2,3
R0144,69.0,72.0,71.0,69.8,71.5,35.0,63.52,70.0,75.0,85.00000000000001,70.0,44.99999999999999,70.8,72.60000000000001,54.0,64.6,55.6,0.49679999999999996,0.5112,0.48989999999999995,5,0.71,85.00000000000001,44.99999999999999,70.0,75.0,-10.000000000000014,40.00000000000002,17.017148213885122,70.0,44.99999999999999,80.0,85.00000000000001,15.000000000000014,40.00000000000002,17.795130420052192,35.0,80.0,77.5,85.00000000000001,50.000000000000014,50.000000000000014,23.1278151439632,85.00000000000001,70.0,35.0,0.790503248500391,70.0,60.0,80.0,0.9183503419072274,70.0,100.0,75.0,0.8687665354331365,75.0,85.00000000000001,85.00000000000001,0.9528595479208968,44.99999999999999,44.99999999999999,80.0,0.8350084177231388,43.0,1,3,2,31,24,4,2
R0145,49.75,38.0,36.25,44.35,37.125,20.0,36.59,44.99999999999999,35.0,43.75,55.00000000000001,70.0,40.2,28.8,16.3,51.45,46.2,0.18905,0.13774999999999998,0.18034375,5,0.3625,43.75,70.0,50.0,35.0,-8.75,35.0,14.873599373834612,0.0,55.00000000000001,62.5,9.999999999999998,9.999999999999998,62.5,31.44936406352281,4.999999999999999,40.0,48.125,40.0,35.0,43.125,19.239275963074423,43.75,0.0,4.999999999999999,0.8044771965558322,55.00000000000001,70.0,56.25,0.932043723207083,44.99999999999999,55.00000000000001,40.0,0.9376390435537676,35.0,9.999999999999998,40.0,0.8687665354331364,70.0,55.00000000000001,40.0,0.8775255128608411,31.0,0,2,2,26,16,4,2
R0146,59.0,63.0,52.5,52.5,55.625,35.0,50.25,85.00000000000001,40.0,60.0,65.0,44.99999999999999,,43.400000000000006,58.0,48.400000000000006,51.2,0.3717,0.33075000000000004,0.30974999999999997,5,0.525,60.0,44.99999999999999,75.0,40.0,-20.0,35.0,15.811388300841898,75.0,50.0,77.5,35.0,-40.0,42.5,20.45065198634671,60.0,65.0,30.000000000000004,55.00000000000001,-4.999999999999993,35.0,15.545631755148023,60.0,75.0,60.0,0.9292893218813453,65.0,75.0,30.000000000000004,0.8070693849534962,85.00000000000001,80.0,,,40.0,35.0,55.00000000000001,0.9150163414401202,44.99999999999999,50.0,65.0,0.9150163414401202,24.0,0,3,3,55,35,5,0
R0147,19.0,26.5,25.0,21.4,25.75,80.0,34.86,44.99999999999999,20.0,0.0,25.0,4.999999999999999,51.8,28.7,23.25,45.75,24.8,0.050350000000000006,0.06625,0.0475,5,0.25,0.0,4.999999999999999,35.0,20.0,20.0,35.0,15.811388300841896,25.0,20.0,37.5,12.5,-12.5,25.0,10.50793351076541,6.25,9.999999999999998,46.875,15.000000000000002,8.750000000000002,40.625,18.57820603781036,0.0,25.0,6.25,0.8937704268001503,25.0,40.0,43.75,0.9189907412699018,44.99999999999999,35.0,50.0,0.9376390435537677,20.0,12.5,15.000000000000002,0.9688195217768838,4.999999999999999,20.0,9.999999999999998,0.9376390435537676,31.0,0,2,2,3,1,6,4
R0148,71.0,67.0,67.0,69.4,67.0,25.0,59.56,85.00000000000001,35.0,80.0,89.99999999999999,65.0,67.00000000000001,33.8,67.4,79.0,50.6,0.4757,0.4489000000000001,0.4757,5,0.67,80.0,65.0,87.5,35.0,-45.0,52.5,23.21771952625839,89.99999999999999,60.0,77.5,30.000000000000004,-59.999999999999986,59.999999999999986,26.01081505835601,70.0,50.0,87.5,40.0,-30.0,47.5,21.15173357749509,80.0,89.99999999999999,70.0,0.9183503419072274,89.99999999999999,100.0,89.99999999999999,0.9528595479208968,85.00000000000001,55.00000000000001,85.00000000000001,0.8585786437626904,35.0,30.000000000000004,40.0,0.9591751709536137,65.0,60.0,50.0,0.9376390435537676,36.0,0,2,4,27,4,3,1
R0149,22.5,24.0625,30.0,25.5,27.03125,50.0,31.012500000000003,,40.0,35.0,9.999999999999998,4.999999999999999,,33.0,34.8,33.05,23.2,0.054140625000000005,0.0721875,0.0675,4,0.24,35.0,4.999999999999999,9.999999999999998,40.0,5.0,35.0,17.55942292142123,9.999999999999998,15.000000000000002,31.25,40.0,30.0,30.0,13.970765607749156,40.0,25.0,40.0,15.000000000000002,-25.0,25.0,12.247448713915889,35.0,9.999999999999998,40.0,0.8687665354331364,9.999999999999998,31.25,40.0,0.8740315295180752,,,,,40.0,40.0,15.000000000000002,0.882148869802242,4.999999999999999,15.000000000000002,25.0,0.9183503419072274,35.0,0,2,0,34,15,6,4
R0150,41.0,25.0,35.0,38.6,30.0,65.0,40.44,20.0,50.0,25.0,35.0,75.0,29.6,40.0,22.8,40.0,69.8,0.1025,0.0875,0.1435,5,0.35,25.0,75.0,27.5,50.0,25.0,50.0,23.307277118244993,9.999999999999998,50.0,17.5,30.000000000000004,20.000000000000007,40.0,17.48511271529774,4.999999999999999,80.0,32.5,25.0,20.0,75.0,31.77885827611391,25.0,9.999999999999998,4.999999999999999,0.9150163414401202,35.0,30.000000000000004,35.0,0.9764297739604484,20.0,4.999999999999999,30.000000000000004,0.8972597666171838,50.0,30.000000000000004,25.0,0.8919876550265357,75.0,50.0,80.0,0.8687665354331365,45.0,0,0,3,11,2,2,3
R0151,73.75,74.0,85.0,78.25,79.5,65.0,76.1,93.75,55.00000000000001,50.0,80.0,89.99999999999999,81.25,67.2,65.6,77.65,88.80000000000001,0.5457500000000001,0.629,0.6268750000000001,5,0.85,50.0,89.99999999999999,86.875,55.00000000000001,5.000000000000007,39.999999999999986,20.887689506421395,50.0,100.0,75.0,70.0,20.0,50.0,20.56493779875511,85.00000000000001,95.0,85.0,75.0,-10.000000000000014,20.0,8.16496580927726,50.0,50.0,85.00000000000001,0.8350084177231388,80.0,56.25,95.0,0.8404650856743613,93.75,93.75,75.0,0.9116116523516815,55.00000000000001,70.0,75.0,0.9150163414401202,89.99999999999999,100.0,95.0,0.9591751709536136,50.0,0,1,2,42,14,2,3
R0152,68.75,64.6875,60.0,65.25,62.34375,18.75,54.7875,75.0,75.0,60.0,,65.0,66.55,51.55,48.1,,52.95,0.4447265625,0.388125,0.4125,4,0.48,60.0,65.0,75.0,75.0,15.0,15.0,7.5,68.75,60.0,80.0,50.0,-18.75,30.0,12.762861160413836,44.99999999999999,60.0,80.0,55.00000000000001,10.000000000000014,35.00000000000001,14.719601443879746,60.0,68.75,44.99999999999999,0.9019283142005015,,,,,75.0,80.0,80.0,0.9764297739604484,75.0,50.0,55.00000000000001,0.8919876550265357,65.0,60.0,60.0,0.9764297739604484,30.0,0,3,1,3,2,2,3
R0153,46.0,45.0,44.75,45.5,44.875,60.0,48.15,70.0,85.00000000000001,40.0,9.999999999999998,25.0,52.55,59.0,53.0,30.4,45.8,0.20700000000000002,0.201375,0.20585,5,0.4475,40.0,25.0,40.0,85.00000000000001,45.000000000000014,60.000000000000014,25.980762113533167,40.0,40.0,37.5,70.0,30.0,32.5,15.461646096066227,65.0,55.00000000000001,34.375,35.0,-30.0,30.625,15.17583571284736,40.0,40.0,65.0,0.882148869802242,9.999999999999998,35.0,25.0,0.8972597666171838,70.0,40.0,43.75,0.8665365218496086,85.00000000000001,70.0,35.0,0.790503248500391,25.0,40.0,55.00000000000001,0.877525512860841,44.0,0,0,1,17,2,3,1
R0154,34.75,51.75,47.0,39.65,49.375,55.00000000000001,46.61,6.25,20.0,62.5,25.0,60.0,29.5,41.8,63.55,48.0,50.2,0.17983124999999997,0.24322499999999997,0.16332499999999997,5,0.47,62.5,60.0,15.625,20.0,-42.5,46.875,25.16288085487563,43.75,70.0,52.5,40.0,-3.75,30.0,13.360973954019968,80.0,30.000000000000004,37.5,50.0,-30.0,50.0,22.020350436206353,62.5,43.75,80.0,0.8519806694305699,25.0,65.0,50.0,0.8350084177231389,6.25,40.0,25.0,0.8619329872851592,20.0,40.0,50.0,0.8752780871075353,60.0,70.0,30.000000000000004,0.8300326828802406,31.0,0,2,3,6,3,6,4
R0155,33.75,23.75,26.25,30.75,25.0,55.00000000000001,33.300000000000004,30.000000000000004,40.0,20.0,44.99999999999999,,22.200000000000003,48.2,34.6,28.200000000000003,,0.08015625,0.062343749999999996,0.08859375000000001,4,0.21000000000000002,20.0,,37.5,40.0,20.0,20.0,10.897247358851684,40.0,,12.5,30.000000000000004,-9.999999999999996,27.5,13.919410907075054,30.000000000000004,,7.500000000000001,60.0,29.999999999999996,52.5,26.339134382131846,20.0,40.0,30.000000000000004,0.9183503419072274,44.99999999999999,4.999999999999999,15.000000000000002,0.8300326828802406,30.000000000000004,20.0,0.0,0.8752780871075353,40.0,30.000000000000004,60.0,0.8752780871075353,,,,,36.0,0,1,1,3,1,3,1
R0156,22.5,15.0,18.75,21.0,16.875,25.0,20.15,,44.99999999999999,4.999999999999999,25.0,15.000000000000002,,32.400000000000006,17.2,15.6,15.4,0.03375,0.028124999999999997,0.0421875,4,0.15000000000000002,4.999999999999999,15.000000000000002,25.0,44.99999999999999,39.99999999999999,39.99999999999999,17.078251276599328,9.999999999999998,25.0,4.999999999999999,20.0,10.000000000000002,20.0,9.128709291752768,25.0,4.999999999999999,9.999999999999998,35.0,10.0,30.0,13.768926368215256,4.999999999999999,9.999999999999998,25.0,0.9150163414401202,25.0,4.999999999999999,9.999999999999998,0.9150163414401202,,,,,44.99999999999999,20.0,35.0,0.8972597666171838,15.000000000000002,25.0,4.999999999999999,0.9183503419072274,29.0,0,1,3,3,2,0,0
R0157,58.4375,52.5,61.25,59.5625,56.875,70.0,60.575,,75.0,75.0,43.75,40.0,,46.8,74.4,54.1,67.0,0.306796875,0.32156250000000003,0.35792968750000004,4,0.49000000000000005,75.0,40.0,43.75,75.0,0.0,35.0,19.18590519973799,95.0,55.00000000000001,40.0,20.0,-75.0,75.0,31.75426480542942,65.0,89.99999999999999,60.0,30.000000000000004,-35.0,59.999999999999986,24.622144504490254,75.0,95.0,65.0,0.8752780871075353,43.75,40.0,60.0,0.9131972222666681,,,,,75.0,20.0,30.000000000000004,0.7607883317598779,40.0,55.00000000000001,89.99999999999999,0.7905032485003911,34.0,0,2,4,3,1,5,0
R0158,45.0,36.66666666666666,40.833333333333336,43.333333333333336,38.75,65.0,45.833333333333336,,70.0,44.99999999999999,,20.0,,59.6,45.60000000000001,,32.3,0.16499999999999998,0.1497222222222222,0.18375000000000002,3,0.24500000000000002,44.99999999999999,20.0,,70.0,25.000000000000007,50.0,25.0,55.00000000000001,4.999999999999999,,50.0,-5.000000000000007,50.00000000000001,27.537852736430512,30.000000000000004,37.5,,55.00000000000001,25.000000000000004,25.000000000000004,12.829003598617211,44.99999999999999,55.00000000000001,30.000000000000004,0.8972597666171838,,,,,,,,,70.0,50.0,55.00000000000001,0.9150163414401202,20.0,4.999999999999999,37.5,0.8671885212457564,42.0,1,2,2,30,18,4,2
R0159,51.25,57.8125,50.0,50.75,53.90625,44.99999999999999,50.8625,55.00000000000001,50.0,35.0,65.0,,55.8,46.650000000000006,38.4,62.6,,0.2962890625,0.2890625,0.25625,4,0.4,35.0,,60.0,50.0,15.0,25.0,12.583057392117917,60.0,,57.5,56.25,-3.75,3.75,1.9094065395649333,25.0,,67.5,40.0,15.0,42.5,21.55419526062927,35.0,60.0,25.0,0.8528039855612025,65.0,55.00000000000001,75.0,0.9183503419072274,55.00000000000001,60.0,60.0,0.9764297739604485,50.0,56.25,40.0,0.9330734233157958,,,,,31.0,0,2,2,11,5,1,1
R0160,55.0,55.0,57.75,56.1,56.5625,80.0,61.065,30.000000000000004,65.0,50.0,85.00000000000001,44.99999999999999,41.7,60.6,,77.6,65.8,0.30250000000000005,0.31762500000000005,0.31762500000000005,5,0.5775,50.0,44.99999999999999,57.50000000000001,65.0,15.0,20.000000000000007,8.750000000000004,,60.0,52.5,55.00000000000001,,7.5,3.8188130791298662,56.25,75.0,53.75,50.0,-6.25,25.0,11.133657679906156,50.0,,56.25,,85.00000000000001,80.0,70.0,0.9376390435537676,30.000000000000004,25.0,37.5,0.9486298833085919,65.0,55.00000000000001,50.0,0.9376390435537677,44.99999999999999,60.0,75.0,0.877525512860841,40.0,0,3,0,21,2,6,4
R0161,57.25,62.25,73.00000000000001,63.55,67.625,15.000000000000002,55.47,55.00000000000001,50.0,65.0,60.0,56.25,47.1,47.3,67.2,61.0,54.75,0.35638125000000004,0.4544250000000001,0.41792500000000005,5,0.7300000000000001,65.0,56.25,57.5,50.0,-15.0,15.0,6.155536126122565,89.99999999999999,56.25,51.25,62.5,-27.499999999999986,38.749999999999986,17.290411601038684,85.00000000000001,75.0,75.0,55.00000000000001,-30.000000000000007,30.000000000000007,12.583057392117917,65.0,89.99999999999999,85.00000000000001,0.8919876550265357,60.0,65.0,85.00000000000001,0.8919876550265355,55.00000000000001,37.5,65.0,0.8863484858584512,50.0,62.5,55.00000000000001,0.9486298833085919,56.25,56.25,75.0,0.9116116523516815,33.0,0,3,2,28,15,3,1
R0162,49.16666666666666,41.66666666666666,40.0,45.5,40.833333333333336,35.0,41.53333333333333,,30.000000000000004,62.5,55.00000000000001,,,34.0,53.6,37.0,,0.20486111111111102,0.16666666666666663,0.19666666666666666,3,0.24,62.5,,55.00000000000001,30.000000000000004,-32.5,32.5,17.01714821388511,50.0,,30.000000000000004,44.99999999999999,-5.000000000000007,19.999999999999996,10.40832999733066,60.0,,30.000000000000004,30.000000000000004,-29.999999999999996,29.999999999999996,17.32050807568877,62.5,50.0,60.0,0.9459938275132679,55.00000000000001,30.000000000000004,30.000000000000004,0.882148869802242,,,,,30.000000000000004,44.99999999999999,30.000000000000004,0.9292893218813453,,,,,28.0,0,2,2,47,28,5,0
R0163,39.375,51.25,52.5,44.625,51.875,15.000000000000002,41.6,62.5,75.0,4.999999999999999,15.000000000000002,,56.6,62.0,22.8,25.0,,0.201796875,0.2690625,0.20671875,4,0.42000000000000004,4.999999999999999,,38.75,75.0,70.0,70.0,35.00743968549161,30.000000000000004,,52.50000000000001,70.0,40.0,40.0,20.052015692526606,35.0,,50.0,75.0,40.0,40.0,20.207259421636902,4.999999999999999,30.000000000000004,35.0,0.8687665354331364,15.000000000000002,20.0,40.0,0.8919876550265357,62.5,85.00000000000001,60.0,0.8875771869730662,75.0,70.0,75.0,0.9764297739604484,,,,,30.0,0,0,2,29,19,0,0
R0164,46.25,60.0,57.5,50.75,58.75,70.0,57.8,,30.000000000000004,40.0,44.99999999999999,70.0,,44.6,58.8,63.400000000000006,64.4,0.2775,0.345,0.2659375,4,0.45999999999999996,40.0,70.0,44.99999999999999,30.000000000000004,-9.999999999999996,40.0,17.017148213885115,50.0,60.0,85.00000000000001,44.99999999999999,-5.000000000000007,40.00000000000002,17.795130420052192,70.0,60.0,60.0,40.0,-30.0,30.0,12.583057392117917,40.0,50.0,70.0,0.8752780871075353,44.99999999999999,85.00000000000001,60.0,0.8350084177231388,,,,,30.000000000000004,44.99999999999999,40.0,0.9376390435537677,70.0,60.0,60.0,0.9528595479208968,42.0,0,1,0,12,4,6,4
R0165,60.25,48.0,50.0,56.15,49.0,15.000000000000002,45.06,60.0,50.0,56.25,80.0,55.00000000000001,46.400000000000006,41.400000000000006,32.900000000000006,51.2,53.400000000000006,0.2892,0.24,0.30125,5,0.5,56.25,55.00000000000001,70.0,50.0,-6.25,20.0,8.561967745014382,9.999999999999998,60.0,55.00000000000001,60.0,50.0,50.0,24.281337140555777,40.0,70.0,50.0,40.0,0.0,30.0,14.142135623730951,56.25,9.999999999999998,40.0,0.8084239344571225,80.0,55.00000000000001,50.0,0.8687665354331365,60.0,55.00000000000001,50.0,0.9591751709536137,50.0,60.0,40.0,0.9183503419072274,55.00000000000001,60.0,70.0,0.9376390435537677,20.0,0,0,1,5,4,3,1
R0166,34.75,36.75,37.0,35.65,36.875,65.0,42.01,4.999999999999999,50.0,55.00000000000001,44.99999999999999,18.75,35.55,54.8,34.0,52.8,32.9,0.12770625,0.13597499999999998,0.128575,5,0.37,55.00000000000001,18.75,24.999999999999996,50.0,-5.000000000000007,36.25000000000001,17.98074780610269,30.000000000000004,4.999999999999999,49.375,50.0,19.999999999999996,45.0,21.2032267100238,4.999999999999999,40.0,42.5,55.00000000000001,50.00000000000001,50.00000000000001,21.445182054096286,55.00000000000001,30.000000000000004,4.999999999999999,0.7958758547680684,44.99999999999999,55.00000000000001,50.0,0.9591751709536136,4.999999999999999,43.75,35.0,0.8340641020688344,50.0,50.0,55.00000000000001,0.9764297739604484,18.75,4.999999999999999,40.0,0.8560237288069084,20.0,0,2,1,8,7,5,0
R0167,28.25,44.0,44.0,34.55,44.0,25.0,36.42,55.00000000000001,31.25,4.999999999999999,31.25,18.75,57.400000000000006,19.5,26.200000000000003,40.7,38.3,0.1243,0.1936,0.1243,5,0.44,4.999999999999999,18.75,43.125,31.25,26.25,38.125,16.3886314127609,9.999999999999998,44.99999999999999,65.0,35.0,25.0,55.0,22.86737122335374,50.0,55.00000000000001,57.5,0.0,-50.0,57.5,27.26222967159265,4.999999999999999,9.999999999999998,50.0,0.7986159004400905,31.25,60.0,44.99999999999999,0.8825916433032885,55.00000000000001,70.0,70.0,0.9292893218813453,31.25,35.0,0.0,0.8430985801353106,18.75,44.99999999999999,55.00000000000001,0.8471338639346322,39.0,0,2,1,10,8,6,4
R0168,68.75,46.25,68.75,68.75,57.5,31.25,56.75,,89.99999999999999,65.0,35.0,85.00000000000001,,68.45,45.85,51.650000000000006,61.05,0.31796875,0.31796875,0.47265625,4,0.55,65.0,85.00000000000001,35.0,89.99999999999999,24.999999999999986,54.999999999999986,24.958298553119896,30.000000000000004,55.00000000000001,50.0,50.0,19.999999999999996,25.000000000000004,11.086778913041726,50.0,65.0,75.0,85.00000000000001,35.000000000000014,35.000000000000014,14.930394055974103,65.0,30.000000000000004,50.0,0.8566279122159562,35.0,50.0,75.0,0.8350084177231389,,,,,89.99999999999999,50.0,85.00000000000001,0.8220486957994781,85.00000000000001,55.00000000000001,65.0,0.8752780871075352,25.0,0,2,4,5,3,3,1
R0169,80.3125,82.5,70.0,76.1875,76.25,80.0,76.975,89.99999999999999,89.99999999999999,81.25,60.0,,76.4,84.6,85.89999999999999,61.0,,0.6625781249999999,0.5774999999999999,0.5621875,4,0.5599999999999999,81.25,,75.0,89.99999999999999,8.749999999999986,14.999999999999986,7.534642216677128,89.99999999999999,,70.0,100.0,10.000000000000014,30.0,15.275252316519465,89.99999999999999,,57.5,75.0,-14.999999999999986,32.499999999999986,16.266017746619273,81.25,89.99999999999999,89.99999999999999,0.9587521044307848,60.0,89.99999999999999,35.0,0.7751543739461327,89.99999999999999,50.0,80.0,0.8300326828802406,89.99999999999999,100.0,75.0,0.8972597666171838,,,,,48.0,0,1,1,56,11,2,3
R0170,77.0,73.0,85.75,80.5,79.375,50.0,73.95,75.0,100.0,80.0,100.0,30.000000000000004,80.0,81.75,81.4,79.6,47.0,0.5621,0.6259750000000001,0.6602750000000001,5,0.8575,80.0,30.000000000000004,87.5,100.0,20.0,70.0,30.712036185617304,89.99999999999999,50.0,77.5,70.0,-19.999999999999986,39.999999999999986,16.754974385735913,95.0,55.00000000000001,92.5,93.75,-1.25,39.99999999999999,19.401863097823014,80.0,89.99999999999999,95.0,0.9376390435537677,100.0,75.0,85.00000000000001,0.8972597666171838,75.0,80.0,100.0,0.8919876550265357,100.0,70.0,93.75,0.8707661465060765,30.000000000000004,50.0,55.00000000000001,0.8919876550265357,44.0,0,1,4,14,13,5,0
R0171,70.3125,66.25,66.875,68.9375,66.5625,50.0,64.2,,80.0,65.0,56.25,80.0,,74.0,60.95,58.0,63.85,0.4658203125,0.44304687499999995,0.47021484374999994,4,0.535,65.0,80.0,56.25,80.0,15.0,23.75,11.74268389253496,68.75,56.25,60.0,80.0,11.25,23.75,10.557382882766605,60.0,65.0,62.5,80.0,20.0,20.0,8.984941105353261,65.0,68.75,60.0,0.964156978053989,56.25,60.0,62.5,0.9743149416542959,,,,,80.0,80.0,80.0,1.0,80.0,56.25,65.0,0.9019283142005015,36.0,0,2,0,20,16,5,0
R0172,54.0,56.0,64.5,58.2,60.25,35.0,54.38,70.0,85.00000000000001,30.000000000000004,35.0,50.0,56.400000000000006,74.9,37.6,44.8,58.2,0.30240000000000006,0.3612,0.34830000000000005,5,0.645,30.000000000000004,50.0,52.5,85.00000000000001,55.000000000000014,55.000000000000014,22.764647299412896,44.99999999999999,70.0,42.50000000000001,80.0,35.00000000000001,37.49999999999999,18.526445062846424,40.0,70.0,62.5,87.5,47.5,47.5,19.685019685029527,30.000000000000004,44.99999999999999,40.0,0.9376390435537677,35.0,30.000000000000004,65.0,0.8454396917417383,70.0,55.00000000000001,60.0,0.9376390435537677,85.00000000000001,80.0,87.5,0.9688195217768838,50.0,70.0,70.0,0.9057190958417937,51.0,0,2,3,17,10,4,2
R0173,62.5,45.0,49.6875,57.375,47.34375,65.0,54.8875,,70.0,95.0,4.999999999999999,80.0,,56.0,67.55000000000001,27.2,68.8,0.28125,0.22359375,0.310546875,4,0.3975,95.0,80.0,4.999999999999999,70.0,-25.0,90.0,39.68626966596886,35.0,75.0,20.0,50.0,15.0,55.0,23.45207879911715,68.75,60.0,25.0,44.99999999999999,-23.750000000000007,43.75,19.15873930264376,95.0,35.0,68.75,0.7544139661951438,4.999999999999999,20.0,25.0,0.9150163414401202,,,,,70.0,50.0,44.99999999999999,0.8919876550265357,80.0,75.0,60.0,0.9150163414401202,38.0,0,0,2,5,4,6,4
R0174,51.0,56.0,63.0,55.8,59.5,70.0,60.120000000000005,55.00000000000001,30.000000000000004,40.0,85.00000000000001,44.99999999999999,54.8,61.8,46.0,76.4,61.60000000000001,0.2856,0.35280000000000006,0.32130000000000003,5,0.63,40.0,44.99999999999999,70.00000000000001,30.000000000000004,-9.999999999999996,40.000000000000014,17.017148213885122,40.0,85.00000000000001,52.5,50.0,10.0,45.000000000000014,19.5122824566135,40.0,55.00000000000001,67.5,85.00000000000001,45.000000000000014,45.000000000000014,19.08042190309219,40.0,40.0,40.0,1.0,85.00000000000001,75.0,75.0,0.9528595479208968,55.00000000000001,30.000000000000004,60.0,0.8687665354331365,30.000000000000004,50.0,85.00000000000001,0.7726969717169023,44.99999999999999,85.00000000000001,55.00000000000001,0.8300326828802405,27.0,0,0,0,3,1,0,0
R0175,33.5,38.0,31.25,32.6,34.625,37.5,34.39,4.999999999999999,30.000000000000004,37.5,25.0,70.0,33.89999999999999,25.200000000000003,20.1,37.7,55.05,0.1273,0.11875,0.1046875,5,0.3125,37.5,70.0,15.0,30.000000000000004,-7.4999999999999964,55.0,23.21771952625839,0.0,75.0,42.5,30.000000000000004,30.000000000000004,75.0,31.049355870935553,9.999999999999998,43.75,44.99999999999999,12.5,2.5000000000000018,34.99999999999999,19.158739302643756,37.5,0.0,9.999999999999998,0.841447520079663,25.0,40.0,44.99999999999999,0.9150163414401202,4.999999999999999,44.99999999999999,44.99999999999999,0.8114381916835873,30.000000000000004,30.000000000000004,12.5,0.9175042088615695,70.0,75.0,43.75,0.8629426316383456,33.0,0,2,0,44,13,5,0
R0176,44.25,43.25,44.0,44.15,43.625,50.0,45.11,44.99999999999999,44.99999999999999,60.0,31.25,40.0,49.400000000000006,36.6,60.45,43.5,35.6,0.19138125,0.1903,0.1947,5,0.44,60.0,40.0,38.125,44.99999999999999,-15.000000000000007,21.875,9.913361669148026,81.25,35.0,37.5,25.0,-56.25,56.25,24.966122880148344,55.00000000000001,25.0,55.0,30.000000000000004,-25.000000000000004,30.000000000000007,16.007810593582125,60.0,81.25,55.00000000000001,0.8861958309687695,31.25,40.0,50.0,0.9233967653714573,44.99999999999999,35.0,60.0,0.8972597666171838,44.99999999999999,25.0,30.000000000000004,0.9150163414401202,40.0,35.0,25.0,0.9376390435537676,30.0,0,0,3,5,1,5,0
R0177,41.875,31.25,26.25,35.625,28.75,55.00000000000001,36.75,,30.000000000000004,55.00000000000001,37.5,44.99999999999999,,37.0,34.6,25.6,49.8,0.130859375,0.08203125,0.109921875,4,0.21000000000000002,55.00000000000001,44.99999999999999,37.5,30.000000000000004,-25.000000000000004,25.000000000000004,10.680004681646915,25.0,50.0,9.999999999999998,40.0,15.0,40.0,17.5,15.000000000000002,50.0,9.999999999999998,30.000000000000004,15.000000000000002,40.0,17.969882210706523,55.00000000000001,25.0,15.000000000000002,0.8300326828802405,37.5,9.999999999999998,9.999999999999998,0.8703637567824662,,,,,30.000000000000004,40.0,30.000000000000004,0.9528595479208969,44.99999999999999,50.0,50.0,0.9764297739604484,19.0,0,3,3,6,2,1,1
R0178,59.16666666666666,78.33333333333333,63.333333333333336,60.833333333333336,70.83333333333333,60.0,64.66666666666667,,87.5,35.0,55.00000000000001,,,67.6,62.8,63.6,,0.4634722222222221,0.49611111111111106,0.3747222222222221,3,0.37999999999999995,35.0,,55.00000000000001,87.5,52.5,52.5,26.496855159307742,95.0,,75.0,65.0,-30.0,30.0,15.275252316519467,65.0,,65.0,60.0,-5.0,5.0,2.8867513459481287,35.0,95.0,65.0,0.7550510257216823,55.00000000000001,75.0,65.0,0.9183503419072274,,,,,87.5,65.0,60.0,0.880394165879939,,,,,41.0,0,1,1,36,25,0,0
R0179,62.5,62.5,52.49999999999999,58.5,57.5,65.0,59.400000000000006,,44.99999999999999,55.00000000000001,80.0,70.0,,40.4,52.8,80.6,63.8,0.390625,0.32812499999999994,0.32812499999999994,4,0.41999999999999993,55.00000000000001,70.0,80.0,44.99999999999999,-10.000000000000014,35.00000000000001,15.545631755148026,70.0,35.0,80.0,65.0,-5.0,45.0,19.364916731037084,35.0,75.0,89.99999999999999,9.999999999999998,-25.0,79.99999999999999,36.62876829305985,55.00000000000001,70.0,35.0,0.8566279122159562,80.0,80.0,89.99999999999999,0.9528595479208969,,,,,44.99999999999999,65.0,9.999999999999998,0.7726969717169024,70.0,35.0,75.0,0.8220486957994781,32.0,0,0,3,68,31,3,1
R0180,80.0,77.5,71.25,76.5,74.375,62.5,72.85,80.0,95.0,44.99999999999999,,100.0,65.5,76.5,63.7,,85.7,0.6200000000000001,0.5521875,0.5700000000000001,4,0.5700000000000001,44.99999999999999,100.0,80.0,95.0,50.00000000000001,55.00000000000001,24.832774042918903,85.00000000000001,75.0,70.0,80.0,-5.000000000000014,15.000000000000014,6.454972243679033,65.0,95.0,55.00000000000001,70.0,5.0,39.99999999999999,17.01714821388511,44.99999999999999,85.00000000000001,65.0,0.8367006838144547,,,,,80.0,70.0,55.00000000000001,0.8972597666171838,95.0,80.0,70.0,0.8972597666171838,100.0,75.0,95.0,0.8919876550265357,24.0,0,2,0,26,23,6,4
R0181,44.0,29.75,41.49999999999999,43.0,35.625,70.0,45.45,25.0,50.0,50.0,65.0,30.000000000000004,37.25,45.2,43.6,53.8,47.4,0.1309,0.12346249999999998,0.18259999999999996,5,0.4149999999999999,50.0,30.000000000000004,45.0,50.0,0.0,19.999999999999996,9.464847243000454,25.0,50.0,29.375,15.000000000000002,-9.999999999999998,35.0,14.72291828805236,35.0,44.99999999999999,41.25,44.99999999999999,9.999999999999993,9.999999999999993,4.7186465220442155,50.0,25.0,35.0,0.8972597666171838,65.0,40.0,44.99999999999999,0.8919876550265357,25.0,18.75,37.5,0.9220488044422095,50.0,15.000000000000002,44.99999999999999,0.8454396917417383,30.000000000000004,50.0,44.99999999999999,0.9150163414401202,31.0,0,1,2,11,4,1,1
R0182,35.0,49.0,41.0,37.4,45.0,60.0,44.96,9.999999999999998,44.99999999999999,60.0,25.0,35.0,25.0,46.400000000000006,68.4,42.4,42.6,0.17149999999999999,0.2009,0.1435,5,0.41,60.0,35.0,17.5,44.99999999999999,-15.000000000000007,42.5,17.838978857173036,75.0,30.000000000000004,42.5,55.00000000000001,-19.999999999999993,45.0,19.18929823278242,75.0,44.99999999999999,25.0,35.0,-40.0,50.0,21.602468994692867,60.0,75.0,75.0,0.9292893218813453,25.0,50.0,40.0,0.8972597666171838,9.999999999999998,35.0,9.999999999999998,0.882148869802242,44.99999999999999,55.00000000000001,35.0,0.9183503419072274,35.0,30.000000000000004,44.99999999999999,0.9376390435537677,23.0,0,0,0,32,11,2,3
R0183,61.25,62.5,68.75,64.25,65.625,55.00000000000001,62.95,,75.0,30.000000000000004,65.0,75.0,,74.0,42.8,70.2,64.8,0.3828125,0.4296875,0.42109375000000004,4,0.55,30.000000000000004,75.0,65.0,75.0,45.0,45.0,21.360009363293827,60.0,80.0,65.0,44.99999999999999,-15.000000000000007,35.00000000000001,14.433756729740647,35.0,55.00000000000001,85.00000000000001,100.0,65.0,65.0,29.261749776799064,30.000000000000004,60.0,35.0,0.8687665354331365,65.0,65.0,85.00000000000001,0.9057190958417936,,,,,75.0,44.99999999999999,100.0,0.7751543739461326,75.0,80.0,55.00000000000001,0.8919876550265358,34.0,0,2,2,27,8,4,2
R0184,78.75,83.75,82.49999999999999,80.25,83.125,30.000000000000004,71.35,70.0,55.00000000000001,100.0,89.99999999999999,,75.2,49.8,82.4,77.99999999999999,,0.65953125,0.6909374999999999,0.6496874999999999,4,0.6599999999999999,100.0,,80.0,55.00000000000001,-44.99999999999999,44.99999999999999,22.546248764114466,100.0,,95.0,44.99999999999999,-55.00000000000001,55.00000000000001,30.413812651491103,89.99999999999999,,89.99999999999999,60.0,-29.999999999999986,29.999999999999986,17.320508075688764,100.0,100.0,89.99999999999999,0.9528595479208968,89.99999999999999,89.99999999999999,89.99999999999999,1.0,70.0,100.0,89.99999999999999,0.8752780871075353,55.00000000000001,44.99999999999999,60.0,0.9376390435537676,,,,,30.0,0,2,3,14,4,0,0
R0185,43.25,48.0,36.0,40.35,42.0,60.0,44.94,65.0,35.0,44.99999999999999,31.25,40.0,48.1,40.4,52.6,47.5,36.1,0.20759999999999998,0.17279999999999998,0.1557,5,0.36,44.99999999999999,40.0,48.125,35.0,-9.999999999999993,13.125,5.759389977824617,50.0,50.0,42.5,55.00000000000001,5.000000000000007,12.500000000000007,5.153882032022079,55.00000000000001,12.5,43.75,25.0,-30.000000000000007,42.50000000000001,18.9674886318669,44.99999999999999,50.0,55.00000000000001,0.9591751709536136,31.25,50.0,50.0,0.9116116523516815,65.0,35.0,37.5,0.8640874464141659,35.0,55.00000000000001,25.0,0.8752780871075353,40.0,50.0,12.5,0.841447520079663,22.0,0,2,1,10,7,4,2
R0186,49.25,52.0,36.0,43.95,44.0,60.0,47.18000000000001,56.25,50.0,40.0,75.0,25.0,48.1,52.0,56.400000000000006,49.8,29.6,0.2561,0.1872,0.17729999999999999,5,0.36,40.0,25.0,65.625,50.0,10.0,40.625,17.081110119563853,75.0,40.0,47.5,50.0,-25.0,35.0,15.189771777965154,55.00000000000001,9.999999999999998,32.5,50.0,-5.000000000000007,45.00000000000001,20.348525745124633,40.0,75.0,55.00000000000001,0.8566279122159562,75.0,44.99999999999999,30.000000000000004,0.8129171306613029,56.25,50.0,35.0,0.9108294393373637,50.0,50.0,50.0,1.0,25.0,40.0,9.999999999999998,0.877525512860841,27.0,0,2,0,8,1,6,4
R0187,31.25,33.4375,25.0,28.75,29.21875,40.0,31.1875,,9.999999999999998,50.0,40.0,25.0,,22.9,53.400000000000006,24.950000000000003,23.5,0.1044921875,0.08359375,0.078125,4,0.2,50.0,25.0,40.0,9.999999999999998,-40.0,40.0,17.5,50.0,25.0,18.75,40.0,-10.0,31.25,14.192684441875915,65.0,12.5,9.999999999999998,12.5,-52.5,55.0,26.692695630078276,50.0,50.0,65.0,0.9292893218813453,40.0,18.75,9.999999999999998,0.8740315295180752,,,,,9.999999999999998,40.0,12.5,0.8640874464141659,25.0,25.0,12.5,0.9410744349011211,41.0,0,3,0,23,19,2,3
R0188,43.75,39.0,54.5,48.05,46.75,55.00000000000001,48.92,44.99999999999999,15.000000000000002,80.0,35.0,43.75,49.6,43.2,61.45,47.650000000000006,42.7,0.170625,0.21255000000000002,0.23843750000000002,5,0.545,80.0,43.75,40.0,15.000000000000002,-65.0,65.0,26.777925454871717,55.00000000000001,25.0,40.0,35.0,-20.000000000000007,30.000000000000007,12.500000000000004,56.25,44.99999999999999,55.625,60.0,3.75,15.000000000000007,6.442352540027598,80.0,55.00000000000001,56.25,0.8849818854846478,35.0,40.0,56.25,0.9092852455955115,44.99999999999999,40.0,55.00000000000001,0.9376390435537676,15.000000000000002,35.0,60.0,0.8159106497135457,43.75,25.0,44.99999999999999,0.9085229233329161,44.0,1,1,2,18,2,2,3
R0189,65.0,64.375,65.0,65.0,64.6875,81.25,68.125,,75.0,35.0,80.0,70.0,,63.25,64.15,87.45,57.650000000000006,0.4184375,0.4184375,0.42250000000000004,4,0.52,35.0,70.0,80.0,75.0,40.0,45.0,20.412414523193153,62.5,60.0,80.0,55.00000000000001,-7.499999999999993,24.999999999999993,10.87332362558324,75.0,35.0,100.0,50.0,-25.0,65.0,28.577380332470412,35.0,62.5,75.0,0.8329171862019715,80.0,80.0,100.0,0.9057190958417937,,,,,75.0,55.00000000000001,50.0,0.8919876550265357,70.0,60.0,35.0,0.8528039855612025,35.0,0,2,1,71,65,4,2
R0190,35.3125,22.5,40.3125,37.3125,31.40625,50.0,37.4875,,55.00000000000001,25.0,31.25,30.000000000000004,,33.400000000000006,40.25,30.700000000000003,45.6,0.07945312500000001,0.09070312500000001,0.142353515625,4,0.3225,25.0,30.000000000000004,31.25,55.00000000000001,30.000000000000007,30.000000000000007,13.399898942405004,20.0,25.0,30.000000000000004,15.000000000000002,-4.999999999999998,15.000000000000002,6.454972243679029,56.25,65.0,20.0,20.0,-36.25,45.0,23.725316120127882,25.0,20.0,56.25,0.839596862042332,31.25,30.000000000000004,20.0,0.9496539751100226,,,,,55.00000000000001,15.000000000000002,20.0,0.8220486957994781,30.000000000000004,25.0,65.0,0.8220486957994781,48.0,0,2,0,127,69,0,0
R0191,20.0,26.0,33.0,25.2,29.5,75.0,36.88,35.0,0.0,30.000000000000004,15.000000000000002,20.0,51.400000000000006,15.0,46.4,33.4,38.2,0.052000000000000005,0.0858,0.066,5,0.33,30.000000000000004,20.0,25.0,0.0,-30.000000000000004,30.000000000000004,13.149778198382919,40.0,20.0,35.0,0.0,-40.0,40.0,17.969882210706523,44.99999999999999,40.0,40.0,0.0,-44.99999999999999,44.99999999999999,20.966242709015205,30.000000000000004,40.0,44.99999999999999,0.9376390435537677,15.000000000000002,20.0,30.000000000000004,0.9376390435537676,35.0,50.0,50.0,0.9292893218813453,0.0,0.0,0.0,1.0,20.0,20.0,40.0,0.9057190958417937,40.0,0,2,4,4,1,6,4
R0192,47.5,51.75,68.0,55.7,59.875,44.99999999999999,55.23,50.0,18.75,50.0,75.0,43.75,64.8,59.5,44.2,52.8,54.85,0.24581249999999996,0.3519,0.323,5,0.68,50.0,43.75,62.5,18.75,-31.25,43.75,18.39950180484968,35.0,68.75,52.5,50.0,15.0,33.75,13.820840242184989,44.99999999999999,60.0,67.5,100.0,55.00000000000001,55.00000000000001,23.21771952625839,50.0,35.0,44.99999999999999,0.9376390435537677,75.0,30.000000000000004,55.00000000000001,0.8159106497135457,50.0,75.0,80.0,0.8687665354331365,18.75,50.0,100.0,0.665367116578979,43.75,68.75,60.0,0.8964183092111996,47.0,0,0,3,26,6,5,0
R0193,36.25,40.0,38.75,37.25,36.66666666666666,50.0,39.56666666666666,,25.0,50.0,50.0,20.0,,44.2,34.4,,34.2,0.145,0.15500000000000003,0.14046875,4,0.31000000000000005,50.0,20.0,50.0,25.0,-25.0,30.0,16.00781059358212,35.0,25.0,,60.0,25.0,35.0,18.027756377319946,15.000000000000002,40.0,55.00000000000001,44.99999999999999,29.999999999999993,40.00000000000001,17.017148213885115,50.0,35.0,15.000000000000002,0.8566279122159562,50.0,,55.00000000000001,,,,,,25.0,60.0,44.99999999999999,0.8566279122159562,20.0,25.0,40.0,0.9150163414401202,40.0,0,1,2,6,2,4,2
R0194,58.75,61.25,36.875,50.0,49.0625,75.0,54.625,,80.0,55.00000000000001,44.99999999999999,55.00000000000001,,63.6,64.8,39.3,50.8,0.35984375,0.22585937500000003,0.21664062500000003,4,0.29500000000000004,55.00000000000001,55.00000000000001,44.99999999999999,80.0,24.999999999999993,35.00000000000001,14.9303940559741,75.0,50.0,44.99999999999999,75.0,0.0,30.000000000000007,16.007810593582125,60.0,35.0,12.5,40.0,-20.0,47.5,19.512282456613494,55.00000000000001,75.0,60.0,0.9150163414401202,44.99999999999999,44.99999999999999,12.5,0.8467935307429147,,,,,80.0,75.0,40.0,0.8220486957994781,55.00000000000001,50.0,35.0,0.9150163414401202,19.0,0,1,0,11,8,6,4
R0195,69.0625,58.75,56.5625,64.0625,57.65625,55.00000000000001,59.6875,,89.99999999999999,31.25,85.00000000000001,70.0,,63.85,47.5,71.00000000000001,56.400000000000006,0.4057421875,0.33230468750000003,0.39063476562500005,4,0.45250000000000007,31.25,70.0,85.00000000000001,89.99999999999999,58.749999999999986,58.749999999999986,26.60229861622237,55.00000000000001,80.0,44.99999999999999,55.00000000000001,0.0,35.00000000000001,14.9303940559741,50.0,35.0,85.00000000000001,56.25,6.25,50.000000000000014,20.95071100623239,31.25,55.00000000000001,50.0,0.8977679654467892,85.00000000000001,44.99999999999999,85.00000000000001,0.8114381916835872,,,,,89.99999999999999,55.00000000000001,56.25,0.8378743628471358,70.0,80.0,35.0,0.8070693849534962,20.0,0,2,1,3,2,5,0
R0196,25.3125,44.0625,43.75,32.6875,43.90625,50.0,40.6375,,31.25,20.0,35.0,15.000000000000002,,27.1,44.05,51.8,39.6,0.111533203125,0.1927734375,0.11074218749999999,4,0.35000000000000003,20.0,15.000000000000002,35.0,31.25,11.25,20.0,9.375,56.25,40.0,50.0,30.000000000000004,-26.249999999999996,26.249999999999996,11.518779955649237,50.0,50.0,65.0,9.999999999999998,-40.0,55.0,23.58495283014151,20.0,56.25,50.0,0.8417763537829372,35.0,50.0,65.0,0.8775255128608411,,,,,31.25,30.000000000000004,9.999999999999998,0.9026389879537673,15.000000000000002,40.0,50.0,0.8528039855612025,21.0,0,1,0,41,35,2,3
R0198,32.0,41.0,32.25,32.1,36.625,43.75,36.24,43.75,25.0,50.0,9.999999999999998,31.25,40.85,32.35,54.75,33.75,19.5,0.13119999999999998,0.132225,0.1032,5,0.3225,50.0,31.25,26.875,25.0,-25.0,25.0,11.449333586865803,80.0,4.999999999999999,47.5,25.0,-55.0,75.0,32.16979691159602,50.0,6.25,35.0,35.0,-15.0,43.75,18.296601460380558,50.0,80.0,50.0,0.8585786437626906,9.999999999999998,50.0,35.0,0.8350084177231389,43.75,44.99999999999999,35.0,0.9555121739498695,25.0,25.0,35.0,0.9528595479208969,31.25,4.999999999999999,6.25,0.8790948489287758,27.0,0,1,4,12,6,5,0
R0199,49.0625,26.25,28.75,40.9375,27.5,70.0,41.375,,6.25,65.0,60.0,65.0,,22.1,51.2,52.6,39.6,0.1287890625,0.07546875,0.14105468749999997,4,0.22999999999999998,65.0,65.0,60.0,6.25,-58.75,58.75,28.638824900241048,44.99999999999999,4.999999999999999,40.0,15.000000000000002,-29.999999999999993,39.99999999999999,19.31105037709411,35.0,25.0,44.99999999999999,9.999999999999998,-25.0,34.99999999999999,14.930394055974096,65.0,44.99999999999999,35.0,0.8752780871075353,60.0,40.0,44.99999999999999,0.9150163414401202,,,,,6.25,15.000000000000002,9.999999999999998,0.964156978053989,65.0,4.999999999999999,25.0,0.7505561742150706,25.0,0,0,4,13,4,4,2
R0200,56.5625,55.0,66.25,60.4375,60.625,20.0,52.425,75.0,70.0,31.25,,50.0,52.6,70.2,34.1,,52.8,0.31109375000000006,0.364375,0.3747265625,4,0.53,31.25,50.0,75.0,70.0,38.75,43.75,20.035775294873584,50.0,40.0,44.99999999999999,85.00000000000001,35.000000000000014,45.000000000000014,20.41241452319316,35.0,80.0,60.0,89.99999999999999,54.999999999999986,54.999999999999986,24.28133714055577,31.25,50.0,35.0,0.9189907412699018,,,,,75.0,44.99999999999999,60.0,0.877525512860841,70.0,85.00000000000001,89.99999999999999,0.9150163414401202,50.0,40.0,80.0,0.8300326828802405,19.0,0,1,2,3,1,1,1
